{
  "hw": "mi355x",
  "conc": 64,
  "image": "vllm/vllm-openai-rocm:v0.21.0",
  "model": "moonshotai/Kimi-K2.5",
  "infmax_model_prefix": "kimik2.5",
  "framework": "vllm",
  "precision": "int4",
  "spec_decoding": "mtp",
  "disagg": false,
  "isl": 8192,
  "osl": 1024,
  "is_multinode": false,
  "tp": 8,
  "ep": 1,
  "dp_attention": "false",
  "tput_per_gpu": 234.47462632067425,
  "output_tput_per_gpu": 26.012913447290337,
  "input_tput_per_gpu": 208.4617128733839,
  "mean_ttft": 3.5387877310738984,
  "median_ttft": 2.347470808424987,
  "std_ttft": 4.52866748357006,
  "p90_ttft": 3.6587272920412945,
  "p99_ttft": 25.79388037742116,
  "p99.9_ttft": 28.397427798619727,
  "mean_tpot": 0.30013553021912454,
  "mean_intvty": 3.3318281220151267,
  "median_tpot": 0.3016637719870209,
  "median_intvty": 3.3149489360725264,
  "std_tpot": 0.01439409824287786,
  "std_intvty": 69.47291751984504,
  "p90_tpot": 0.3124291144886312,
  "p90_intvty": 3.2007260323249693,
  "p99_tpot": 0.32177350071438354,
  "p99_intvty": 3.1077761151240106,
  "p99.9_tpot": 0.32242130872521874,
  "p99.9_intvty": 3.101531979861303,
  "mean_itl": 0.8444108242707054,
  "median_itl": 0.9269225811585784,
  "std_itl": 0.21004730136701127,
  "p90_itl": 0.9946523516904563,
  "p99_itl": 1.0583927777037025,
  "p99.9_itl": 1.2031947516985237,
  "mean_e2el": 279.75744258679623,
  "median_e2el": 281.4197772970656,
  "std_e2el": 21.168393203239678,
  "p90_e2el": 305.2446713494137,
  "p99_e2el": 326.36923735923835,
  "p99.9_e2el": 336.69089625186257
}