{
  "hw": "mi355x",
  "conc": 4,
  "image": "vllm/vllm-openai-rocm:v0.21.0",
  "model": "moonshotai/Kimi-K2.5",
  "infmax_model_prefix": "kimik2.5",
  "framework": "vllm",
  "precision": "int4",
  "spec_decoding": "mtp",
  "disagg": false,
  "isl": 1024,
  "osl": 1024,
  "is_multinode": false,
  "tp": 8,
  "ep": 1,
  "dp_attention": "false",
  "tput_per_gpu": 55.62670336516291,
  "output_tput_per_gpu": 27.678011491816765,
  "input_tput_per_gpu": 27.948691873346146,
  "mean_ttft": 0.3170863160688896,
  "median_ttft": 0.2969768075272441,
  "std_ttft": 0.0725235775538713,
  "p90_ttft": 0.3538684876635672,
  "p99_ttft": 0.5859901384473777,
  "p99.9_ttft": 0.6591278487213433,
  "mean_tpot": 0.017294128568510713,
  "mean_intvty": 57.82309273569342,
  "median_tpot": 0.017393898241078155,
  "median_intvty": 57.49142521935413,
  "std_tpot": 0.0007068954562863091,
  "std_intvty": 1414.636338523835,
  "p90_tpot": 0.018132639238317854,
  "p90_intvty": 55.14916978477144,
  "p99_tpot": 0.018459965544077445,
  "p99_intvty": 54.17128204341814,
  "p99.9_tpot": 0.018499183218996774,
  "p99.9_intvty": 54.056440663450594,
  "mean_itl": 0.04869889880906398,
  "median_itl": 0.04425954492762685,
  "std_itl": 0.01956802874721226,
  "p90_itl": 0.06682122603524476,
  "p99_itl": 0.17026271915528923,
  "p99.9_itl": 0.2516422391461674,
  "mean_e2el": 16.17588243483915,
  "median_e2el": 16.2612041993998,
  "std_e2el": 1.311820483148969,
  "p90_e2el": 17.897407873393966,
  "p99_e2el": 18.32380557443248,
  "p99.9_e2el": 18.445460162415404
}