{
  "hw": "mi355x",
  "conc": 32,
  "image": "vllm/vllm-openai-rocm:v0.21.0",
  "model": "moonshotai/Kimi-K2.5",
  "infmax_model_prefix": "kimik2.5",
  "framework": "vllm",
  "precision": "int4",
  "spec_decoding": "mtp",
  "disagg": false,
  "isl": 8192,
  "osl": 1024,
  "is_multinode": false,
  "tp": 8,
  "ep": 1,
  "dp_attention": "false",
  "tput_per_gpu": 157.12165563281164,
  "output_tput_per_gpu": 17.57057269511527,
  "input_tput_per_gpu": 139.55108293769638,
  "mean_ttft": 2.509421745484724,
  "median_ttft": 1.816827566944994,
  "std_ttft": 2.4356343032624284,
  "p90_ttft": 2.872078464948573,
  "p99_ttft": 14.490030684259256,
  "p99.9_ttft": 15.443533379666526,
  "mean_tpot": 0.2241063620785443,
  "mean_intvty": 4.46216694039914,
  "median_tpot": 0.23031720386957874,
  "median_intvty": 4.3418380529066685,
  "std_tpot": 0.027791359278082593,
  "std_intvty": 35.98240697743205,
  "p90_tpot": 0.23992848801135866,
  "p90_intvty": 4.167908564291282,
  "p99_tpot": 0.2488943170008848,
  "p99_intvty": 4.017769517800782,
  "p99.9_tpot": 0.2501613213209155,
  "p99.9_intvty": 3.997420523363665,
  "mean_itl": 0.6301551175580624,
  "median_itl": 0.6592198834987357,
  "std_itl": 0.1346231322066239,
  "p90_itl": 0.7198493110015989,
  "p99_itl": 0.792621582292486,
  "p99.9_itl": 0.9985961541803554,
  "mean_e2el": 209.495685253392,
  "median_e2el": 215.19261913583614,
  "std_e2el": 28.466121364192578,
  "p90_e2el": 234.43915712875315,
  "p99_e2el": 246.09537068210076,
  "p99.9_e2el": 253.66836722957274
}