{
  "total_records": 29314,
  "valid_records": 29314,
  "parse_errors": 0,
  "tool_use_count": 24804,
  "turn_stats": {
    "min": 0,
    "max": 655,
    "mean": 19.477621614245752,
    "median": 13.0,
    "std": 37.82985009428129,
    "percentiles": {
      "25": 3.0,
      "50": 13.0,
      "75": 25.0,
      "90": 39.70000000000073,
      "95": 56.0,
      "99": 116.0
    }
  },
  "message_stats": {
    "min": 0,
    "max": 1311,
    "mean": 39.941017943644674,
    "median": 27.0
  }
}