sm_a,sm_b,mean_abs_diff,gpc_a,gpc_b
144,144,0.0,9,9
144,145,81.1,9,9
144,146,71.6,9,10
144,147,84.0,9,10
144,142,95.0,9,8
144,143,74.5,9,8
144,0,85.7,9,0
144,1,82.1,9,0
144,16,89.3,9,0
144,17,83.9,9,0
144,32,85.7,9,0
144,33,65.3,9,0
144,48,79.9,9,0
144,49,80.5,9,0
144,64,89.0,9,0
144,65,93.0,9,0
144,2,264.0,9,2
144,3,262.5,9,2
144,18,266.4,9,2
144,19,261.9,9,2
144,34,265.8,9,2
144,35,267.3,9,2
144,50,269.8,9,2
144,51,263.1,9,2
144,66,266.3,9,2
144,67,269.8,9,2
144,80,269.8,9,2
144,81,263.8,9,2
144,94,271.1,9,2
144,95,267.9,9,2
144,108,272.2,9,2
144,109,272.6,9,2
144,122,269.0,9,2
144,123,273.0,9,2
144,4,269.5,9,3
144,5,277.7,9,3
144,20,276.3,9,3
144,21,269.8,9,3
144,36,280.1,9,3
144,37,277.3,9,3
144,52,270.7,9,3
144,53,281.0,9,3
144,68,273.1,9,3
144,69,277.8,9,3
144,82,281.6,9,3
144,83,266.3,9,3
144,96,271.1,9,3
144,97,266.2,9,3
144,110,272.0,9,3
144,111,271.6,9,3
144,124,270.4,9,3
144,125,275.8,9,3
144,6,274.6,9,4
144,7,270.6,9,4
144,22,270.3,9,4
144,23,275.9,9,4
144,38,273.8,9,4
144,39,271.2,9,4
144,54,275.4,9,4
144,55,276.4,9,4
144,70,274.9,9,4
144,71,274.9,9,4
144,84,272.5,9,4
144,85,266.4,9,4
144,98,268.8,9,4
144,99,270.2,9,4
144,112,269.1,9,4
144,113,269.2,9,4
144,126,269.2,9,4
144,127,265.7,9,4
144,8,84.2,9,5
144,9,93.0,9,5
144,24,102.6,9,5
144,25,91.4,9,5
144,40,89.2,9,5
144,41,81.1,9,5
144,56,91.9,9,5
144,57,96.0,9,5
144,72,86.6,9,5
144,73,85.7,9,5
144,86,84.2,9,5
144,87,88.5,9,5
144,100,86.1,9,5
144,101,86.1,9,5
144,114,88.0,9,5
144,115,88.1,9,5
144,128,86.5,9,5
144,129,93.4,9,5
144,10,269.4,9,1
144,11,267.7,9,1
144,26,269.3,9,1
144,27,267.2,9,1
144,42,263.3,9,1
144,43,262.9,9,1
144,58,269.4,9,1
144,59,267.0,9,1
144,74,266.1,9,1
144,75,266.8,9,1
144,88,265.2,9,1
144,89,274.4,9,1
144,102,265.9,9,1
144,103,274.6,9,1
144,116,274.3,9,1
144,117,265.4,9,1
144,130,272.8,9,1
144,131,267.3,9,1
144,136,265.2,9,1
144,137,269.2,9,1
144,12,95.2,9,6
144,13,84.9,9,6
144,28,88.1,9,6
144,29,87.9,9,6
144,44,89.9,9,6
144,45,102.7,9,6
144,60,87.6,9,6
144,61,84.9,9,6
144,76,92.5,9,6
144,77,96.1,9,6
144,90,104.9,9,6
144,91,89.5,9,6
144,104,79.4,9,6
144,105,97.2,9,6
144,118,93.5,9,6
144,119,85.1,9,6
144,132,86.2,9,6
144,133,87.7,9,6
144,138,76.9,9,6
144,139,76.7,9,6
144,14,91.7,9,7
144,15,87.8,9,7
144,30,96.5,9,7
144,31,83.9,9,7
144,46,94.1,9,7
144,47,90.2,9,7
144,62,87.4,9,7
144,63,94.6,9,7
144,78,83.8,9,7
144,79,87.2,9,7
144,92,92.0,9,7
144,93,89.6,9,7
144,106,82.2,9,7
144,107,91.2,9,7
144,120,86.1,9,7
144,121,80.4,9,7
144,134,84.2,9,7
144,135,76.2,9,7
144,140,69.1,9,7
144,141,83.3,9,7
145,144,81.1,9,9
145,145,0.0,9,9
145,146,78.9,9,10
145,147,87.9,9,10
145,142,92.6,9,8
145,143,82.8,9,8
145,0,84.0,9,0
145,1,87.3,9,0
145,16,85.6,9,0
145,17,81.9,9,0
145,32,79.4,9,0
145,33,86.5,9,0
145,48,83.4,9,0
145,49,91.2,9,0
145,64,77.8,9,0
145,65,84.5,9,0
145,2,254.3,9,2
145,3,251.7,9,2
145,18,259.0,9,2
145,19,255.4,9,2
145,34,257.1,9,2
145,35,260.6,9,2
145,50,262.2,9,2
145,51,250.5,9,2
145,66,258.2,9,2
145,67,261.2,9,2
145,80,263.0,9,2
145,81,254.2,9,2
145,94,263.8,9,2
145,95,260.7,9,2
145,108,265.1,9,2
145,109,264.8,9,2
145,122,263.1,9,2
145,123,266.6,9,2
145,4,259.6,9,3
145,5,270.3,9,3
145,20,268.5,9,3
145,21,260.3,9,3
145,36,273.3,9,3
145,37,271.9,9,3
145,52,259.1,9,3
145,53,273.3,9,3
145,68,264.1,9,3
145,69,270.0,9,3
145,82,274.1,9,3
145,83,256.1,9,3
145,96,262.9,9,3
145,97,259.3,9,3
145,110,265.1,9,3
145,111,264.0,9,3
145,124,262.3,9,3
145,125,268.4,9,3
145,6,268.2,9,4
145,7,262.8,9,4
145,22,261.1,9,4
145,23,267.9,9,4
145,38,266.9,9,4
145,39,264.0,9,4
145,54,268.0,9,4
145,55,268.0,9,4
145,70,267.5,9,4
145,71,265.3,9,4
145,84,265.1,9,4
145,85,253.9,9,4
145,98,263.2,9,4
145,99,262.4,9,4
145,112,259.3,9,4
145,113,260.4,9,4
145,126,260.2,9,4
145,127,256.2,9,4
145,8,86.8,9,5
145,9,90.9,9,5
145,24,79.0,9,5
145,25,91.3,9,5
145,40,92.9,9,5
145,41,89.5,9,5
145,56,95.7,9,5
145,57,96.1,9,5
145,72,86.6,9,5
145,73,88.9,9,5
145,86,88.7,9,5
145,87,92.3,9,5
145,100,93.1,9,5
145,101,92.7,9,5
145,114,93.5,9,5
145,115,86.7,9,5
145,128,92.0,9,5
145,129,89.4,9,5
145,10,261.9,9,1
145,11,261.1,9,1
145,26,261.3,9,1
145,27,258.1,9,1
145,42,254.0,9,1
145,43,257.6,9,1
145,58,262.1,9,1
145,59,258.8,9,1
145,74,259.2,9,1
145,75,258.1,9,1
145,88,262.0,9,1
145,89,269.3,9,1
145,102,257.0,9,1
145,103,268.2,9,1
145,116,267.8,9,1
145,117,255.7,9,1
145,130,264.5,9,1
145,131,259.9,9,1
145,136,259.2,9,1
145,137,262.1,9,1
145,12,80.9,9,6
145,13,92.0,9,6
145,28,89.7,9,6
145,29,84.4,9,6
145,44,69.4,9,6
145,45,76.6,9,6
145,60,79.9,9,6
145,61,84.4,9,6
145,76,84.9,9,6
145,77,88.7,9,6
145,90,84.9,9,6
145,91,77.3,9,6
145,104,76.7,9,6
145,105,81.1,9,6
145,118,80.1,9,6
145,119,81.4,9,6
145,132,73.6,9,6
145,133,81.9,9,6
145,138,82.5,9,6
145,139,81.9,9,6
145,14,87.6,9,7
145,15,89.3,9,7
145,30,89.8,9,7
145,31,87.2,9,7
145,46,88.0,9,7
145,47,94.3,9,7
145,62,89.9,9,7
145,63,87.6,9,7
145,78,89.1,9,7
145,79,91.3,9,7
145,92,92.4,9,7
145,93,82.4,9,7
145,106,94.6,9,7
145,107,77.8,9,7
145,120,81.5,9,7
145,121,88.3,9,7
145,134,85.5,9,7
145,135,90.4,9,7
145,140,84.9,9,7
145,141,85.6,9,7
146,144,71.6,10,9
146,145,78.9,10,9
146,146,0.0,10,10
146,147,69.8,10,10
146,142,72.0,10,8
146,143,68.3,10,8
146,0,69.8,10,0
146,1,69.5,10,0
146,16,74.5,10,0
146,17,75.0,10,0
146,32,73.9,10,0
146,33,64.2,10,0
146,48,64.3,10,0
146,49,79.6,10,0
146,64,86.1,10,0
146,65,89.9,10,0
146,2,266.9,10,2
146,3,265.1,10,2
146,18,269.4,10,2
146,19,266.3,10,2
146,34,270.2,10,2
146,35,271.0,10,2
146,50,272.2,10,2
146,51,269.8,10,2
146,66,268.8,10,2
146,67,273.6,10,2
146,80,272.0,10,2
146,81,268.7,10,2
146,94,273.2,10,2
146,95,271.7,10,2
146,108,274.9,10,2
146,109,275.1,10,2
146,122,274.0,10,2
146,123,275.5,10,2
146,4,273.9,10,3
146,5,279.4,10,3
146,20,278.7,10,3
146,21,273.3,10,3
146,36,282.0,10,3
146,37,281.3,10,3
146,52,272.4,10,3
146,53,282.5,10,3
146,68,276.0,10,3
146,69,278.5,10,3
146,82,282.8,10,3
146,83,269.3,10,3
146,96,275.1,10,3
146,97,270.8,10,3
146,110,274.3,10,3
146,111,275.0,10,3
146,124,273.5,10,3
146,125,277.4,10,3
146,6,277.7,10,4
146,7,273.2,10,4
146,22,272.6,10,4
146,23,277.1,10,4
146,38,276.6,10,4
146,39,274.4,10,4
146,54,277.8,10,4
146,55,277.5,10,4
146,70,276.8,10,4
146,71,278.4,10,4
146,84,274.3,10,4
146,85,270.6,10,4
146,98,271.4,10,4
146,99,271.0,10,4
146,112,270.7,10,4
146,113,271.3,10,4
146,126,270.4,10,4
146,127,268.6,10,4
146,8,71.3,10,5
146,9,72.9,10,5
146,24,90.0,10,5
146,25,74.3,10,5
146,40,72.0,10,5
146,41,80.3,10,5
146,56,76.8,10,5
146,57,81.9,10,5
146,72,75.4,10,5
146,73,76.0,10,5
146,86,69.3,10,5
146,87,72.7,10,5
146,100,72.0,10,5
146,101,82.5,10,5
146,114,83.0,10,5
146,115,76.1,10,5
146,128,76.5,10,5
146,129,77.0,10,5
146,10,270.9,10,1
146,11,270.3,10,1
146,26,271.3,10,1
146,27,269.9,10,1
146,42,266.0,10,1
146,43,268.3,10,1
146,58,271.6,10,1
146,59,270.8,10,1
146,74,270.2,10,1
146,75,270.9,10,1
146,88,272.8,10,1
146,89,276.7,10,1
146,102,268.6,10,1
146,103,276.6,10,1
146,116,275.6,10,1
146,117,268.4,10,1
146,130,274.7,10,1
146,131,270.0,10,1
146,136,269.4,10,1
146,137,271.5,10,1
146,12,91.7,10,6
146,13,79.8,10,6
146,28,75.6,10,6
146,29,72.2,10,6
146,44,85.9,10,6
146,45,102.4,10,6
146,60,84.2,10,6
146,61,78.9,10,6
146,76,96.6,10,6
146,77,83.3,10,6
146,90,91.2,10,6
146,91,85.3,10,6
146,104,75.5,10,6
146,105,92.5,10,6
146,118,79.8,10,6
146,119,76.6,10,6
146,132,81.1,10,6
146,133,84.7,10,6
146,138,76.5,10,6
146,139,71.8,10,6
146,14,82.0,10,7
146,15,85.1,10,7
146,30,83.9,10,7
146,31,76.3,10,7
146,46,79.2,10,7
146,47,88.9,10,7
146,62,78.9,10,7
146,63,83.7,10,7
146,78,73.0,10,7
146,79,73.7,10,7
146,92,78.9,10,7
146,93,80.7,10,7
146,106,75.1,10,7
146,107,78.7,10,7
146,120,87.3,10,7
146,121,66.3,10,7
146,134,73.3,10,7
146,135,73.1,10,7
146,140,73.5,10,7
146,141,70.0,10,7
147,144,84.0,10,9
147,145,87.9,10,9
147,146,69.8,10,10
147,147,0.0,10,10
147,142,61.7,10,8
147,143,65.9,10,8
147,0,73.2,10,0
147,1,72.4,10,0
147,16,73.0,10,0
147,17,75.9,10,0
147,32,76.6,10,0
147,33,74.2,10,0
147,48,74.9,10,0
147,49,83.2,10,0
147,64,75.8,10,0
147,65,91.6,10,0
147,2,263.0,10,2
147,3,261.5,10,2
147,18,265.9,10,2
147,19,263.3,10,2
147,34,265.6,10,2
147,35,267.8,10,2
147,50,268.7,10,2
147,51,262.8,10,2
147,66,265.2,10,2
147,67,268.7,10,2
147,80,269.1,10,2
147,81,263.4,10,2
147,94,270.2,10,2
147,95,268.5,10,2
147,108,272.9,10,2
147,109,272.9,10,2
147,122,270.1,10,2
147,123,274.1,10,2
147,4,270.6,10,3
147,5,276.6,10,3
147,20,275.5,10,3
147,21,269.2,10,3
147,36,279.3,10,3
147,37,278.5,10,3
147,52,267.9,10,3
147,53,278.8,10,3
147,68,272.0,10,3
147,69,275.6,10,3
147,82,280.8,10,3
147,83,266.3,10,3
147,96,271.6,10,3
147,97,268.0,10,3
147,110,272.0,10,3
147,111,273.0,10,3
147,124,269.7,10,3
147,125,275.6,10,3
147,6,275.5,10,4
147,7,269.5,10,4
147,22,269.2,10,4
147,23,275.5,10,4
147,38,274.5,10,4
147,39,272.0,10,4
147,54,275.7,10,4
147,55,273.6,10,4
147,70,274.8,10,4
147,71,275.8,10,4
147,84,272.2,10,4
147,85,265.7,10,4
147,98,269.6,10,4
147,99,267.6,10,4
147,112,265.1,10,4
147,113,268.1,10,4
147,126,267.0,10,4
147,127,265.5,10,4
147,8,82.4,10,5
147,9,82.4,10,5
147,24,90.4,10,5
147,25,83.3,10,5
147,40,77.4,10,5
147,41,83.1,10,5
147,56,87.7,10,5
147,57,76.0,10,5
147,72,85.9,10,5
147,73,85.0,10,5
147,86,80.7,10,5
147,87,79.1,10,5
147,100,86.8,10,5
147,101,90.1,10,5
147,114,87.8,10,5
147,115,85.3,10,5
147,128,84.0,10,5
147,129,87.5,10,5
147,10,268.7,10,1
147,11,268.5,10,1
147,26,268.0,10,1
147,27,265.9,10,1
147,42,262.1,10,1
147,43,264.3,10,1
147,58,268.3,10,1
147,59,267.5,10,1
147,74,268.4,10,1
147,75,268.2,10,1
147,88,270.9,10,1
147,89,275.6,10,1
147,102,265.9,10,1
147,103,274.7,10,1
147,116,273.9,10,1
147,117,264.6,10,1
147,130,272.0,10,1
147,131,267.1,10,1
147,136,265.2,10,1
147,137,268.2,10,1
147,12,95.1,10,6
147,13,82.7,10,6
147,28,73.4,10,6
147,29,82.3,10,6
147,44,87.2,10,6
147,45,95.3,10,6
147,60,90.3,10,6
147,61,85.9,10,6
147,76,98.1,10,6
147,77,82.0,10,6
147,90,90.7,10,6
147,91,79.6,10,6
147,104,81.9,10,6
147,105,75.9,10,6
147,118,86.0,10,6
147,119,81.2,10,6
147,132,86.8,10,6
147,133,86.9,10,6
147,138,75.1,10,6
147,139,76.9,10,6
147,14,78.9,10,7
147,15,87.7,10,7
147,30,89.9,10,7
147,31,81.4,10,7
147,46,83.6,10,7
147,47,77.1,10,7
147,62,78.6,10,7
147,63,81.2,10,7
147,78,82.2,10,7
147,79,74.2,10,7
147,92,82.3,10,7
147,93,84.3,10,7
147,106,86.3,10,7
147,107,87.5,10,7
147,120,87.7,10,7
147,121,88.3,10,7
147,134,76.7,10,7
147,135,85.9,10,7
147,140,84.5,10,7
147,141,80.2,10,7
142,144,95.0,8,9
142,145,92.6,8,9
142,146,72.0,8,10
142,147,61.7,8,10
142,142,0.0,8,8
142,143,68.6,8,8
142,0,72.4,8,0
142,1,69.1,8,0
142,16,68.7,8,0
142,17,77.2,8,0
142,32,75.9,8,0
142,33,81.1,8,0
142,48,68.4,8,0
142,49,86.5,8,0
142,64,85.5,8,0
142,65,95.3,8,0
142,2,266.6,8,2
142,3,263.9,8,2
142,18,269.9,8,2
142,19,267.5,8,2
142,34,269.9,8,2
142,35,271.6,8,2
142,50,272.1,8,2
142,51,267.8,8,2
142,66,268.8,8,2
142,67,272.3,8,2
142,80,271.9,8,2
142,81,268.6,8,2
142,94,273.3,8,2
142,95,271.7,8,2
142,108,275.0,8,2
142,109,275.5,8,2
142,122,272.7,8,2
142,123,276.5,8,2
142,4,273.6,8,3
142,5,279.5,8,3
142,20,277.1,8,3
142,21,272.4,8,3
142,36,282.6,8,3
142,37,282.0,8,3
142,52,269.7,8,3
142,53,281.9,8,3
142,68,274.8,8,3
142,69,277.4,8,3
142,82,283.4,8,3
142,83,267.8,8,3
142,96,275.3,8,3
142,97,270.2,8,3
142,110,274.8,8,3
142,111,276.1,8,3
142,124,272.4,8,3
142,125,277.9,8,3
142,6,278.8,8,4
142,7,272.4,8,4
142,22,271.4,8,4
142,23,278.4,8,4
142,38,277.5,8,4
142,39,275.6,8,4
142,54,278.5,8,4
142,55,275.5,8,4
142,70,277.2,8,4
142,71,278.7,8,4
142,84,274.2,8,4
142,85,268.5,8,4
142,98,271.7,8,4
142,99,269.6,8,4
142,112,266.6,8,4
142,113,271.0,8,4
142,126,269.2,8,4
142,127,267.7,8,4
142,8,79.2,8,5
142,9,84.3,8,5
142,24,86.0,8,5
142,25,84.8,8,5
142,40,78.2,8,5
142,41,84.9,8,5
142,56,82.1,8,5
142,57,69.8,8,5
142,72,81.0,8,5
142,73,83.3,8,5
142,86,77.5,8,5
142,87,80.4,8,5
142,100,84.6,8,5
142,101,86.6,8,5
142,114,86.3,8,5
142,115,83.0,8,5
142,128,80.2,8,5
142,129,89.3,8,5
142,10,271.3,8,1
142,11,271.4,8,1
142,26,271.3,8,1
142,27,268.9,8,1
142,42,265.7,8,1
142,43,268.2,8,1
142,58,270.0,8,1
142,59,269.9,8,1
142,74,271.4,8,1
142,75,271.0,8,1
142,88,275.2,8,1
142,89,278.0,8,1
142,102,267.4,8,1
142,103,277.2,8,1
142,116,276.9,8,1
142,117,267.5,8,1
142,130,275.1,8,1
142,131,268.8,8,1
142,136,270.1,8,1
142,137,272.1,8,1
142,12,94.5,8,6
142,13,81.5,8,6
142,28,77.9,8,6
142,29,81.1,8,6
142,44,86.2,8,6
142,45,99.6,8,6
142,60,94.4,8,6
142,61,96.3,8,6
142,76,109.4,8,6
142,77,81.7,8,6
142,90,92.1,8,6
142,91,87.3,8,6
142,104,90.7,8,6
142,105,83.2,8,6
142,118,82.3,8,6
142,119,83.1,8,6
142,132,91.8,8,6
142,133,89.6,8,6
142,138,79.8,8,6
142,139,86.3,8,6
142,14,80.5,8,7
142,15,91.2,8,7
142,30,89.9,8,7
142,31,82.9,8,7
142,46,81.0,8,7
142,47,86.9,8,7
142,62,84.8,8,7
142,63,79.4,8,7
142,78,82.3,8,7
142,79,82.9,8,7
142,92,76.1,8,7
142,93,82.0,8,7
142,106,87.7,8,7
142,107,83.6,8,7
142,120,97.2,8,7
142,121,93.0,8,7
142,134,79.9,8,7
142,135,90.5,8,7
142,140,89.3,8,7
142,141,77.7,8,7
143,144,74.5,8,9
143,145,82.8,8,9
143,146,68.3,8,10
143,147,65.9,8,10
143,142,68.6,8,8
143,143,0.0,8,8
143,0,68.8,8,0
143,1,67.4,8,0
143,16,69.4,8,0
143,17,74.8,8,0
143,32,72.8,8,0
143,33,74.5,8,0
143,48,67.3,8,0
143,49,82.2,8,0
143,64,75.1,8,0
143,65,87.4,8,0
143,2,265.7,8,2
143,3,264.2,8,2
143,18,267.9,8,2
143,19,265.2,8,2
143,34,268.6,8,2
143,35,269.6,8,2
143,50,270.4,8,2
143,51,262.6,8,2
143,66,267.1,8,2
143,67,271.3,8,2
143,80,271.0,8,2
143,81,266.2,8,2
143,94,271.9,8,2
143,95,270.3,8,2
143,108,274.6,8,2
143,109,273.7,8,2
143,122,272.1,8,2
143,123,275.0,8,2
143,4,271.7,8,3
143,5,278.3,8,3
143,20,276.2,8,3
143,21,271.5,8,3
143,36,281.5,8,3
143,37,280.5,8,3
143,52,270.0,8,3
143,53,281.3,8,3
143,68,273.4,8,3
143,69,277.4,8,3
143,82,282.4,8,3
143,83,266.7,8,3
143,96,273.8,8,3
143,97,269.8,8,3
143,110,273.3,8,3
143,111,274.1,8,3
143,124,272.5,8,3
143,125,277.3,8,3
143,6,277.3,8,4
143,7,272.0,8,4
143,22,271.1,8,4
143,23,277.2,8,4
143,38,275.7,8,4
143,39,272.2,8,4
143,54,276.9,8,4
143,55,276.2,8,4
143,70,276.2,8,4
143,71,276.4,8,4
143,84,273.1,8,4
143,85,266.1,8,4
143,98,271.6,8,4
143,99,270.8,8,4
143,112,267.9,8,4
143,113,270.5,8,4
143,126,268.2,8,4
143,127,267.7,8,4
143,8,73.3,8,5
143,9,79.9,8,5
143,24,88.0,8,5
143,25,82.3,8,5
143,40,82.4,8,5
143,41,83.9,8,5
143,56,86.6,8,5
143,57,83.4,8,5
143,72,85.8,8,5
143,73,83.6,8,5
143,86,75.8,8,5
143,87,77.6,8,5
143,100,78.5,8,5
143,101,83.9,8,5
143,114,75.4,8,5
143,115,77.6,8,5
143,128,81.7,8,5
143,129,87.2,8,5
143,10,269.7,8,1
143,11,270.0,8,1
143,26,269.7,8,1
143,27,266.9,8,1
143,42,263.5,8,1
143,43,267.3,8,1
143,58,270.8,8,1
143,59,269.5,8,1
143,74,269.4,8,1
143,75,269.2,8,1
143,88,273.1,8,1
143,89,277.3,8,1
143,102,266.9,8,1
143,103,276.6,8,1
143,116,276.1,8,1
143,117,266.3,8,1
143,130,273.7,8,1
143,131,268.4,8,1
143,136,268.2,8,1
143,137,270.2,8,1
143,12,94.5,8,6
143,13,78.6,8,6
143,28,80.5,8,6
143,29,76.5,8,6
143,44,83.3,8,6
143,45,93.5,8,6
143,60,87.6,8,6
143,61,77.7,8,6
143,76,97.1,8,6
143,77,84.2,8,6
143,90,90.5,8,6
143,91,79.7,8,6
143,104,59.6,8,6
143,105,82.3,8,6
143,118,80.8,8,6
143,119,75.7,8,6
143,132,82.6,8,6
143,133,84.5,8,6
143,138,74.0,8,6
143,139,69.3,8,6
143,14,78.8,8,7
143,15,84.9,8,7
143,30,88.2,8,7
143,31,82.8,8,7
143,46,84.5,8,7
143,47,88.8,8,7
143,62,82.4,8,7
143,63,84.1,8,7
143,78,83.8,8,7
143,79,84.0,8,7
143,92,81.2,8,7
143,93,84.9,8,7
143,106,83.7,8,7
143,107,79.9,8,7
143,120,92.1,8,7
143,121,79.1,8,7
143,134,84.1,8,7
143,135,84.5,8,7
143,140,88.7,8,7
143,141,81.4,8,7
0,144,85.7,0,9
0,145,84.0,0,9
0,146,69.8,0,10
0,147,73.2,0,10
0,142,72.4,0,8
0,143,68.8,0,8
0,0,0.0,0,0
0,1,65.7,0,0
0,16,69.6,0,0
0,17,67.0,0,0
0,32,57.3,0,0
0,33,74.2,0,0
0,48,70.9,0,0
0,49,73.5,0,0
0,64,78.1,0,0
0,65,75.1,0,0
0,2,261.8,0,2
0,3,259.9,0,2
0,18,264.8,0,2
0,19,262.1,0,2
0,34,264.8,0,2
0,35,267.2,0,2
0,50,268.0,0,2
0,51,263.7,0,2
0,66,264.3,0,2
0,67,269.0,0,2
0,80,268.8,0,2
0,81,263.0,0,2
0,94,269.4,0,2
0,95,267.7,0,2
0,108,271.3,0,2
0,109,271.2,0,2
0,122,269.7,0,2
0,123,272.5,0,2
0,4,269.6,0,3
0,5,276.0,0,3
0,20,274.6,0,3
0,21,268.7,0,3
0,36,279.0,0,3
0,37,277.4,0,3
0,52,267.5,0,3
0,53,278.9,0,3
0,68,270.6,0,3
0,69,274.9,0,3
0,82,279.2,0,3
0,83,265.4,0,3
0,96,269.5,0,3
0,97,267.1,0,3
0,110,269.9,0,3
0,111,271.1,0,3
0,124,269.1,0,3
0,125,273.9,0,3
0,6,273.9,0,4
0,7,269.2,0,4
0,22,268.6,0,4
0,23,274.1,0,4
0,38,273.1,0,4
0,39,270.2,0,4
0,54,273.9,0,4
0,55,273.6,0,4
0,70,272.9,0,4
0,71,273.6,0,4
0,84,270.7,0,4
0,85,265.2,0,4
0,98,269.3,0,4
0,99,267.8,0,4
0,112,267.1,0,4
0,113,267.4,0,4
0,126,267.4,0,4
0,127,265.5,0,4
0,8,79.8,0,5
0,9,83.8,0,5
0,24,90.6,0,5
0,25,83.6,0,5
0,40,80.0,0,5
0,41,79.0,0,5
0,56,82.1,0,5
0,57,88.2,0,5
0,72,79.6,0,5
0,73,83.5,0,5
0,86,72.2,0,5
0,87,78.2,0,5
0,100,76.1,0,5
0,101,78.6,0,5
0,114,81.4,0,5
0,115,67.9,0,5
0,128,73.2,0,5
0,129,80.1,0,5
0,10,267.9,0,1
0,11,267.2,0,1
0,26,267.1,0,1
0,27,266.0,0,1
0,42,260.3,0,1
0,43,264.0,0,1
0,58,269.1,0,1
0,59,267.1,0,1
0,74,266.7,0,1
0,75,266.8,0,1
0,88,269.5,0,1
0,89,274.4,0,1
0,102,265.1,0,1
0,103,273.5,0,1
0,116,273.6,0,1
0,117,264.2,0,1
0,130,270.3,0,1
0,131,265.8,0,1
0,136,266.0,0,1
0,137,267.4,0,1
0,12,85.9,0,6
0,13,76.2,0,6
0,28,77.2,0,6
0,29,72.4,0,6
0,44,82.2,0,6
0,45,91.0,0,6
0,60,82.8,0,6
0,61,81.0,0,6
0,76,86.4,0,6
0,77,78.0,0,6
0,90,89.4,0,6
0,91,77.5,0,6
0,104,78.2,0,6
0,105,80.9,0,6
0,118,66.6,0,6
0,119,76.1,0,6
0,132,80.4,0,6
0,133,83.1,0,6
0,138,71.6,0,6
0,139,78.0,0,6
0,14,78.2,0,7
0,15,80.5,0,7
0,30,78.6,0,7
0,31,78.5,0,7
0,46,81.0,0,7
0,47,85.2,0,7
0,62,75.8,0,7
0,63,81.0,0,7
0,78,79.6,0,7
0,79,80.4,0,7
0,92,69.2,0,7
0,93,74.6,0,7
0,106,76.6,0,7
0,107,82.0,0,7
0,120,80.1,0,7
0,121,83.0,0,7
0,134,85.7,0,7
0,135,80.4,0,7
0,140,83.5,0,7
0,141,79.5,0,7
1,144,82.1,0,9
1,145,87.3,0,9
1,146,69.5,0,10
1,147,72.4,0,10
1,142,69.1,0,8
1,143,67.4,0,8
1,0,65.7,0,0
1,1,0.0,0,0
1,16,67.5,0,0
1,17,69.7,0,0
1,32,69.3,0,0
1,33,70.0,0,0
1,48,63.6,0,0
1,49,61.8,0,0
1,64,80.9,0,0
1,65,85.9,0,0
1,2,267.7,0,2
1,3,266.6,0,2
1,18,270.2,0,2
1,19,267.1,0,2
1,34,271.1,0,2
1,35,273.1,0,2
1,50,273.6,0,2
1,51,269.9,0,2
1,66,270.6,0,2
1,67,274.5,0,2
1,80,273.4,0,2
1,81,270.1,0,2
1,94,274.7,0,2
1,95,273.5,0,2
1,108,276.9,0,2
1,109,277.2,0,2
1,122,275.4,0,2
1,123,277.9,0,2
1,4,275.3,0,3
1,5,281.1,0,3
1,20,280.2,0,3
1,21,274.5,0,3
1,36,284.0,0,3
1,37,283.3,0,3
1,52,274.2,0,3
1,53,283.7,0,3
1,68,276.7,0,3
1,69,280.3,0,3
1,82,284.0,0,3
1,83,270.9,0,3
1,96,276.0,0,3
1,97,272.5,0,3
1,110,275.8,0,3
1,111,277.2,0,3
1,124,274.8,0,3
1,125,279.0,0,3
1,6,279.8,0,4
1,7,274.9,0,4
1,22,273.8,0,4
1,23,279.5,0,4
1,38,278.6,0,4
1,39,275.9,0,4
1,54,279.1,0,4
1,55,279.4,0,4
1,70,277.0,0,4
1,71,279.4,0,4
1,84,276.0,0,4
1,85,272.1,0,4
1,98,273.2,0,4
1,99,273.7,0,4
1,112,272.8,0,4
1,113,273.1,0,4
1,126,273.4,0,4
1,127,271.4,0,4
1,8,72.3,0,5
1,9,80.1,0,5
1,24,91.8,0,5
1,25,82.7,0,5
1,40,77.3,0,5
1,41,79.7,0,5
1,56,82.0,0,5
1,57,85.5,0,5
1,72,78.7,0,5
1,73,74.8,0,5
1,86,78.2,0,5
1,87,75.0,0,5
1,100,74.8,0,5
1,101,79.3,0,5
1,114,80.2,0,5
1,115,75.5,0,5
1,128,74.6,0,5
1,129,78.8,0,5
1,10,272.5,0,1
1,11,272.8,0,1
1,26,272.4,0,1
1,27,271.6,0,1
1,42,267.2,0,1
1,43,270.2,0,1
1,58,274.0,0,1
1,59,272.4,0,1
1,74,272.5,0,1
1,75,272.6,0,1
1,88,275.9,0,1
1,89,278.5,0,1
1,102,270.7,0,1
1,103,279.0,0,1
1,116,278.8,0,1
1,117,269.2,0,1
1,130,275.1,0,1
1,131,271.8,0,1
1,136,271.9,0,1
1,137,273.7,0,1
1,12,91.5,0,6
1,13,67.8,0,6
1,28,76.0,0,6
1,29,77.2,0,6
1,44,83.4,0,6
1,45,100.0,0,6
1,60,80.4,0,6
1,61,77.2,0,6
1,76,97.4,0,6
1,77,80.3,0,6
1,90,90.4,0,6
1,91,78.2,0,6
1,104,79.2,0,6
1,105,82.4,0,6
1,118,81.1,0,6
1,119,73.1,0,6
1,132,83.5,0,6
1,133,77.8,0,6
1,138,70.3,0,6
1,139,71.9,0,6
1,14,75.7,0,7
1,15,78.7,0,7
1,30,76.7,0,7
1,31,72.8,0,7
1,46,76.4,0,7
1,47,76.1,0,7
1,62,74.1,0,7
1,63,81.7,0,7
1,78,76.9,0,7
1,79,75.3,0,7
1,92,77.9,0,7
1,93,75.5,0,7
1,106,77.2,0,7
1,107,73.7,0,7
1,120,90.5,0,7
1,121,76.7,0,7
1,134,81.8,0,7
1,135,76.0,0,7
1,140,85.0,0,7
1,141,80.8,0,7
16,144,89.3,0,9
16,145,85.6,0,9
16,146,74.5,0,10
16,147,73.0,0,10
16,142,68.7,0,8
16,143,69.4,0,8
16,0,69.6,0,0
16,1,67.5,0,0
16,16,0.0,0,0
16,17,67.6,0,0
16,32,73.3,0,0
16,33,73.8,0,0
16,48,56.3,0,0
16,49,78.4,0,0
16,64,81.6,0,0
16,65,85.5,0,0
16,2,267.7,0,2
16,3,266.7,0,2
16,18,271.4,0,2
16,19,269.9,0,2
16,34,272.2,0,2
16,35,273.7,0,2
16,50,274.4,0,2
16,51,268.8,0,2
16,66,269.9,0,2
16,67,274.6,0,2
16,80,275.6,0,2
16,81,269.9,0,2
16,94,275.5,0,2
16,95,273.7,0,2
16,108,277.4,0,2
16,109,277.6,0,2
16,122,275.4,0,2
16,123,278.5,0,2
16,4,275.3,0,3
16,5,281.3,0,3
16,20,280.4,0,3
16,21,274.4,0,3
16,36,284.6,0,3
16,37,283.3,0,3
16,52,272.0,0,3
16,53,283.5,0,3
16,68,276.7,0,3
16,69,280.2,0,3
16,82,284.4,0,3
16,83,272.1,0,3
16,96,276.4,0,3
16,97,274.2,0,3
16,110,276.6,0,3
16,111,277.8,0,3
16,124,275.7,0,3
16,125,279.7,0,3
16,6,279.8,0,4
16,7,275.0,0,4
16,22,273.5,0,4
16,23,280.0,0,4
16,38,278.9,0,4
16,39,277.3,0,4
16,54,280.2,0,4
16,55,279.8,0,4
16,70,279.4,0,4
16,71,280.0,0,4
16,84,277.5,0,4
16,85,270.7,0,4
16,98,276.4,0,4
16,99,274.6,0,4
16,112,273.0,0,4
16,113,274.0,0,4
16,126,273.5,0,4
16,127,272.2,0,4
16,8,79.2,0,5
16,9,87.2,0,5
16,24,83.6,0,5
16,25,90.1,0,5
16,40,79.6,0,5
16,41,73.3,0,5
16,56,65.5,0,5
16,57,79.1,0,5
16,72,77.3,0,5
16,73,78.2,0,5
16,86,79.6,0,5
16,87,69.6,0,5
16,100,80.3,0,5
16,101,78.4,0,5
16,114,81.5,0,5
16,115,72.4,0,5
16,128,78.2,0,5
16,129,82.0,0,5
16,10,274.0,0,1
16,11,274.3,0,1
16,26,272.5,0,1
16,27,271.1,0,1
16,42,267.7,0,1
16,43,271.8,0,1
16,58,274.7,0,1
16,59,272.9,0,1
16,74,273.3,0,1
16,75,273.0,0,1
16,88,276.6,0,1
16,89,280.5,0,1
16,102,271.6,0,1
16,103,278.7,0,1
16,116,279.6,0,1
16,117,270.9,0,1
16,130,276.8,0,1
16,131,273.1,0,1
16,136,271.8,0,1
16,137,273.7,0,1
16,12,89.0,0,6
16,13,79.4,0,6
16,28,84.4,0,6
16,29,62.9,0,6
16,44,80.5,0,6
16,45,99.4,0,6
16,60,84.0,0,6
16,61,79.8,0,6
16,76,89.3,0,6
16,77,77.4,0,6
16,90,72.9,0,6
16,91,75.6,0,6
16,104,78.6,0,6
16,105,78.5,0,6
16,118,78.7,0,6
16,119,70.1,0,6
16,132,77.9,0,6
16,133,71.4,0,6
16,138,70.4,0,6
16,139,74.1,0,6
16,14,70.3,0,7
16,15,81.3,0,7
16,30,74.6,0,7
16,31,71.7,0,7
16,46,74.3,0,7
16,47,84.3,0,7
16,62,74.4,0,7
16,63,83.8,0,7
16,78,88.0,0,7
16,79,75.5,0,7
16,92,77.5,0,7
16,93,80.0,0,7
16,106,75.9,0,7
16,107,83.7,0,7
16,120,94.8,0,7
16,121,91.1,0,7
16,134,87.9,0,7
16,135,85.4,0,7
16,140,88.1,0,7
16,141,83.4,0,7
17,144,83.9,0,9
17,145,81.9,0,9
17,146,75.0,0,10
17,147,75.9,0,10
17,142,77.2,0,8
17,143,74.8,0,8
17,0,67.0,0,0
17,1,69.7,0,0
17,16,67.6,0,0
17,17,0.0,0,0
17,32,66.1,0,0
17,33,70.3,0,0
17,48,64.3,0,0
17,49,64.8,0,0
17,64,74.1,0,0
17,65,81.0,0,0
17,2,262.3,0,2
17,3,260.5,0,2
17,18,265.6,0,2
17,19,263.0,0,2
17,34,265.3,0,2
17,35,268.8,0,2
17,50,269.5,0,2
17,51,264.7,0,2
17,66,265.7,0,2
17,67,270.3,0,2
17,80,270.5,0,2
17,81,264.4,0,2
17,94,271.0,0,2
17,95,269.0,0,2
17,108,272.9,0,2
17,109,273.0,0,2
17,122,271.3,0,2
17,123,273.8,0,2
17,4,269.6,0,3
17,5,277.0,0,3
17,20,276.1,0,3
17,21,269.4,0,3
17,36,280.3,0,3
17,37,278.5,0,3
17,52,268.2,0,3
17,53,279.3,0,3
17,68,270.1,0,3
17,69,276.1,0,3
17,82,279.7,0,3
17,83,266.4,0,3
17,96,270.8,0,3
17,97,267.1,0,3
17,110,271.2,0,3
17,111,272.3,0,3
17,124,269.7,0,3
17,125,274.9,0,3
17,6,275.5,0,4
17,7,270.0,0,4
17,22,269.8,0,4
17,23,275.3,0,4
17,38,274.3,0,4
17,39,271.8,0,4
17,54,275.0,0,4
17,55,274.9,0,4
17,70,274.0,0,4
17,71,274.1,0,4
17,84,272.4,0,4
17,85,266.0,0,4
17,98,270.0,0,4
17,99,269.6,0,4
17,112,268.1,0,4
17,113,268.6,0,4
17,126,269.0,0,4
17,127,266.2,0,4
17,8,79.2,0,5
17,9,90.1,0,5
17,24,85.5,0,5
17,25,89.3,0,5
17,40,80.2,0,5
17,41,70.4,0,5
17,56,82.7,0,5
17,57,87.4,0,5
17,72,79.4,0,5
17,73,79.2,0,5
17,86,79.6,0,5
17,87,80.7,0,5
17,100,82.2,0,5
17,101,72.0,0,5
17,114,85.5,0,5
17,115,81.3,0,5
17,128,71.9,0,5
17,129,79.5,0,5
17,10,269.1,0,1
17,11,267.6,0,1
17,26,267.6,0,1
17,27,266.5,0,1
17,42,261.6,0,1
17,43,265.1,0,1
17,58,270.2,0,1
17,59,267.6,0,1
17,74,267.4,0,1
17,75,267.4,0,1
17,88,269.8,0,1
17,89,275.7,0,1
17,102,266.1,0,1
17,103,274.1,0,1
17,116,274.7,0,1
17,117,264.4,0,1
17,130,271.4,0,1
17,131,267.3,0,1
17,136,267.3,0,1
17,137,268.8,0,1
17,12,74.5,0,6
17,13,77.1,0,6
17,28,80.5,0,6
17,29,75.1,0,6
17,44,73.8,0,6
17,45,91.0,0,6
17,60,79.8,0,6
17,61,80.3,0,6
17,76,90.8,0,6
17,77,81.3,0,6
17,90,70.4,0,6
17,91,78.4,0,6
17,104,79.1,0,6
17,105,72.9,0,6
17,118,75.3,0,6
17,119,72.4,0,6
17,132,71.4,0,6
17,133,78.5,0,6
17,138,70.6,0,6
17,139,77.6,0,6
17,14,71.7,0,7
17,15,71.5,0,7
17,30,79.4,0,7
17,31,74.4,0,7
17,46,80.8,0,7
17,47,76.7,0,7
17,62,80.8,0,7
17,63,87.6,0,7
17,78,83.1,0,7
17,79,79.6,0,7
17,92,82.6,0,7
17,93,76.0,0,7
17,106,83.5,0,7
17,107,83.9,0,7
17,120,84.6,0,7
17,121,84.9,0,7
17,134,81.2,0,7
17,135,73.7,0,7
17,140,81.8,0,7
17,141,81.6,0,7
32,144,85.7,0,9
32,145,79.4,0,9
32,146,73.9,0,10
32,147,76.6,0,10
32,142,75.9,0,8
32,143,72.8,0,8
32,0,57.3,0,0
32,1,69.3,0,0
32,16,73.3,0,0
32,17,66.1,0,0
32,32,0.0,0,0
32,33,70.4,0,0
32,48,70.0,0,0
32,49,69.2,0,0
32,64,72.6,0,0
32,65,80.5,0,0
32,2,263.6,0,2
32,3,262.0,0,2
32,18,267.0,0,2
32,19,264.5,0,2
32,34,267.0,0,2
32,35,269.5,0,2
32,50,270.4,0,2
32,51,264.7,0,2
32,66,265.7,0,2
32,67,271.6,0,2
32,80,271.5,0,2
32,81,264.5,0,2
32,94,271.5,0,2
32,95,270.4,0,2
32,108,274.7,0,2
32,109,273.9,0,2
32,122,272.9,0,2
32,123,275.0,0,2
32,4,271.2,0,3
32,5,278.5,0,3
32,20,277.1,0,3
32,21,270.9,0,3
32,36,281.7,0,3
32,37,280.0,0,3
32,52,269.9,0,3
32,53,281.0,0,3
32,68,272.7,0,3
32,69,277.1,0,3
32,82,281.5,0,3
32,83,268.0,0,3
32,96,272.5,0,3
32,97,269.5,0,3
32,110,272.8,0,3
32,111,273.5,0,3
32,124,271.5,0,3
32,125,276.5,0,3
32,6,276.8,0,4
32,7,271.4,0,4
32,22,270.5,0,4
32,23,276.3,0,4
32,38,275.3,0,4
32,39,271.7,0,4
32,54,276.1,0,4
32,55,275.6,0,4
32,70,275.4,0,4
32,71,275.2,0,4
32,84,273.4,0,4
32,85,265.3,0,4
32,98,271.7,0,4
32,99,270.4,0,4
32,112,269.1,0,4
32,113,268.6,0,4
32,126,269.4,0,4
32,127,267.4,0,4
32,8,82.3,0,5
32,9,87.6,0,5
32,24,87.5,0,5
32,25,89.3,0,5
32,40,82.9,0,5
32,41,82.6,0,5
32,56,84.8,0,5
32,57,89.6,0,5
32,72,81.8,0,5
32,73,84.6,0,5
32,86,86.9,0,5
32,87,81.0,0,5
32,100,83.0,0,5
32,101,83.4,0,5
32,114,80.1,0,5
32,115,77.8,0,5
32,128,76.9,0,5
32,129,77.4,0,5
32,10,270.1,0,1
32,11,269.5,0,1
32,26,269.4,0,1
32,27,267.6,0,1
32,42,262.0,0,1
32,43,265.3,0,1
32,58,271.4,0,1
32,59,269.0,0,1
32,74,268.1,0,1
32,75,268.2,0,1
32,88,271.5,0,1
32,89,276.4,0,1
32,102,267.0,0,1
32,103,276.0,0,1
32,116,275.8,0,1
32,117,265.9,0,1
32,130,272.6,0,1
32,131,268.3,0,1
32,136,268.4,0,1
32,137,269.9,0,1
32,12,85.1,0,6
32,13,76.0,0,6
32,28,72.3,0,6
32,29,74.4,0,6
32,44,75.2,0,6
32,45,95.4,0,6
32,60,78.2,0,6
32,61,82.4,0,6
32,76,93.0,0,6
32,77,86.2,0,6
32,90,88.0,0,6
32,91,75.9,0,6
32,104,75.5,0,6
32,105,75.8,0,6
32,118,70.9,0,6
32,119,71.6,0,6
32,132,80.2,0,6
32,133,82.6,0,6
32,138,72.5,0,6
32,139,75.6,0,6
32,14,78.9,0,7
32,15,78.2,0,7
32,30,78.5,0,7
32,31,81.1,0,7
32,46,82.8,0,7
32,47,85.3,0,7
32,62,79.2,0,7
32,63,81.2,0,7
32,78,83.5,0,7
32,79,82.6,0,7
32,92,71.3,0,7
32,93,77.1,0,7
32,106,78.0,0,7
32,107,82.3,0,7
32,120,70.3,0,7
32,121,87.7,0,7
32,134,87.4,0,7
32,135,81.1,0,7
32,140,84.1,0,7
32,141,78.8,0,7
33,144,65.3,0,9
33,145,86.5,0,9
33,146,64.2,0,10
33,147,74.2,0,10
33,142,81.1,0,8
33,143,74.5,0,8
33,0,74.2,0,0
33,1,70.0,0,0
33,16,73.8,0,0
33,17,70.3,0,0
33,32,70.4,0,0
33,33,0.0,0,0
33,48,63.4,0,0
33,49,66.1,0,0
33,64,84.9,0,0
33,65,91.3,0,0
33,2,267.4,0,2
33,3,265.4,0,2
33,18,269.4,0,2
33,19,266.6,0,2
33,34,269.7,0,2
33,35,271.4,0,2
33,50,272.7,0,2
33,51,270.5,0,2
33,66,269.1,0,2
33,67,273.9,0,2
33,80,272.9,0,2
33,81,269.4,0,2
33,94,273.3,0,2
33,95,272.0,0,2
33,108,275.7,0,2
33,109,276.1,0,2
33,122,273.0,0,2
33,123,275.7,0,2
33,4,273.5,0,3
33,5,279.3,0,3
33,20,278.8,0,3
33,21,273.2,0,3
33,36,282.4,0,3
33,37,280.5,0,3
33,52,273.0,0,3
33,53,282.5,0,3
33,68,275.7,0,3
33,69,279.1,0,3
33,82,282.3,0,3
33,83,269.8,0,3
33,96,274.3,0,3
33,97,271.0,0,3
33,110,274.5,0,3
33,111,275.3,0,3
33,124,273.5,0,3
33,125,276.8,0,3
33,6,276.7,0,4
33,7,272.9,0,4
33,22,272.0,0,4
33,23,276.9,0,4
33,38,276.4,0,4
33,39,275.1,0,4
33,54,277.1,0,4
33,55,278.1,0,4
33,70,276.6,0,4
33,71,277.4,0,4
33,84,275.1,0,4
33,85,271.3,0,4
33,98,272.5,0,4
33,99,272.1,0,4
33,112,272.1,0,4
33,113,271.9,0,4
33,126,272.7,0,4
33,127,268.4,0,4
33,8,77.7,0,5
33,9,85.2,0,5
33,24,94.1,0,5
33,25,82.8,0,5
33,40,79.5,0,5
33,41,78.3,0,5
33,56,77.8,0,5
33,57,86.5,0,5
33,72,76.0,0,5
33,73,75.2,0,5
33,86,78.4,0,5
33,87,73.0,0,5
33,100,74.8,0,5
33,101,79.9,0,5
33,114,89.0,0,5
33,115,77.8,0,5
33,128,80.0,0,5
33,129,83.1,0,5
33,10,271.9,0,1
33,11,270.7,0,1
33,26,270.3,0,1
33,27,270.7,0,1
33,42,265.6,0,1
33,43,268.2,0,1
33,58,272.4,0,1
33,59,270.8,0,1
33,74,270.4,0,1
33,75,271.1,0,1
33,88,269.9,0,1
33,89,276.6,0,1
33,102,269.0,0,1
33,103,276.3,0,1
33,116,276.5,0,1
33,117,269.0,0,1
33,130,275.0,0,1
33,131,271.2,0,1
33,136,268.8,0,1
33,137,271.9,0,1
33,12,87.5,0,6
33,13,82.1,0,6
33,28,82.6,0,6
33,29,74.2,0,6
33,44,86.3,0,6
33,45,106.5,0,6
33,60,74.8,0,6
33,61,76.8,0,6
33,76,91.5,0,6
33,77,85.4,0,6
33,90,91.7,0,6
33,91,85.7,0,6
33,104,80.9,0,6
33,105,93.4,0,6
33,118,86.9,0,6
33,119,76.8,0,6
33,132,79.0,0,6
33,133,76.8,0,6
33,138,73.3,0,6
33,139,75.0,0,6
33,14,86.2,0,7
33,15,83.2,0,7
33,30,88.1,0,7
33,31,74.8,0,7
33,46,84.8,0,7
33,47,85.5,0,7
33,62,77.9,0,7
33,63,89.3,0,7
33,78,78.3,0,7
33,79,79.0,0,7
33,92,82.1,0,7
33,93,76.5,0,7
33,106,68.2,0,7
33,107,86.0,0,7
33,120,90.8,0,7
33,121,76.9,0,7
33,134,80.0,0,7
33,135,72.6,0,7
33,140,64.9,0,7
33,141,79.1,0,7
48,144,79.9,0,9
48,145,83.4,0,9
48,146,64.3,0,10
48,147,74.9,0,10
48,142,68.4,0,8
48,143,67.3,0,8
48,0,70.9,0,0
48,1,63.6,0,0
48,16,56.3,0,0
48,17,64.3,0,0
48,32,70.0,0,0
48,33,63.4,0,0
48,48,0.0,0,0
48,49,72.6,0,0
48,64,85.0,0,0
48,65,87.6,0,0
48,2,274.2,0,2
48,3,272.7,0,2
48,18,276.3,0,2
48,19,275.1,0,2
48,34,278.4,0,2
48,35,279.3,0,2
48,50,279.3,0,2
48,51,275.9,0,2
48,66,276.0,0,2
48,67,280.8,0,2
48,80,281.0,0,2
48,81,277.2,0,2
48,94,280.1,0,2
48,95,279.3,0,2
48,108,282.9,0,2
48,109,282.7,0,2
48,122,280.8,0,2
48,123,283.3,0,2
48,4,280.7,0,3
48,5,286.0,0,3
48,20,285.3,0,3
48,21,280.5,0,3
48,36,290.0,0,3
48,37,288.2,0,3
48,52,278.9,0,3
48,53,289.1,0,3
48,68,282.8,0,3
48,69,285.6,0,3
48,82,289.7,0,3
48,83,277.3,0,3
48,96,282.6,0,3
48,97,278.8,0,3
48,110,281.5,0,3
48,111,283.1,0,3
48,124,280.7,0,3
48,125,284.8,0,3
48,6,285.0,0,4
48,7,280.5,0,4
48,22,279.9,0,4
48,23,284.9,0,4
48,38,283.8,0,4
48,39,282.3,0,4
48,54,285.2,0,4
48,55,284.9,0,4
48,70,284.4,0,4
48,71,285.5,0,4
48,84,282.7,0,4
48,85,277.1,0,4
48,98,279.9,0,4
48,99,279.4,0,4
48,112,278.6,0,4
48,113,279.2,0,4
48,126,278.7,0,4
48,127,276.7,0,4
48,8,72.0,0,5
48,9,83.6,0,5
48,24,82.4,0,5
48,25,83.1,0,5
48,40,76.4,0,5
48,41,77.4,0,5
48,56,75.8,0,5
48,57,82.8,0,5
48,72,78.4,0,5
48,73,75.0,0,5
48,86,70.2,0,5
48,87,70.7,0,5
48,100,74.7,0,5
48,101,74.3,0,5
48,114,83.0,0,5
48,115,71.3,0,5
48,128,75.1,0,5
48,129,83.8,0,5
48,10,278.4,0,1
48,11,278.3,0,1
48,26,278.5,0,1
48,27,276.3,0,1
48,42,272.4,0,1
48,43,276.8,0,1
48,58,280.0,0,1
48,59,277.9,0,1
48,74,278.4,0,1
48,75,278.2,0,1
48,88,281.4,0,1
48,89,284.6,0,1
48,102,276.1,0,1
48,103,284.0,0,1
48,116,283.9,0,1
48,117,275.9,0,1
48,130,282.1,0,1
48,131,278.2,0,1
48,136,277.3,0,1
48,137,278.9,0,1
48,12,87.0,0,6
48,13,77.5,0,6
48,28,80.5,0,6
48,29,73.1,0,6
48,44,77.0,0,6
48,45,100.4,0,6
48,60,84.0,0,6
48,61,81.9,0,6
48,76,95.5,0,6
48,77,80.9,0,6
48,90,81.2,0,6
48,91,82.3,0,6
48,104,76.3,0,6
48,105,84.3,0,6
48,118,80.8,0,6
48,119,70.3,0,6
48,132,80.2,0,6
48,133,77.0,0,6
48,138,69.5,0,6
48,139,72.1,0,6
48,14,80.3,0,7
48,15,80.0,0,7
48,30,83.4,0,7
48,31,73.4,0,7
48,46,75.1,0,7
48,47,85.1,0,7
48,62,74.5,0,7
48,63,85.5,0,7
48,78,78.2,0,7
48,79,74.0,0,7
48,92,80.2,0,7
48,93,79.1,0,7
48,106,78.3,0,7
48,107,75.1,0,7
48,120,96.7,0,7
48,121,83.8,0,7
48,134,80.2,0,7
48,135,79.3,0,7
48,140,84.9,0,7
48,141,81.7,0,7
49,144,80.5,0,9
49,145,91.2,0,9
49,146,79.6,0,10
49,147,83.2,0,10
49,142,86.5,0,8
49,143,82.2,0,8
49,0,73.5,0,0
49,1,61.8,0,0
49,16,78.4,0,0
49,17,64.8,0,0
49,32,69.2,0,0
49,33,66.1,0,0
49,48,72.6,0,0
49,49,0.0,0,0
49,64,81.2,0,0
49,65,83.2,0,0
49,2,265.0,0,2
49,3,263.6,0,2
49,18,267.3,0,2
49,19,264.7,0,2
49,34,267.4,0,2
49,35,271.1,0,2
49,50,271.3,0,2
49,51,267.9,0,2
49,66,268.3,0,2
49,67,273.4,0,2
49,80,271.5,0,2
49,81,266.7,0,2
49,94,272.4,0,2
49,95,271.1,0,2
49,108,275.4,0,2
49,109,275.8,0,2
49,122,273.2,0,2
49,123,275.6,0,2
49,4,272.1,0,3
49,5,278.9,0,3
49,20,278.3,0,3
49,21,272.0,0,3
49,36,281.6,0,3
49,37,280.7,0,3
49,52,272.0,0,3
49,53,282.1,0,3
49,68,273.3,0,3
49,69,278.6,0,3
49,82,280.9,0,3
49,83,268.3,0,3
49,96,272.0,0,3
49,97,269.7,0,3
49,110,272.8,0,3
49,111,274.4,0,3
49,124,272.3,0,3
49,125,276.5,0,3
49,6,276.4,0,4
49,7,272.3,0,4
49,22,271.2,0,4
49,23,275.8,0,4
49,38,275.7,0,4
49,39,272.8,0,4
49,54,274.7,0,4
49,55,277.1,0,4
49,70,274.2,0,4
49,71,275.6,0,4
49,84,273.8,0,4
49,85,268.6,0,4
49,98,271.0,0,4
49,99,271.1,0,4
49,112,271.1,0,4
49,113,269.9,0,4
49,126,271.7,0,4
49,127,268.5,0,4
49,8,86.7,0,5
49,9,89.9,0,5
49,24,100.1,0,5
49,25,93.4,0,5
49,40,85.0,0,5
49,41,82.3,0,5
49,56,91.1,0,5
49,57,96.6,0,5
49,72,83.2,0,5
49,73,89.5,0,5
49,86,92.5,0,5
49,87,83.7,0,5
49,100,84.2,0,5
49,101,80.6,0,5
49,114,89.5,0,5
49,115,86.9,0,5
49,128,78.8,0,5
49,129,77.3,0,5
49,10,270.9,0,1
49,11,270.1,0,1
49,26,269.5,0,1
49,27,269.8,0,1
49,42,264.2,0,1
49,43,267.2,0,1
49,58,271.5,0,1
49,59,269.8,0,1
49,74,269.6,0,1
49,75,269.8,0,1
49,88,272.3,0,1
49,89,276.4,0,1
49,102,268.6,0,1
49,103,276.8,0,1
49,116,276.1,0,1
49,117,267.0,0,1
49,130,272.1,0,1
49,131,269.3,0,1
49,136,269.3,0,1
49,137,270.6,0,1
49,12,90.7,0,6
49,13,71.8,0,6
49,28,88.8,0,6
49,29,79.6,0,6
49,44,83.7,0,6
49,45,100.0,0,6
49,60,69.9,0,6
49,61,79.7,0,6
49,76,96.7,0,6
49,77,84.7,0,6
49,90,91.8,0,6
49,91,82.1,0,6
49,104,84.9,0,6
49,105,87.0,0,6
49,118,80.3,0,6
49,119,76.9,0,6
49,132,88.4,0,6
49,133,69.9,0,6
49,138,69.3,0,6
49,139,72.7,0,6
49,14,83.9,0,7
49,15,71.6,0,7
49,30,81.7,0,7
49,31,74.9,0,7
49,46,84.1,0,7
49,47,74.0,0,7
49,62,78.0,0,7
49,63,88.5,0,7
49,78,84.9,0,7
49,79,80.0,0,7
49,92,82.3,0,7
49,93,72.3,0,7
49,106,81.7,0,7
49,107,91.1,0,7
49,120,90.3,0,7
49,121,90.7,0,7
49,134,95.1,0,7
49,135,81.6,0,7
49,140,84.6,0,7
49,141,90.5,0,7
64,144,89.0,0,9
64,145,77.8,0,9
64,146,86.1,0,10
64,147,75.8,0,10
64,142,85.5,0,8
64,143,75.1,0,8
64,0,78.1,0,0
64,1,80.9,0,0
64,16,81.6,0,0
64,17,74.1,0,0
64,32,72.6,0,0
64,33,84.9,0,0
64,48,85.0,0,0
64,49,81.2,0,0
64,64,0.0,0,0
64,65,65.9,0,0
64,2,257.4,0,2
64,3,254.6,0,2
64,18,261.3,0,2
64,19,258.2,0,2
64,34,259.7,0,2
64,35,263.3,0,2
64,50,265.3,0,2
64,51,257.1,0,2
64,66,260.8,0,2
64,67,265.2,0,2
64,80,265.1,0,2
64,81,257.4,0,2
64,94,266.5,0,2
64,95,264.9,0,2
64,108,269.1,0,2
64,109,268.4,0,2
64,122,267.2,0,2
64,123,269.9,0,2
64,4,265.7,0,3
64,5,273.4,0,3
64,20,272.7,0,3
64,21,264.7,0,3
64,36,276.2,0,3
64,37,275.0,0,3
64,52,264.2,0,3
64,53,276.1,0,3
64,68,267.8,0,3
64,69,272.2,0,3
64,82,276.8,0,3
64,83,260.4,0,3
64,96,266.1,0,3
64,97,263.4,0,3
64,110,267.9,0,3
64,111,267.7,0,3
64,124,265.9,0,3
64,125,271.3,0,3
64,6,271.3,0,4
64,7,265.7,0,4
64,22,265.1,0,4
64,23,271.0,0,4
64,38,270.5,0,4
64,39,267.5,0,4
64,54,271.0,0,4
64,55,269.8,0,4
64,70,270.0,0,4
64,71,269.2,0,4
64,84,268.7,0,4
64,85,259.5,0,4
64,98,266.9,0,4
64,99,265.1,0,4
64,112,263.0,0,4
64,113,263.5,0,4
64,126,264.1,0,4
64,127,261.3,0,4
64,8,79.4,0,5
64,9,86.8,0,5
64,24,78.4,0,5
64,25,86.9,0,5
64,40,83.3,0,5
64,41,79.6,0,5
64,56,87.8,0,5
64,57,82.1,0,5
64,72,80.1,0,5
64,73,87.0,0,5
64,86,86.7,0,5
64,87,84.2,0,5
64,100,85.7,0,5
64,101,84.7,0,5
64,114,82.3,0,5
64,115,84.5,0,5
64,128,78.4,0,5
64,129,78.6,0,5
64,10,264.3,0,1
64,11,264.3,0,1
64,26,263.6,0,1
64,27,261.7,0,1
64,42,257.3,0,1
64,43,260.6,0,1
64,58,265.7,0,1
64,59,263.7,0,1
64,74,263.1,0,1
64,75,262.1,0,1
64,88,266.3,0,1
64,89,272.0,0,1
64,102,261.7,0,1
64,103,271.3,0,1
64,116,270.8,0,1
64,117,259.9,0,1
64,130,266.9,0,1
64,131,262.4,0,1
64,136,261.3,0,1
64,137,264.2,0,1
64,12,77.8,0,6
64,13,76.4,0,6
64,28,74.8,0,6
64,29,75.2,0,6
64,44,70.6,0,6
64,45,83.2,0,6
64,60,78.2,0,6
64,61,83.2,0,6
64,76,90.8,0,6
64,77,84.7,0,6
64,90,84.4,0,6
64,91,76.0,0,6
64,104,79.2,0,6
64,105,74.2,0,6
64,118,81.4,0,6
64,119,77.4,0,6
64,132,84.0,0,6
64,133,81.1,0,6
64,138,72.0,0,6
64,139,81.3,0,6
64,14,80.0,0,7
64,15,82.0,0,7
64,30,85.4,0,7
64,31,82.0,0,7
64,46,82.5,0,7
64,47,76.8,0,7
64,62,87.7,0,7
64,63,83.7,0,7
64,78,84.9,0,7
64,79,82.8,0,7
64,92,85.7,0,7
64,93,77.1,0,7
64,106,89.9,0,7
64,107,83.4,0,7
64,120,74.3,0,7
64,121,90.0,0,7
64,134,84.5,0,7
64,135,86.2,0,7
64,140,88.5,0,7
64,141,81.9,0,7
65,144,93.0,0,9
65,145,84.5,0,9
65,146,89.9,0,10
65,147,91.6,0,10
65,142,95.3,0,8
65,143,87.4,0,8
65,0,75.1,0,0
65,1,85.9,0,0
65,16,85.5,0,0
65,17,81.0,0,0
65,32,80.5,0,0
65,33,91.3,0,0
65,48,87.6,0,0
65,49,83.2,0,0
65,64,65.9,0,0
65,65,0.0,0,0
65,2,254.8,0,2
65,3,253.1,0,2
65,18,259.1,0,2
65,19,255.8,0,2
65,34,256.8,0,2
65,35,262.2,0,2
65,50,263.5,0,2
65,51,255.5,0,2
65,66,259.1,0,2
65,67,263.8,0,2
65,80,263.8,0,2
65,81,254.3,0,2
65,94,264.6,0,2
65,95,262.7,0,2
65,108,267.3,0,2
65,109,266.4,0,2
65,122,266.0,0,2
65,123,268.1,0,2
65,4,263.5,0,3
65,5,272.2,0,3
65,20,271.1,0,3
65,21,263.5,0,3
65,36,274.6,0,3
65,37,273.6,0,3
65,52,263.0,0,3
65,53,275.6,0,3
65,68,265.6,0,3
65,69,270.1,0,3
65,82,275.2,0,3
65,83,259.0,0,3
65,96,263.7,0,3
65,97,260.3,0,3
65,110,264.6,0,3
65,111,264.6,0,3
65,124,262.7,0,3
65,125,269.4,0,3
65,6,269.1,0,4
65,7,263.6,0,4
65,22,263.3,0,4
65,23,269.3,0,4
65,38,268.7,0,4
65,39,265.5,0,4
65,54,269.2,0,4
65,55,268.9,0,4
65,70,267.7,0,4
65,71,267.5,0,4
65,84,266.3,0,4
65,85,258.0,0,4
65,98,265.5,0,4
65,99,263.6,0,4
65,112,262.1,0,4
65,113,261.1,0,4
65,126,262.6,0,4
65,127,259.7,0,4
65,8,79.6,0,5
65,9,89.0,0,5
65,24,86.7,0,5
65,25,80.3,0,5
65,40,86.2,0,5
65,41,82.9,0,5
65,56,88.7,0,5
65,57,93.5,0,5
65,72,79.8,0,5
65,73,87.3,0,5
65,86,88.7,0,5
65,87,90.2,0,5
65,100,83.8,0,5
65,101,79.3,0,5
65,114,81.8,0,5
65,115,81.2,0,5
65,128,80.1,0,5
65,129,81.3,0,5
65,10,263.1,0,1
65,11,262.4,0,1
65,26,262.7,0,1
65,27,260.9,0,1
65,42,255.9,0,1
65,43,259.1,0,1
65,58,263.6,0,1
65,59,260.9,0,1
65,74,261.4,0,1
65,75,260.8,0,1
65,88,264.5,0,1
65,89,270.3,0,1
65,102,260.8,0,1
65,103,270.0,0,1
65,116,269.1,0,1
65,117,258.3,0,1
65,130,265.1,0,1
65,131,259.3,0,1
65,136,261.0,0,1
65,137,262.7,0,1
65,12,83.3,0,6
65,13,78.7,0,6
65,28,78.5,0,6
65,29,76.6,0,6
65,44,74.3,0,6
65,45,85.8,0,6
65,60,82.9,0,6
65,61,85.0,0,6
65,76,78.9,0,6
65,77,85.0,0,6
65,90,88.5,0,6
65,91,78.3,0,6
65,104,82.6,0,6
65,105,79.1,0,6
65,118,79.9,0,6
65,119,72.0,0,6
65,132,89.1,0,6
65,133,86.8,0,6
65,138,80.1,0,6
65,139,81.2,0,6
65,14,81.1,0,7
65,15,77.5,0,7
65,30,80.4,0,7
65,31,76.1,0,7
65,46,79.0,0,7
65,47,87.5,0,7
65,62,89.3,0,7
65,63,92.9,0,7
65,78,83.3,0,7
65,79,89.0,0,7
65,92,88.0,0,7
65,93,83.3,0,7
65,106,91.9,0,7
65,107,85.5,0,7
65,120,88.3,0,7
65,121,94.1,0,7
65,134,95.7,0,7
65,135,93.0,0,7
65,140,95.9,0,7
65,141,90.7,0,7
2,144,264.0,2,9
2,145,254.3,2,9
2,146,266.9,2,10
2,147,263.0,2,10
2,142,266.6,2,8
2,143,265.7,2,8
2,0,261.8,2,0
2,1,267.7,2,0
2,16,267.7,2,0
2,17,262.3,2,0
2,32,263.6,2,0
2,33,267.4,2,0
2,48,274.2,2,0
2,49,265.0,2,0
2,64,257.4,2,0
2,65,254.8,2,0
2,2,0.0,2,2
2,3,71.4,2,2
2,18,69.0,2,2
2,19,73.8,2,2
2,34,74.5,2,2
2,35,72.8,2,2
2,50,70.4,2,2
2,51,93.0,2,2
2,66,68.7,2,2
2,67,76.5,2,2
2,80,78.8,2,2
2,81,70.8,2,2
2,94,75.4,2,2
2,95,75.2,2,2
2,108,86.9,2,2
2,109,83.7,2,2
2,122,82.3,2,2
2,123,80.0,2,2
2,4,77.6,2,3
2,5,86.2,2,3
2,20,87.8,2,3
2,21,84.5,2,3
2,36,92.6,2,3
2,37,91.6,2,3
2,52,82.1,2,3
2,53,82.5,2,3
2,68,73.8,2,3
2,69,83.7,2,3
2,82,79.7,2,3
2,83,86.4,2,3
2,96,82.3,2,3
2,97,80.5,2,3
2,110,83.3,2,3
2,111,80.3,2,3
2,124,75.1,2,3
2,125,77.1,2,3
2,6,90.9,2,4
2,7,84.5,2,4
2,22,77.3,2,4
2,23,84.8,2,4
2,38,87.5,2,4
2,39,89.0,2,4
2,54,88.1,2,4
2,55,87.4,2,4
2,70,86.5,2,4
2,71,85.7,2,4
2,84,90.3,2,4
2,85,90.6,2,4
2,98,90.7,2,4
2,99,80.9,2,4
2,112,85.9,2,4
2,113,79.2,2,4
2,126,91.8,2,4
2,127,91.1,2,4
2,8,261.8,2,5
2,9,259.9,2,5
2,24,259.1,2,5
2,25,261.2,2,5
2,40,263.7,2,5
2,41,261.2,2,5
2,56,266.1,2,5
2,57,263.3,2,5
2,72,260.7,2,5
2,73,263.9,2,5
2,86,264.3,2,5
2,87,265.4,2,5
2,100,267.4,2,5
2,101,264.7,2,5
2,114,263.0,2,5
2,115,263.9,2,5
2,128,262.5,2,5
2,129,260.2,2,5
2,10,83.5,2,1
2,11,86.6,2,1
2,26,86.3,2,1
2,27,84.1,2,1
2,42,81.7,2,1
2,43,83.1,2,1
2,58,92.7,2,1
2,59,76.6,2,1
2,74,82.7,2,1
2,75,77.6,2,1
2,88,91.8,2,1
2,89,84.9,2,1
2,102,85.0,2,1
2,103,84.3,2,1
2,116,89.9,2,1
2,117,83.4,2,1
2,130,82.4,2,1
2,131,82.4,2,1
2,136,83.5,2,1
2,137,80.7,2,1
2,12,253.2,2,6
2,13,258.6,2,6
2,28,255.0,2,6
2,29,261.4,2,6
2,44,253.8,2,6
2,45,251.1,2,6
2,60,259.3,2,6
2,61,261.5,2,6
2,76,257.7,2,6
2,77,256.6,2,6
2,90,261.2,2,6
2,91,258.4,2,6
2,104,262.1,2,6
2,105,256.9,2,6
2,118,257.2,2,6
2,119,266.4,2,6
2,132,261.3,2,6
2,133,262.4,2,6
2,138,262.4,2,6
2,139,263.6,2,6
2,14,264.1,2,7
2,15,261.6,2,7
2,30,264.0,2,7
2,31,266.4,2,7
2,46,266.4,2,7
2,47,261.0,2,7
2,62,267.5,2,7
2,63,263.6,2,7
2,78,265.4,2,7
2,79,266.7,2,7
2,92,262.7,2,7
2,93,260.9,2,7
2,106,267.2,2,7
2,107,265.4,2,7
2,120,259.1,2,7
2,121,265.6,2,7
2,134,261.5,2,7
2,135,263.9,2,7
2,140,261.8,2,7
2,141,260.0,2,7
3,144,262.5,2,9
3,145,251.7,2,9
3,146,265.1,2,10
3,147,261.5,2,10
3,142,263.9,2,8
3,143,264.2,2,8
3,0,259.9,2,0
3,1,266.6,2,0
3,16,266.7,2,0
3,17,260.5,2,0
3,32,262.0,2,0
3,33,265.4,2,0
3,48,272.7,2,0
3,49,263.6,2,0
3,64,254.6,2,0
3,65,253.1,2,0
3,2,71.4,2,2
3,3,0.0,2,2
3,18,74.4,2,2
3,19,73.9,2,2
3,34,69.2,2,2
3,35,81.3,2,2
3,50,79.7,2,2
3,51,86.2,2,2
3,66,79.4,2,2
3,67,83.9,2,2
3,80,80.7,2,2
3,81,85.4,2,2
3,94,83.9,2,2
3,95,79.6,2,2
3,108,86.8,2,2
3,109,87.8,2,2
3,122,86.4,2,2
3,123,84.7,2,2
3,4,84.5,2,3
3,5,82.5,2,3
3,20,86.8,2,3
3,21,70.9,2,3
3,36,89.5,2,3
3,37,93.8,2,3
3,52,81.5,2,3
3,53,91.5,2,3
3,68,80.6,2,3
3,69,84.5,2,3
3,82,86.3,2,3
3,83,69.7,2,3
3,96,84.6,2,3
3,97,83.6,2,3
3,110,87.8,2,3
3,111,87.3,2,3
3,124,85.1,2,3
3,125,82.7,2,3
3,6,91.3,2,4
3,7,82.7,2,4
3,22,90.1,2,4
3,23,78.3,2,4
3,38,92.7,2,4
3,39,93.7,2,4
3,54,89.3,2,4
3,55,83.3,2,4
3,70,93.3,2,4
3,71,84.9,2,4
3,84,94.1,2,4
3,85,80.2,2,4
3,98,90.7,2,4
3,99,86.0,2,4
3,112,89.1,2,4
3,113,86.9,2,4
3,126,87.9,2,4
3,127,81.8,2,4
3,8,259.5,2,5
3,9,256.4,2,5
3,24,254.9,2,5
3,25,258.5,2,5
3,40,262.6,2,5
3,41,257.9,2,5
3,56,264.5,2,5
3,57,261.4,2,5
3,72,258.1,2,5
3,73,261.2,2,5
3,86,262.0,2,5
3,87,263.5,2,5
3,100,265.1,2,5
3,101,262.7,2,5
3,114,260.4,2,5
3,115,261.8,2,5
3,128,260.4,2,5
3,129,257.7,2,5
3,10,79.6,2,1
3,11,86.4,2,1
3,26,88.2,2,1
3,27,82.5,2,1
3,42,80.6,2,1
3,43,89.6,2,1
3,58,82.0,2,1
3,59,89.0,2,1
3,74,81.8,2,1
3,75,76.9,2,1
3,88,93.2,2,1
3,89,91.3,2,1
3,102,76.5,2,1
3,103,90.9,2,1
3,116,82.5,2,1
3,117,77.8,2,1
3,130,80.2,2,1
3,131,86.2,2,1
3,136,86.4,2,1
3,137,81.0,2,1
3,12,250.7,2,6
3,13,256.9,2,6
3,28,254.7,2,6
3,29,260.2,2,6
3,44,250.6,2,6
3,45,247.6,2,6
3,60,257.5,2,6
3,61,260.1,2,6
3,76,257.2,2,6
3,77,255.4,2,6
3,90,258.6,2,6
3,91,257.7,2,6
3,104,260.8,2,6
3,105,256.2,2,6
3,118,255.9,2,6
3,119,264.4,2,6
3,132,259.3,2,6
3,133,260.6,2,6
3,138,261.0,2,6
3,139,263.3,2,6
3,14,262.1,2,7
3,15,260.9,2,7
3,30,263.8,2,7
3,31,264.9,2,7
3,46,263.9,2,7
3,47,259.2,2,7
3,62,265.9,2,7
3,63,261.1,2,7
3,78,263.0,2,7
3,79,263.9,2,7
3,92,260.8,2,7
3,93,258.5,2,7
3,106,266.8,2,7
3,107,262.7,2,7
3,120,256.4,2,7
3,121,263.6,2,7
3,134,259.6,2,7
3,135,262.0,2,7
3,140,260.1,2,7
3,141,258.1,2,7
18,144,266.4,2,9
18,145,259.0,2,9
18,146,269.4,2,10
18,147,265.9,2,10
18,142,269.9,2,8
18,143,267.9,2,8
18,0,264.8,2,0
18,1,270.2,2,0
18,16,271.4,2,0
18,17,265.6,2,0
18,32,267.0,2,0
18,33,269.4,2,0
18,48,276.3,2,0
18,49,267.3,2,0
18,64,261.3,2,0
18,65,259.1,2,0
18,2,69.0,2,2
18,3,74.4,2,2
18,18,0.0,2,2
18,19,58.6,2,2
18,34,66.0,2,2
18,35,66.3,2,2
18,50,52.7,2,2
18,51,88.0,2,2
18,66,60.1,2,2
18,67,67.0,2,2
18,80,63.3,2,2
18,81,79.3,2,2
18,94,54.2,2,2
18,95,64.0,2,2
18,108,79.9,2,2
18,109,83.2,2,2
18,122,77.3,2,2
18,123,74.0,2,2
18,4,83.8,2,3
18,5,70.8,2,3
18,20,77.2,2,3
18,21,82.3,2,3
18,36,70.9,2,3
18,37,77.3,2,3
18,52,92.8,2,3
18,53,72.4,2,3
18,68,74.9,2,3
18,69,72.5,2,3
18,82,71.6,2,3
18,83,86.1,2,3
18,96,77.2,2,3
18,97,79.0,2,3
18,110,69.7,2,3
18,111,84.9,2,3
18,124,76.3,2,3
18,125,71.6,2,3
18,6,77.7,2,4
18,7,79.2,2,4
18,22,79.0,2,4
18,23,80.1,2,4
18,38,67.8,2,4
18,39,84.0,2,4
18,54,75.6,2,4
18,55,86.7,2,4
18,70,78.5,2,4
18,71,85.2,2,4
18,84,84.2,2,4
18,85,97.5,2,4
18,98,78.1,2,4
18,99,78.3,2,4
18,112,89.6,2,4
18,113,77.0,2,4
18,126,87.2,2,4
18,127,88.9,2,4
18,8,264.4,2,5
18,9,262.3,2,5
18,24,263.6,2,5
18,25,263.8,2,5
18,40,267.2,2,5
18,41,263.3,2,5
18,56,269.6,2,5
18,57,267.1,2,5
18,72,263.2,2,5
18,73,266.2,2,5
18,86,265.7,2,5
18,87,267.6,2,5
18,100,268.0,2,5
18,101,267.5,2,5
18,114,265.9,2,5
18,115,266.7,2,5
18,128,265.1,2,5
18,129,262.4,2,5
18,10,75.6,2,1
18,11,72.3,2,1
18,26,73.2,2,1
18,27,86.0,2,1
18,42,74.3,2,1
18,43,82.1,2,1
18,58,85.4,2,1
18,59,78.0,2,1
18,74,78.5,2,1
18,75,81.6,2,1
18,88,81.1,2,1
18,89,76.6,2,1
18,102,84.3,2,1
18,103,76.6,2,1
18,116,79.7,2,1
18,117,83.7,2,1
18,130,76.8,2,1
18,131,79.7,2,1
18,136,75.9,2,1
18,137,72.9,2,1
18,12,258.8,2,6
18,13,261.0,2,6
18,28,260.2,2,6
18,29,265.3,2,6
18,44,258.3,2,6
18,45,256.0,2,6
18,60,262.9,2,6
18,61,264.3,2,6
18,76,260.4,2,6
18,77,259.9,2,6
18,90,265.1,2,6
18,91,261.6,2,6
18,104,266.2,2,6
18,105,261.8,2,6
18,118,261.5,2,6
18,119,269.3,2,6
18,132,264.5,2,6
18,133,265.1,2,6
18,138,265.6,2,6
18,139,267.2,2,6
18,14,266.9,2,7
18,15,264.7,2,7
18,30,268.1,2,7
18,31,269.3,2,7
18,46,269.8,2,7
18,47,264.1,2,7
18,62,269.8,2,7
18,63,266.1,2,7
18,78,268.4,2,7
18,79,269.3,2,7
18,92,265.7,2,7
18,93,263.8,2,7
18,106,270.3,2,7
18,107,268.5,2,7
18,120,262.9,2,7
18,121,267.6,2,7
18,134,265.4,2,7
18,135,266.7,2,7
18,140,264.9,2,7
18,141,263.1,2,7
19,144,261.9,2,9
19,145,255.4,2,9
19,146,266.3,2,10
19,147,263.3,2,10
19,142,267.5,2,8
19,143,265.2,2,8
19,0,262.1,2,0
19,1,267.1,2,0
19,16,269.9,2,0
19,17,263.0,2,0
19,32,264.5,2,0
19,33,266.6,2,0
19,48,275.1,2,0
19,49,264.7,2,0
19,64,258.2,2,0
19,65,255.8,2,0
19,2,73.8,2,2
19,3,73.9,2,2
19,18,58.6,2,2
19,19,0.0,2,2
19,34,67.2,2,2
19,35,71.4,2,2
19,50,71.6,2,2
19,51,83.1,2,2
19,66,76.4,2,2
19,67,68.6,2,2
19,80,70.5,2,2
19,81,78.9,2,2
19,94,73.6,2,2
19,95,72.7,2,2
19,108,82.1,2,2
19,109,83.0,2,2
19,122,80.6,2,2
19,123,77.6,2,2
19,4,85.8,2,3
19,5,81.3,2,3
19,20,87.7,2,3
19,21,82.5,2,3
19,36,85.7,2,3
19,37,78.6,2,3
19,52,99.9,2,3
19,53,86.8,2,3
19,68,79.0,2,3
19,69,84.5,2,3
19,82,81.2,2,3
19,83,82.8,2,3
19,96,81.9,2,3
19,97,73.0,2,3
19,110,77.0,2,3
19,111,86.3,2,3
19,124,77.9,2,3
19,125,77.4,2,3
19,6,79.8,2,4
19,7,82.3,2,4
19,22,89.3,2,4
19,23,84.4,2,4
19,38,85.2,2,4
19,39,83.3,2,4
19,54,81.3,2,4
19,55,85.3,2,4
19,70,76.1,2,4
19,71,87.0,2,4
19,84,83.4,2,4
19,85,95.6,2,4
19,98,77.5,2,4
19,99,74.2,2,4
19,112,92.8,2,4
19,113,80.0,2,4
19,126,86.6,2,4
19,127,81.6,2,4
19,8,261.0,2,5
19,9,258.7,2,5
19,24,260.8,2,5
19,25,259.3,2,5
19,40,264.5,2,5
19,41,260.1,2,5
19,56,267.0,2,5
19,57,263.7,2,5
19,72,260.6,2,5
19,73,263.0,2,5
19,86,262.9,2,5
19,87,265.2,2,5
19,100,265.9,2,5
19,101,264.7,2,5
19,114,262.4,2,5
19,115,264.2,2,5
19,128,262.9,2,5
19,129,260.5,2,5
19,10,75.2,2,1
19,11,74.2,2,1
19,26,81.8,2,1
19,27,83.1,2,1
19,42,81.1,2,1
19,43,76.0,2,1
19,58,85.0,2,1
19,59,81.4,2,1
19,74,72.2,2,1
19,75,79.8,2,1
19,88,84.2,2,1
19,89,79.5,2,1
19,102,83.7,2,1
19,103,84.7,2,1
19,116,83.7,2,1
19,117,75.6,2,1
19,130,82.6,2,1
19,131,82.5,2,1
19,136,86.1,2,1
19,137,81.9,2,1
19,12,255.0,2,6
19,13,257.9,2,6
19,28,256.9,2,6
19,29,263.5,2,6
19,44,255.0,2,6
19,45,251.8,2,6
19,60,260.7,2,6
19,61,261.2,2,6
19,76,259.0,2,6
19,77,257.7,2,6
19,90,263.5,2,6
19,91,258.8,2,6
19,104,263.6,2,6
19,105,258.8,2,6
19,118,258.9,2,6
19,119,266.9,2,6
19,132,261.8,2,6
19,133,263.3,2,6
19,138,262.5,2,6
19,139,264.7,2,6
19,14,264.0,2,7
19,15,261.9,2,7
19,30,265.6,2,7
19,31,266.3,2,7
19,46,267.1,2,7
19,47,260.6,2,7
19,62,267.4,2,7
19,63,263.3,2,7
19,78,263.3,2,7
19,79,266.5,2,7
19,92,262.8,2,7
19,93,261.2,2,7
19,106,266.7,2,7
19,107,265.5,2,7
19,120,258.1,2,7
19,121,262.4,2,7
19,134,261.9,2,7
19,135,262.4,2,7
19,140,260.0,2,7
19,141,260.2,2,7
34,144,265.8,2,9
34,145,257.1,2,9
34,146,270.2,2,10
34,147,265.6,2,10
34,142,269.9,2,8
34,143,268.6,2,8
34,0,264.8,2,0
34,1,271.1,2,0
34,16,272.2,2,0
34,17,265.3,2,0
34,32,267.0,2,0
34,33,269.7,2,0
34,48,278.4,2,0
34,49,267.4,2,0
34,64,259.7,2,0
34,65,256.8,2,0
34,2,74.5,2,2
34,3,69.2,2,2
34,18,66.0,2,2
34,19,67.2,2,2
34,34,0.0,2,2
34,35,68.0,2,2
34,50,71.3,2,2
34,51,89.5,2,2
34,66,71.4,2,2
34,67,75.5,2,2
34,80,80.3,2,2
34,81,79.1,2,2
34,94,73.9,2,2
34,95,67.8,2,2
34,108,84.1,2,2
34,109,86.8,2,2
34,122,80.8,2,2
34,123,82.8,2,2
34,4,83.6,2,3
34,5,74.5,2,3
34,20,85.9,2,3
34,21,79.2,2,3
34,36,83.4,2,3
34,37,82.2,2,3
34,52,95.1,2,3
34,53,85.9,2,3
34,68,72.5,2,3
34,69,82.2,2,3
34,82,81.1,2,3
34,83,86.8,2,3
34,96,71.2,2,3
34,97,84.4,2,3
34,110,83.6,2,3
34,111,83.2,2,3
34,124,82.6,2,3
34,125,76.7,2,3
34,6,85.1,2,4
34,7,80.4,2,4
34,22,86.4,2,4
34,23,84.8,2,4
34,38,84.4,2,4
34,39,94.4,2,4
34,54,86.7,2,4
34,55,88.5,2,4
34,70,88.4,2,4
34,71,82.2,2,4
34,84,90.3,2,4
34,85,94.6,2,4
34,98,88.6,2,4
34,99,82.0,2,4
34,112,92.9,2,4
34,113,84.2,2,4
34,126,87.7,2,4
34,127,86.3,2,4
34,8,263.4,2,5
34,9,261.8,2,5
34,24,261.7,2,5
34,25,261.0,2,5
34,40,266.8,2,5
34,41,263.3,2,5
34,56,270.1,2,5
34,57,266.0,2,5
34,72,262.8,2,5
34,73,266.3,2,5
34,86,266.5,2,5
34,87,268.4,2,5
34,100,268.6,2,5
34,101,268.3,2,5
34,114,266.1,2,5
34,115,267.3,2,5
34,128,265.9,2,5
34,129,262.9,2,5
34,10,81.7,2,1
34,11,78.3,2,1
34,26,86.9,2,1
34,27,93.9,2,1
34,42,86.1,2,1
34,43,86.6,2,1
34,58,85.6,2,1
34,59,87.4,2,1
34,74,83.4,2,1
34,75,84.8,2,1
34,88,86.3,2,1
34,89,86.4,2,1
34,102,90.9,2,1
34,103,87.1,2,1
34,116,80.1,2,1
34,117,86.8,2,1
34,130,83.5,2,1
34,131,88.4,2,1
34,136,83.0,2,1
34,137,83.9,2,1
34,12,258.2,2,6
34,13,261.7,2,6
34,28,260.4,2,6
34,29,265.3,2,6
34,44,257.0,2,6
34,45,253.3,2,6
34,60,261.6,2,6
34,61,264.5,2,6
34,76,260.3,2,6
34,77,260.1,2,6
34,90,264.5,2,6
34,91,259.9,2,6
34,104,266.1,2,6
34,105,260.4,2,6
34,118,261.1,2,6
34,119,269.5,2,6
34,132,263.6,2,6
34,133,265.2,2,6
34,138,266.1,2,6
34,139,267.7,2,6
34,14,266.9,2,7
34,15,264.3,2,7
34,30,266.7,2,7
34,31,268.6,2,7
34,46,268.3,2,7
34,47,263.8,2,7
34,62,270.3,2,7
34,63,266.3,2,7
34,78,266.5,2,7
34,79,269.9,2,7
34,92,265.9,2,7
34,93,263.5,2,7
34,106,270.2,2,7
34,107,268.4,2,7
34,120,260.1,2,7
34,121,266.9,2,7
34,134,265.1,2,7
34,135,267.1,2,7
34,140,263.7,2,7
34,141,263.1,2,7
35,144,267.3,2,9
35,145,260.6,2,9
35,146,271.0,2,10
35,147,267.8,2,10
35,142,271.6,2,8
35,143,269.6,2,8
35,0,267.2,2,0
35,1,273.1,2,0
35,16,273.7,2,0
35,17,268.8,2,0
35,32,269.5,2,0
35,33,271.4,2,0
35,48,279.3,2,0
35,49,271.1,2,0
35,64,263.3,2,0
35,65,262.2,2,0
35,2,72.8,2,2
35,3,81.3,2,2
35,18,66.3,2,2
35,19,71.4,2,2
35,34,68.0,2,2
35,35,0.0,2,2
35,50,48.8,2,2
35,51,86.1,2,2
35,66,60.7,2,2
35,67,66.6,2,2
35,80,58.6,2,2
35,81,78.2,2,2
35,94,57.5,2,2
35,95,55.7,2,2
35,108,82.6,2,2
35,109,73.5,2,2
35,122,74.3,2,2
35,123,71.7,2,2
35,4,84.3,2,3
35,5,71.9,2,3
35,20,75.3,2,3
35,21,85.6,2,3
35,36,77.8,2,3
35,37,78.1,2,3
35,52,93.7,2,3
35,53,75.9,2,3
35,68,78.0,2,3
35,69,73.8,2,3
35,82,75.9,2,3
35,83,89.7,2,3
35,96,83.0,2,3
35,97,83.4,2,3
35,110,78.5,2,3
35,111,80.5,2,3
35,124,79.4,2,3
35,125,75.7,2,3
35,6,82.7,2,4
35,7,82.7,2,4
35,22,85.5,2,4
35,23,82.1,2,4
35,38,76.7,2,4
35,39,84.9,2,4
35,54,80.5,2,4
35,55,85.3,2,4
35,70,86.2,2,4
35,71,87.5,2,4
35,84,78.5,2,4
35,85,98.6,2,4
35,98,82.6,2,4
35,99,79.0,2,4
35,112,87.5,2,4
35,113,77.9,2,4
35,126,82.8,2,4
35,127,89.9,2,4
35,8,266.0,2,5
35,9,264.1,2,5
35,24,265.3,2,5
35,25,264.7,2,5
35,40,268.7,2,5
35,41,265.3,2,5
35,56,271.3,2,5
35,57,268.0,2,5
35,72,266.3,2,5
35,73,268.4,2,5
35,86,267.7,2,5
35,87,268.8,2,5
35,100,270.9,2,5
35,101,270.2,2,5
35,114,267.9,2,5
35,115,268.7,2,5
35,128,268.0,2,5
35,129,266.3,2,5
35,10,77.9,2,1
35,11,76.7,2,1
35,26,78.0,2,1
35,27,85.1,2,1
35,42,84.9,2,1
35,43,85.9,2,1
35,58,86.8,2,1
35,59,84.6,2,1
35,74,84.3,2,1
35,75,83.5,2,1
35,88,86.9,2,1
35,89,73.6,2,1
35,102,84.2,2,1
35,103,79.7,2,1
35,116,80.6,2,1
35,117,86.6,2,1
35,130,84.8,2,1
35,131,82.7,2,1
35,136,80.1,2,1
35,137,80.2,2,1
35,12,262.4,2,6
35,13,264.2,2,6
35,28,261.9,2,6
35,29,268.1,2,6
35,44,260.9,2,6
35,45,258.0,2,6
35,60,266.6,2,6
35,61,266.8,2,6
35,76,264.8,2,6
35,77,262.7,2,6
35,90,268.3,2,6
35,91,263.8,2,6
35,104,267.5,2,6
35,105,264.6,2,6
35,118,264.1,2,6
35,119,271.6,2,6
35,132,266.3,2,6
35,133,269.0,2,6
35,138,267.8,2,6
35,139,270.2,2,6
35,14,269.8,2,7
35,15,268.3,2,7
35,30,271.5,2,7
35,31,272.2,2,7
35,46,272.3,2,7
35,47,267.0,2,7
35,62,272.4,2,7
35,63,268.3,2,7
35,78,269.9,2,7
35,79,272.2,2,7
35,92,267.2,2,7
35,93,266.6,2,7
35,106,272.1,2,7
35,107,270.7,2,7
35,120,264.2,2,7
35,121,268.6,2,7
35,134,266.7,2,7
35,135,268.5,2,7
35,140,266.1,2,7
35,141,265.0,2,7
50,144,269.8,2,9
50,145,262.2,2,9
50,146,272.2,2,10
50,147,268.7,2,10
50,142,272.1,2,8
50,143,270.4,2,8
50,0,268.0,2,0
50,1,273.6,2,0
50,16,274.4,2,0
50,17,269.5,2,0
50,32,270.4,2,0
50,33,272.7,2,0
50,48,279.3,2,0
50,49,271.3,2,0
50,64,265.3,2,0
50,65,263.5,2,0
50,2,70.4,2,2
50,3,79.7,2,2
50,18,52.7,2,2
50,19,71.6,2,2
50,34,71.3,2,2
50,35,48.8,2,2
50,50,0.0,2,2
50,51,87.0,2,2
50,66,58.3,2,2
50,67,63.9,2,2
50,80,63.3,2,2
50,81,78.5,2,2
50,94,37.2,2,2
50,95,54.4,2,2
50,108,79.4,2,2
50,109,74.2,2,2
50,122,72.5,2,2
50,123,68.5,2,2
50,4,81.6,2,3
50,5,66.0,2,3
50,20,67.9,2,3
50,21,82.3,2,3
50,36,74.3,2,3
50,37,77.6,2,3
50,52,90.0,2,3
50,53,64.6,2,3
50,68,73.5,2,3
50,69,72.1,2,3
50,82,68.1,2,3
50,83,87.3,2,3
50,96,79.2,2,3
50,97,82.0,2,3
50,110,76.7,2,3
50,111,79.5,2,3
50,124,76.4,2,3
50,125,71.6,2,3
50,6,82.1,2,4
50,7,81.8,2,4
50,22,80.9,2,4
50,23,77.9,2,4
50,38,69.8,2,4
50,39,85.3,2,4
50,54,79.9,2,4
50,55,82.8,2,4
50,70,80.3,2,4
50,71,87.6,2,4
50,84,82.7,2,4
50,85,98.6,2,4
50,98,83.2,2,4
50,99,78.7,2,4
50,112,86.2,2,4
50,113,81.3,2,4
50,126,86.3,2,4
50,127,92.4,2,4
50,8,267.4,2,5
50,9,265.5,2,5
50,24,266.8,2,5
50,25,266.6,2,5
50,40,269.7,2,5
50,41,267.1,2,5
50,56,272.6,2,5
50,57,269.3,2,5
50,72,267.1,2,5
50,73,269.7,2,5
50,86,268.9,2,5
50,87,270.3,2,5
50,100,272.4,2,5
50,101,270.8,2,5
50,114,269.5,2,5
50,115,269.8,2,5
50,128,269.0,2,5
50,129,266.7,2,5
50,10,77.4,2,1
50,11,78.3,2,1
50,26,78.7,2,1
50,27,82.8,2,1
50,42,75.4,2,1
50,43,85.3,2,1
50,58,85.9,2,1
50,59,80.7,2,1
50,74,83.5,2,1
50,75,82.4,2,1
50,88,85.1,2,1
50,89,74.4,2,1
50,102,83.4,2,1
50,103,75.6,2,1
50,116,80.4,2,1
50,117,84.8,2,1
50,130,81.0,2,1
50,131,79.4,2,1
50,136,78.1,2,1
50,137,76.7,2,1
50,12,263.0,2,6
50,13,265.4,2,6
50,28,263.1,2,6
50,29,268.7,2,6
50,44,262.0,2,6
50,45,259.8,2,6
50,60,267.6,2,6
50,61,268.8,2,6
50,76,266.5,2,6
50,77,263.8,2,6
50,90,269.4,2,6
50,91,265.9,2,6
50,104,269.0,2,6
50,105,265.9,2,6
50,118,265.4,2,6
50,119,272.9,2,6
50,132,268.6,2,6
50,133,269.9,2,6
50,138,269.0,2,6
50,139,270.8,2,6
50,14,270.9,2,7
50,15,268.6,2,7
50,30,272.7,2,7
50,31,272.9,2,7
50,46,273.3,2,7
50,47,268.0,2,7
50,62,273.6,2,7
50,63,269.8,2,7
50,78,271.5,2,7
50,79,273.2,2,7
50,92,268.7,2,7
50,93,267.2,2,7
50,106,273.4,2,7
50,107,271.9,2,7
50,120,266.4,2,7
50,121,270.7,2,7
50,134,268.0,2,7
50,135,270.3,2,7
50,140,268.5,2,7
50,141,266.1,2,7
51,144,263.1,2,9
51,145,250.5,2,9
51,146,269.8,2,10
51,147,262.8,2,10
51,142,267.8,2,8
51,143,262.6,2,8
51,0,263.7,2,0
51,1,269.9,2,0
51,16,268.8,2,0
51,17,264.7,2,0
51,32,264.7,2,0
51,33,270.5,2,0
51,48,275.9,2,0
51,49,267.9,2,0
51,64,257.1,2,0
51,65,255.5,2,0
51,2,93.0,2,2
51,3,86.2,2,2
51,18,88.0,2,2
51,19,83.1,2,2
51,34,89.5,2,2
51,35,86.1,2,2
51,50,87.0,2,2
51,51,0.0,2,2
51,66,86.1,2,2
51,67,83.4,2,2
51,80,91.0,2,2
51,81,90.8,2,2
51,94,90.4,2,2
51,95,86.9,2,2
51,108,98.3,2,2
51,109,89.5,2,2
51,122,97.0,2,2
51,123,98.6,2,2
51,4,92.3,2,3
51,5,93.4,2,3
51,20,93.4,2,3
51,21,84.9,2,3
51,36,102.4,2,3
51,37,107.0,2,3
51,52,101.1,2,3
51,53,101.1,2,3
51,68,94.9,2,3
51,69,97.4,2,3
51,82,99.5,2,3
51,83,89.1,2,3
51,96,96.7,2,3
51,97,95.0,2,3
51,110,99.7,2,3
51,111,96.1,2,3
51,124,97.7,2,3
51,125,100.4,2,3
51,6,106.0,2,4
51,7,93.9,2,4
51,22,103.7,2,4
51,23,95.9,2,4
51,38,104.0,2,4
51,39,88.8,2,4
51,54,102.5,2,4
51,55,102.7,2,4
51,70,105.4,2,4
51,71,99.3,2,4
51,84,107.8,2,4
51,85,81.7,2,4
51,98,100.7,2,4
51,99,96.6,2,4
51,112,97.3,2,4
51,113,97.2,2,4
51,126,85.7,2,4
51,127,84.8,2,4
51,8,262.2,2,5
51,9,258.1,2,5
51,24,255.7,2,5
51,25,261.6,2,5
51,40,266.0,2,5
51,41,261.7,2,5
51,56,270.3,2,5
51,57,264.7,2,5
51,72,263.1,2,5
51,73,265.4,2,5
51,86,264.8,2,5
51,87,265.3,2,5
51,100,269.6,2,5
51,101,267.1,2,5
51,114,261.1,2,5
51,115,263.7,2,5
51,128,264.6,2,5
51,129,263.1,2,5
51,10,97.9,2,1
51,11,100.4,2,1
51,26,98.6,2,1
51,27,86.8,2,1
51,42,93.8,2,1
51,43,98.5,2,1
51,58,99.6,2,1
51,59,102.8,2,1
51,74,101.1,2,1
51,75,86.5,2,1
51,88,108.7,2,1
51,89,105.2,2,1
51,102,96.9,2,1
51,103,108.0,2,1
51,116,109.7,2,1
51,117,77.4,2,1
51,130,99.9,2,1
51,131,94.8,2,1
51,136,100.5,2,1
51,137,99.7,2,1
51,12,255.6,2,6
51,13,259.5,2,6
51,28,258.6,2,6
51,29,266.3,2,6
51,44,251.5,2,6
51,45,246.8,2,6
51,60,262.0,2,6
51,61,262.9,2,6
51,76,258.9,2,6
51,77,257.4,2,6
51,90,259.5,2,6
51,91,258.2,2,6
51,104,259.9,2,6
51,105,257.0,2,6
51,118,257.3,2,6
51,119,268.0,2,6
51,132,258.6,2,6
51,133,262.3,2,6
51,138,263.0,2,6
51,139,263.8,2,6
51,14,264.3,2,7
51,15,263.2,2,7
51,30,268.0,2,7
51,31,268.5,2,7
51,46,268.7,2,7
51,47,261.8,2,7
51,62,267.5,2,7
51,63,261.8,2,7
51,78,266.7,2,7
51,79,268.6,2,7
51,92,262.6,2,7
51,93,261.0,2,7
51,106,270.6,2,7
51,107,264.4,2,7
51,120,257.3,2,7
51,121,266.3,2,7
51,134,263.2,2,7
51,135,265.7,2,7
51,140,263.8,2,7
51,141,261.8,2,7
66,144,266.3,2,9
66,145,258.2,2,9
66,146,268.8,2,10
66,147,265.2,2,10
66,142,268.8,2,8
66,143,267.1,2,8
66,0,264.3,2,0
66,1,270.6,2,0
66,16,269.9,2,0
66,17,265.7,2,0
66,32,265.7,2,0
66,33,269.1,2,0
66,48,276.0,2,0
66,49,268.3,2,0
66,64,260.8,2,0
66,65,259.1,2,0
66,2,68.7,2,2
66,3,79.4,2,2
66,18,60.1,2,2
66,19,76.4,2,2
66,34,71.4,2,2
66,35,60.7,2,2
66,50,58.3,2,2
66,51,86.1,2,2
66,66,0.0,2,2
66,67,65.3,2,2
66,80,73.2,2,2
66,81,77.7,2,2
66,94,59.6,2,2
66,95,61.9,2,2
66,108,83.0,2,2
66,109,79.8,2,2
66,122,76.7,2,2
66,123,77.0,2,2
66,4,82.2,2,3
66,5,74.1,2,3
66,20,77.7,2,3
66,21,82.8,2,3
66,36,80.6,2,3
66,37,83.6,2,3
66,52,90.2,2,3
66,53,71.5,2,3
66,68,77.8,2,3
66,69,72.2,2,3
66,82,75.4,2,3
66,83,91.4,2,3
66,96,81.3,2,3
66,97,84.6,2,3
66,110,79.6,2,3
66,111,81.6,2,3
66,124,81.0,2,3
66,125,70.2,2,3
66,6,83.1,2,4
66,7,78.8,2,4
66,22,73.8,2,4
66,23,83.6,2,4
66,38,71.7,2,4
66,39,89.6,2,4
66,54,84.0,2,4
66,55,85.6,2,4
66,70,84.2,2,4
66,71,90.3,2,4
66,84,86.5,2,4
66,85,94.3,2,4
66,98,82.7,2,4
66,99,80.2,2,4
66,112,85.3,2,4
66,113,77.2,2,4
66,126,82.9,2,4
66,127,89.5,2,4
66,8,264.4,2,5
66,9,262.3,2,5
66,24,262.3,2,5
66,25,264.1,2,5
66,40,266.9,2,5
66,41,263.2,2,5
66,56,268.6,2,5
66,57,266.9,2,5
66,72,263.9,2,5
66,73,266.4,2,5
66,86,266.2,2,5
66,87,267.4,2,5
66,100,270.0,2,5
66,101,268.4,2,5
66,114,266.0,2,5
66,115,265.6,2,5
66,128,265.7,2,5
66,129,263.8,2,5
66,10,79.5,2,1
66,11,80.8,2,1
66,26,75.1,2,1
66,27,84.4,2,1
66,42,78.7,2,1
66,43,87.8,2,1
66,58,87.2,2,1
66,59,81.4,2,1
66,74,83.9,2,1
66,75,83.0,2,1
66,88,80.5,2,1
66,89,77.8,2,1
66,102,84.6,2,1
66,103,76.7,2,1
66,116,83.4,2,1
66,117,85.9,2,1
66,130,83.2,2,1
66,131,80.8,2,1
66,136,69.6,2,1
66,137,73.2,2,1
66,12,259.4,2,6
66,13,261.7,2,6
66,28,259.3,2,6
66,29,265.1,2,6
66,44,257.8,2,6
66,45,255.2,2,6
66,60,263.6,2,6
66,61,264.4,2,6
66,76,260.1,2,6
66,77,259.6,2,6
66,90,264.5,2,6
66,91,261.3,2,6
66,104,264.8,2,6
66,105,261.4,2,6
66,118,260.8,2,6
66,119,268.8,2,6
66,132,263.5,2,6
66,133,265.2,2,6
66,138,265.3,2,6
66,139,267.2,2,6
66,14,267.3,2,7
66,15,265.4,2,7
66,30,269.0,2,7
66,31,270.0,2,7
66,46,270.1,2,7
66,47,264.4,2,7
66,62,270.2,2,7
66,63,266.3,2,7
66,78,269.0,2,7
66,79,270.1,2,7
66,92,265.4,2,7
66,93,264.3,2,7
66,106,270.5,2,7
66,107,269.1,2,7
66,120,261.6,2,7
66,121,267.7,2,7
66,134,264.5,2,7
66,135,266.2,2,7
66,140,265.3,2,7
66,141,262.3,2,7
67,144,269.8,2,9
67,145,261.2,2,9
67,146,273.6,2,10
67,147,268.7,2,10
67,142,272.3,2,8
67,143,271.3,2,8
67,0,269.0,2,0
67,1,274.5,2,0
67,16,274.6,2,0
67,17,270.3,2,0
67,32,271.6,2,0
67,33,273.9,2,0
67,48,280.8,2,0
67,49,273.4,2,0
67,64,265.2,2,0
67,65,263.8,2,0
67,2,76.5,2,2
67,3,83.9,2,2
67,18,67.0,2,2
67,19,68.6,2,2
67,34,75.5,2,2
67,35,66.6,2,2
67,50,63.9,2,2
67,51,83.4,2,2
67,66,65.3,2,2
67,67,0.0,2,2
67,80,71.5,2,2
67,81,71.6,2,2
67,94,69.7,2,2
67,95,60.5,2,2
67,108,73.8,2,2
67,109,75.8,2,2
67,122,72.4,2,2
67,123,75.7,2,2
67,4,75.0,2,3
67,5,73.9,2,3
67,20,76.7,2,3
67,21,71.6,2,3
67,36,78.1,2,3
67,37,80.7,2,3
67,52,88.1,2,3
67,53,69.4,2,3
67,68,76.1,2,3
67,69,73.6,2,3
67,82,77.0,2,3
67,83,84.5,2,3
67,96,78.9,2,3
67,97,79.7,2,3
67,110,78.3,2,3
67,111,86.4,2,3
67,124,74.7,2,3
67,125,77.4,2,3
67,6,84.2,2,4
67,7,79.9,2,4
67,22,81.2,2,4
67,23,84.2,2,4
67,38,80.7,2,4
67,39,91.9,2,4
67,54,84.8,2,4
67,55,77.9,2,4
67,70,85.2,2,4
67,71,86.0,2,4
67,84,89.7,2,4
67,85,96.1,2,4
67,98,80.1,2,4
67,99,78.7,2,4
67,112,84.5,2,4
67,113,78.6,2,4
67,126,84.3,2,4
67,127,86.4,2,4
67,8,267.4,2,5
67,9,266.7,2,5
67,24,266.6,2,5
67,25,267.1,2,5
67,40,270.4,2,5
67,41,267.3,2,5
67,56,273.5,2,5
67,57,268.7,2,5
67,72,268.3,2,5
67,73,269.8,2,5
67,86,269.7,2,5
67,87,271.8,2,5
67,100,273.9,2,5
67,101,272.0,2,5
67,114,270.4,2,5
67,115,270.7,2,5
67,128,270.6,2,5
67,129,269.5,2,5
67,10,81.7,2,1
67,11,82.9,2,1
67,26,81.0,2,1
67,27,79.6,2,1
67,42,85.1,2,1
67,43,84.5,2,1
67,58,84.2,2,1
67,59,71.6,2,1
67,74,81.5,2,1
67,75,79.6,2,1
67,88,86.1,2,1
67,89,79.5,2,1
67,102,82.9,2,1
67,103,76.1,2,1
67,116,85.1,2,1
67,117,82.6,2,1
67,130,86.1,2,1
67,131,82.5,2,1
67,136,78.9,2,1
67,137,77.7,2,1
67,12,262.7,2,6
67,13,266.4,2,6
67,28,263.8,2,6
67,29,269.8,2,6
67,44,262.2,2,6
67,45,259.0,2,6
67,60,268.7,2,6
67,61,269.4,2,6
67,76,265.1,2,6
67,77,264.1,2,6
67,90,269.5,2,6
67,91,265.1,2,6
67,104,270.2,2,6
67,105,265.4,2,6
67,118,265.9,2,6
67,119,273.8,2,6
67,132,268.0,2,6
67,133,270.2,2,6
67,138,269.3,2,6
67,139,272.2,2,6
67,14,271.2,2,7
67,15,269.9,2,7
67,30,273.0,2,7
67,31,273.2,2,7
67,46,274.0,2,7
67,47,268.2,2,7
67,62,274.2,2,7
67,63,270.0,2,7
67,78,271.7,2,7
67,79,274.0,2,7
67,92,269.8,2,7
67,93,268.9,2,7
67,106,274.7,2,7
67,107,272.2,2,7
67,120,266.4,2,7
67,121,272.0,2,7
67,134,268.1,2,7
67,135,271.0,2,7
67,140,269.0,2,7
67,141,266.8,2,7
80,144,269.8,2,9
80,145,263.0,2,9
80,146,272.0,2,10
80,147,269.1,2,10
80,142,271.9,2,8
80,143,271.0,2,8
80,0,268.8,2,0
80,1,273.4,2,0
80,16,275.6,2,0
80,17,270.5,2,0
80,32,271.5,2,0
80,33,272.9,2,0
80,48,281.0,2,0
80,49,271.5,2,0
80,64,265.1,2,0
80,65,263.8,2,0
80,2,78.8,2,2
80,3,80.7,2,2
80,18,63.3,2,2
80,19,70.5,2,2
80,34,80.3,2,2
80,35,58.6,2,2
80,50,63.3,2,2
80,51,91.0,2,2
80,66,73.2,2,2
80,67,71.5,2,2
80,80,0.0,2,2
80,81,86.8,2,2
80,94,62.0,2,2
80,95,67.3,2,2
80,108,85.4,2,2
80,109,87.6,2,2
80,122,81.1,2,2
80,123,75.6,2,2
80,4,93.6,2,3
80,5,74.3,2,3
80,20,76.6,2,3
80,21,90.9,2,3
80,36,71.0,2,3
80,37,78.4,2,3
80,52,98.1,2,3
80,53,76.6,2,3
80,68,88.6,2,3
80,69,78.6,2,3
80,82,77.4,2,3
80,83,80.7,2,3
80,96,89.0,2,3
80,97,81.5,2,3
80,110,77.0,2,3
80,111,94.9,2,3
80,124,81.0,2,3
80,125,81.7,2,3
80,6,83.0,2,4
80,7,88.7,2,4
80,22,88.1,2,4
80,23,87.1,2,4
80,38,83.6,2,4
80,39,84.5,2,4
80,54,72.9,2,4
80,55,90.5,2,4
80,70,83.7,2,4
80,71,90.5,2,4
80,84,82.8,2,4
80,85,107.8,2,4
80,98,80.3,2,4
80,99,83.8,2,4
80,112,92.1,2,4
80,113,87.7,2,4
80,126,90.9,2,4
80,127,92.7,2,4
80,8,267.5,2,5
80,9,263.4,2,5
80,24,267.8,2,5
80,25,265.9,2,5
80,40,270.4,2,5
80,41,266.8,2,5
80,56,273.3,2,5
80,57,269.6,2,5
80,72,266.6,2,5
80,73,269.7,2,5
80,86,269.4,2,5
80,87,270.5,2,5
80,100,271.6,2,5
80,101,271.3,2,5
80,114,268.5,2,5
80,115,270.0,2,5
80,128,268.8,2,5
80,129,267.2,2,5
80,10,80.1,2,1
80,11,75.0,2,1
80,26,76.1,2,1
80,27,94.8,2,1
80,42,88.9,2,1
80,43,90.5,2,1
80,58,83.0,2,1
80,59,88.7,2,1
80,74,86.1,2,1
80,75,92.9,2,1
80,88,95.6,2,1
80,89,75.9,2,1
80,102,86.7,2,1
80,103,86.0,2,1
80,116,81.9,2,1
80,117,91.2,2,1
80,130,89.6,2,1
80,131,87.0,2,1
80,136,91.2,2,1
80,137,84.2,2,1
80,12,263.4,2,6
80,13,265.3,2,6
80,28,262.6,2,6
80,29,269.9,2,6
80,44,262.5,2,6
80,45,260.2,2,6
80,60,268.8,2,6
80,61,269.2,2,6
80,76,267.3,2,6
80,77,263.9,2,6
80,90,271.0,2,6
80,91,266.6,2,6
80,104,270.4,2,6
80,105,267.4,2,6
80,118,266.0,2,6
80,119,273.8,2,6
80,132,269.0,2,6
80,133,269.4,2,6
80,138,269.2,2,6
80,139,271.1,2,6
80,14,271.5,2,7
80,15,269.5,2,7
80,30,273.7,2,7
80,31,273.2,2,7
80,46,273.9,2,7
80,47,267.8,2,7
80,62,273.8,2,7
80,63,268.3,2,7
80,78,270.9,2,7
80,79,271.5,2,7
80,92,268.7,2,7
80,93,267.9,2,7
80,106,274.0,2,7
80,107,272.4,2,7
80,120,266.8,2,7
80,121,270.4,2,7
80,134,268.5,2,7
80,135,270.2,2,7
80,140,268.4,2,7
80,141,266.5,2,7
81,144,263.8,2,9
81,145,254.2,2,9
81,146,268.7,2,10
81,147,263.4,2,10
81,142,268.6,2,8
81,143,266.2,2,8
81,0,263.0,2,0
81,1,270.1,2,0
81,16,269.9,2,0
81,17,264.4,2,0
81,32,264.5,2,0
81,33,269.4,2,0
81,48,277.2,2,0
81,49,266.7,2,0
81,64,257.4,2,0
81,65,254.3,2,0
81,2,70.8,2,2
81,3,85.4,2,2
81,18,79.3,2,2
81,19,78.9,2,2
81,34,79.1,2,2
81,35,78.2,2,2
81,50,78.5,2,2
81,51,90.8,2,2
81,66,77.7,2,2
81,67,71.6,2,2
81,80,86.8,2,2
81,81,0.0,2,2
81,94,81.7,2,2
81,95,73.7,2,2
81,108,96.4,2,2
81,109,86.3,2,2
81,122,95.3,2,2
81,123,91.3,2,2
81,4,81.9,2,3
81,5,98.7,2,3
81,20,99.9,2,3
81,21,90.2,2,3
81,36,103.5,2,3
81,37,98.5,2,3
81,52,87.1,2,3
81,53,97.1,2,3
81,68,86.2,2,3
81,69,91.6,2,3
81,82,96.4,2,3
81,83,89.8,2,3
81,96,91.7,2,3
81,97,88.3,2,3
81,110,86.8,2,3
81,111,87.5,2,3
81,124,82.2,2,3
81,125,93.9,2,3
81,6,97.1,2,4
81,7,87.9,2,4
81,22,84.7,2,4
81,23,94.4,2,4
81,38,96.8,2,4
81,39,100.4,2,4
81,54,98.0,2,4
81,55,100.3,2,4
81,70,93.6,2,4
81,71,88.5,2,4
81,84,96.9,2,4
81,85,95.7,2,4
81,98,98.6,2,4
81,99,91.6,2,4
81,112,94.9,2,4
81,113,71.5,2,4
81,126,101.1,2,4
81,127,93.4,2,4
81,8,262.4,2,5
81,9,260.6,2,5
81,24,260.6,2,5
81,25,260.3,2,5
81,40,264.9,2,5
81,41,261.6,2,5
81,56,268.6,2,5
81,57,263.4,2,5
81,72,262.8,2,5
81,73,265.2,2,5
81,86,265.0,2,5
81,87,266.6,2,5
81,100,268.5,2,5
81,101,267.1,2,5
81,114,262.7,2,5
81,115,265.8,2,5
81,128,265.2,2,5
81,129,262.2,2,5
81,10,98.2,2,1
81,11,95.5,2,1
81,26,98.8,2,1
81,27,101.3,2,1
81,42,94.8,2,1
81,43,89.5,2,1
81,58,102.6,2,1
81,59,88.3,2,1
81,74,85.4,2,1
81,75,83.9,2,1
81,88,100.1,2,1
81,89,94.5,2,1
81,102,91.7,2,1
81,103,99.3,2,1
81,116,102.3,2,1
81,117,88.3,2,1
81,130,96.5,2,1
81,131,89.3,2,1
81,136,92.0,2,1
81,137,94.0,2,1
81,12,255.9,2,6
81,13,259.4,2,6
81,28,256.6,2,6
81,29,263.0,2,6
81,44,254.8,2,6
81,45,250.0,2,6
81,60,260.7,2,6
81,61,262.6,2,6
81,76,256.7,2,6
81,77,257.9,2,6
81,90,264.3,2,6
81,91,256.5,2,6
81,104,263.4,2,6
81,105,258.2,2,6
81,118,257.9,2,6
81,119,267.8,2,6
81,132,263.0,2,6
81,133,264.5,2,6
81,138,264.0,2,6
81,139,265.2,2,6
81,14,263.8,2,7
81,15,261.6,2,7
81,30,263.6,2,7
81,31,267.0,2,7
81,46,267.0,2,7
81,47,261.2,2,7
81,62,268.3,2,7
81,63,264.3,2,7
81,78,265.7,2,7
81,79,268.2,2,7
81,92,262.7,2,7
81,93,262.4,2,7
81,106,267.3,2,7
81,107,266.3,2,7
81,120,256.9,2,7
81,121,265.1,2,7
81,134,262.6,2,7
81,135,264.3,2,7
81,140,263.5,2,7
81,141,260.5,2,7
94,144,271.1,2,9
94,145,263.8,2,9
94,146,273.2,2,10
94,147,270.2,2,10
94,142,273.3,2,8
94,143,271.9,2,8
94,0,269.4,2,0
94,1,274.7,2,0
94,16,275.5,2,0
94,17,271.0,2,0
94,32,271.5,2,0
94,33,273.3,2,0
94,48,280.1,2,0
94,49,272.4,2,0
94,64,266.5,2,0
94,65,264.6,2,0
94,2,75.4,2,2
94,3,83.9,2,2
94,18,54.2,2,2
94,19,73.6,2,2
94,34,73.9,2,2
94,35,57.5,2,2
94,50,37.2,2,2
94,51,90.4,2,2
94,66,59.6,2,2
94,67,69.7,2,2
94,80,62.0,2,2
94,81,81.7,2,2
94,94,0.0,2,2
94,95,57.9,2,2
94,108,82.8,2,2
94,109,83.6,2,2
94,122,75.9,2,2
94,123,65.6,2,2
94,4,86.7,2,3
94,5,66.0,2,3
94,20,69.8,2,3
94,21,85.7,2,3
94,36,74.1,2,3
94,37,77.4,2,3
94,52,93.3,2,3
94,53,66.2,2,3
94,68,80.3,2,3
94,69,74.8,2,3
94,82,70.0,2,3
94,83,90.9,2,3
94,96,81.9,2,3
94,97,86.0,2,3
94,110,78.9,2,3
94,111,86.4,2,3
94,124,79.0,2,3
94,125,73.0,2,3
94,6,80.6,2,4
94,7,81.8,2,4
94,22,83.9,2,4
94,23,80.2,2,4
94,38,72.6,2,4
94,39,86.8,2,4
94,54,81.5,2,4
94,55,87.4,2,4
94,70,83.6,2,4
94,71,92.0,2,4
94,84,83.4,2,4
94,85,102.9,2,4
94,98,83.3,2,4
94,99,81.0,2,4
94,112,91.8,2,4
94,113,84.2,2,4
94,126,88.2,2,4
94,127,92.3,2,4
94,8,268.5,2,5
94,9,266.7,2,5
94,24,268.2,2,5
94,25,267.7,2,5
94,40,270.6,2,5
94,41,268.5,2,5
94,56,273.4,2,5
94,57,270.7,2,5
94,72,267.9,2,5
94,73,271.1,2,5
94,86,270.4,2,5
94,87,271.8,2,5
94,100,273.6,2,5
94,101,272.4,2,5
94,114,270.6,2,5
94,115,271.1,2,5
94,128,270.2,2,5
94,129,267.8,2,5
94,10,80.2,2,1
94,11,76.2,2,1
94,26,78.6,2,1
94,27,90.7,2,1
94,42,79.1,2,1
94,43,90.0,2,1
94,58,87.4,2,1
94,59,86.2,2,1
94,74,87.8,2,1
94,75,88.7,2,1
94,88,87.1,2,1
94,89,73.4,2,1
94,102,87.5,2,1
94,103,74.7,2,1
94,116,82.6,2,1
94,117,90.5,2,1
94,130,87.0,2,1
94,131,84.2,2,1
94,136,82.1,2,1
94,137,78.2,2,1
94,12,265.0,2,6
94,13,266.9,2,6
94,28,264.6,2,6
94,29,268.7,2,6
94,44,263.5,2,6
94,45,261.9,2,6
94,60,268.4,2,6
94,61,270.1,2,6
94,76,268.3,2,6
94,77,265.1,2,6
94,90,271.3,2,6
94,91,267.5,2,6
94,104,269.8,2,6
94,105,268.1,2,6
94,118,266.6,2,6
94,119,274.4,2,6
94,132,270.2,2,6
94,133,271.6,2,6
94,138,270.4,2,6
94,139,271.7,2,6
94,14,272.1,2,7
94,15,270.0,2,7
94,30,273.7,2,7
94,31,274.1,2,7
94,46,274.2,2,7
94,47,269.2,2,7
94,62,274.4,2,7
94,63,270.9,2,7
94,78,272.6,2,7
94,79,274.2,2,7
94,92,269.7,2,7
94,93,268.5,2,7
94,106,274.5,2,7
94,107,273.2,2,7
94,120,267.8,2,7
94,121,272.2,2,7
94,134,269.4,2,7
94,135,271.5,2,7
94,140,269.8,2,7
94,141,267.2,2,7
95,144,267.9,2,9
95,145,260.7,2,9
95,146,271.7,2,10
95,147,268.5,2,10
95,142,271.7,2,8
95,143,270.3,2,8
95,0,267.7,2,0
95,1,273.5,2,0
95,16,273.7,2,0
95,17,269.0,2,0
95,32,270.4,2,0
95,33,272.0,2,0
95,48,279.3,2,0
95,49,271.1,2,0
95,64,264.9,2,0
95,65,262.7,2,0
95,2,75.2,2,2
95,3,79.6,2,2
95,18,64.0,2,2
95,19,72.7,2,2
95,34,67.8,2,2
95,35,55.7,2,2
95,50,54.4,2,2
95,51,86.9,2,2
95,66,61.9,2,2
95,67,60.5,2,2
95,80,67.3,2,2
95,81,73.7,2,2
95,94,57.9,2,2
95,95,0.0,2,2
95,108,73.7,2,2
95,109,66.7,2,2
95,122,67.0,2,2
95,123,68.9,2,2
95,4,77.3,2,3
95,5,69.0,2,3
95,20,70.6,2,3
95,21,78.9,2,3
95,36,75.9,2,3
95,37,77.8,2,3
95,52,85.8,2,3
95,53,67.6,2,3
95,68,70.6,2,3
95,69,67.4,2,3
95,82,71.8,2,3
95,83,84.4,2,3
95,96,70.6,2,3
95,97,77.4,2,3
95,110,75.7,2,3
95,111,76.5,2,3
95,124,72.8,2,3
95,125,71.4,2,3
95,6,81.0,2,4
95,7,76.6,2,4
95,22,79.6,2,4
95,23,78.9,2,4
95,38,75.2,2,4
95,39,89.0,2,4
95,54,79.7,2,4
95,55,82.3,2,4
95,70,78.2,2,4
95,71,84.3,2,4
95,84,82.2,2,4
95,85,95.6,2,4
95,98,83.8,2,4
95,99,80.6,2,4
95,112,84.9,2,4
95,113,79.9,2,4
95,126,79.4,2,4
95,127,89.4,2,4
95,8,266.8,2,5
95,9,265.8,2,5
95,24,266.3,2,5
95,25,266.1,2,5
95,40,269.5,2,5
95,41,265.4,2,5
95,56,271.7,2,5
95,57,268.3,2,5
95,72,266.9,2,5
95,73,268.7,2,5
95,86,268.3,2,5
95,87,270.2,2,5
95,100,271.8,2,5
95,101,270.0,2,5
95,114,268.5,2,5
95,115,269.2,2,5
95,128,268.9,2,5
95,129,267.7,2,5
95,10,78.6,2,1
95,11,78.4,2,1
95,26,78.4,2,1
95,27,82.5,2,1
95,42,82.6,2,1
95,43,82.5,2,1
95,58,84.8,2,1
95,59,78.9,2,1
95,74,79.6,2,1
95,75,76.3,2,1
95,88,82.3,2,1
95,89,68.9,2,1
95,102,80.6,2,1
95,103,71.9,2,1
95,116,81.8,2,1
95,117,83.4,2,1
95,130,83.5,2,1
95,131,75.9,2,1
95,136,75.9,2,1
95,137,74.8,2,1
95,12,262.0,2,6
95,13,265.1,2,6
95,28,262.8,2,6
95,29,268.5,2,6
95,44,261.7,2,6
95,45,259.5,2,6
95,60,268.0,2,6
95,61,268.6,2,6
95,76,265.9,2,6
95,77,263.7,2,6
95,90,269.7,2,6
95,91,265.0,2,6
95,104,269.3,2,6
95,105,265.2,2,6
95,118,265.4,2,6
95,119,272.9,2,6
95,132,267.8,2,6
95,133,269.3,2,6
95,138,268.2,2,6
95,139,271.0,2,6
95,14,269.7,2,7
95,15,268.9,2,7
95,30,272.1,2,7
95,31,272.3,2,7
95,46,272.7,2,7
95,47,267.4,2,7
95,62,273.1,2,7
95,63,269.0,2,7
95,78,270.8,2,7
95,79,272.7,2,7
95,92,268.1,2,7
95,93,267.2,2,7
95,106,272.8,2,7
95,107,271.3,2,7
95,120,265.6,2,7
95,121,270.3,2,7
95,134,267.4,2,7
95,135,269.4,2,7
95,140,267.5,2,7
95,141,265.3,2,7
108,144,272.2,2,9
108,145,265.1,2,9
108,146,274.9,2,10
108,147,272.9,2,10
108,142,275.0,2,8
108,143,274.6,2,8
108,0,271.3,2,0
108,1,276.9,2,0
108,16,277.4,2,0
108,17,272.9,2,0
108,32,274.7,2,0
108,33,275.7,2,0
108,48,282.9,2,0
108,49,275.4,2,0
108,64,269.1,2,0
108,65,267.3,2,0
108,2,86.9,2,2
108,3,86.8,2,2
108,18,79.9,2,2
108,19,82.1,2,2
108,34,84.1,2,2
108,35,82.6,2,2
108,50,79.4,2,2
108,51,98.3,2,2
108,66,83.0,2,2
108,67,73.8,2,2
108,80,85.4,2,2
108,81,96.4,2,2
108,94,82.8,2,2
108,95,73.7,2,2
108,108,0.0,2,2
108,109,59.5,2,2
108,122,64.2,2,2
108,123,55.6,2,2
108,4,73.0,2,3
108,5,65.9,2,3
108,20,66.0,2,3
108,21,57.6,2,3
108,36,72.3,2,3
108,37,77.7,2,3
108,52,84.1,2,3
108,53,75.4,2,3
108,68,76.5,2,3
108,69,65.2,2,3
108,82,72.8,2,3
108,83,78.9,2,3
108,96,79.0,2,3
108,97,74.2,2,3
108,110,78.4,2,3
108,111,80.8,2,3
108,124,76.7,2,3
108,125,66.8,2,3
108,6,77.8,2,4
108,7,73.5,2,4
108,22,81.4,2,4
108,23,77.2,2,4
108,38,77.8,2,4
108,39,91.6,2,4
108,54,85.1,2,4
108,55,83.6,2,4
108,70,86.6,2,4
108,71,80.7,2,4
108,84,87.9,2,4
108,85,95.4,2,4
108,98,78.2,2,4
108,99,76.5,2,4
108,112,88.9,2,4
108,113,87.4,2,4
108,126,85.5,2,4
108,127,87.0,2,4
108,8,270.6,2,5
108,9,268.8,2,5
108,24,268.0,2,5
108,25,270.3,2,5
108,40,273.8,2,5
108,41,269.7,2,5
108,56,275.4,2,5
108,57,272.9,2,5
108,72,269.7,2,5
108,73,273.0,2,5
108,86,271.7,2,5
108,87,274.0,2,5
108,100,275.9,2,5
108,101,274.6,2,5
108,114,273.1,2,5
108,115,273.3,2,5
108,128,272.5,2,5
108,129,270.7,2,5
108,10,82.4,2,1
108,11,82.2,2,1
108,26,83.1,2,1
108,27,82.6,2,1
108,42,88.4,2,1
108,43,85.3,2,1
108,58,79.7,2,1
108,59,82.0,2,1
108,74,78.1,2,1
108,75,75.8,2,1
108,88,83.4,2,1
108,89,76.9,2,1
108,102,80.3,2,1
108,103,76.4,2,1
108,116,78.9,2,1
108,117,85.8,2,1
108,130,86.5,2,1
108,131,85.2,2,1
108,136,82.1,2,1
108,137,72.2,2,1
108,12,264.7,2,6
108,13,269.3,2,6
108,28,267.8,2,6
108,29,272.1,2,6
108,44,265.6,2,6
108,45,263.4,2,6
108,60,270.4,2,6
108,61,272.0,2,6
108,76,269.7,2,6
108,77,267.4,2,6
108,90,272.6,2,6
108,91,270.1,2,6
108,104,273.3,2,6
108,105,269.9,2,6
108,118,268.3,2,6
108,119,276.4,2,6
108,132,271.2,2,6
108,133,272.5,2,6
108,138,272.6,2,6
108,139,274.8,2,6
108,14,274.3,2,7
108,15,272.8,2,7
108,30,275.4,2,7
108,31,276.7,2,7
108,46,276.7,2,7
108,47,272.0,2,7
108,62,277.5,2,7
108,63,273.4,2,7
108,78,275.7,2,7
108,79,276.7,2,7
108,92,273.0,2,7
108,93,271.0,2,7
108,106,277.2,2,7
108,107,275.2,2,7
108,120,270.1,2,7
108,121,274.0,2,7
108,134,271.7,2,7
108,135,273.6,2,7
108,140,271.0,2,7
108,141,270.1,2,7
109,144,272.6,2,9
109,145,264.8,2,9
109,146,275.1,2,10
109,147,272.9,2,10
109,142,275.5,2,8
109,143,273.7,2,8
109,0,271.2,2,0
109,1,277.2,2,0
109,16,277.6,2,0
109,17,273.0,2,0
109,32,273.9,2,0
109,33,276.1,2,0
109,48,282.7,2,0
109,49,275.8,2,0
109,64,268.4,2,0
109,65,266.4,2,0
109,2,83.7,2,2
109,3,87.8,2,2
109,18,83.2,2,2
109,19,83.0,2,2
109,34,86.8,2,2
109,35,73.5,2,2
109,50,74.2,2,2
109,51,89.5,2,2
109,66,79.8,2,2
109,67,75.8,2,2
109,80,87.6,2,2
109,81,86.3,2,2
109,94,83.6,2,2
109,95,66.7,2,2
109,108,59.5,2,2
109,109,0.0,2,2
109,122,69.8,2,2
109,123,63.6,2,2
109,4,65.6,2,3
109,5,68.6,2,3
109,20,65.5,2,3
109,21,74.8,2,3
109,36,78.1,2,3
109,37,85.0,2,3
109,52,92.4,2,3
109,53,79.0,2,3
109,68,75.0,2,3
109,69,67.4,2,3
109,82,79.1,2,3
109,83,85.2,2,3
109,96,80.7,2,3
109,97,77.2,2,3
109,110,77.1,2,3
109,111,58.7,2,3
109,124,77.3,2,3
109,125,73.7,2,3
109,6,87.4,2,4
109,7,74.4,2,4
109,22,82.8,2,4
109,23,80.8,2,4
109,38,78.5,2,4
109,39,83.7,2,4
109,54,90.2,2,4
109,55,84.1,2,4
109,70,84.1,2,4
109,71,78.1,2,4
109,84,90.1,2,4
109,85,88.2,2,4
109,98,88.5,2,4
109,99,83.8,2,4
109,112,83.2,2,4
109,113,80.8,2,4
109,126,77.5,2,4
109,127,90.7,2,4
109,8,270.9,2,5
109,9,268.6,2,5
109,24,269.0,2,5
109,25,270.6,2,5
109,40,273.9,2,5
109,41,269.3,2,5
109,56,275.4,2,5
109,57,272.9,2,5
109,72,270.6,2,5
109,73,273.0,2,5
109,86,271.5,2,5
109,87,273.5,2,5
109,100,275.8,2,5
109,101,274.3,2,5
109,114,271.1,2,5
109,115,272.8,2,5
109,128,272.5,2,5
109,129,271.7,2,5
109,10,80.8,2,1
109,11,86.8,2,1
109,26,89.2,2,1
109,27,74.0,2,1
109,42,86.9,2,1
109,43,86.5,2,1
109,58,89.9,2,1
109,59,85.1,2,1
109,74,83.8,2,1
109,75,67.0,2,1
109,88,89.6,2,1
109,89,76.7,2,1
109,102,85.9,2,1
109,103,81.7,2,1
109,116,85.5,2,1
109,117,78.6,2,1
109,130,84.5,2,1
109,131,80.3,2,1
109,136,82.7,2,1
109,137,82.2,2,1
109,12,265.6,2,6
109,13,268.1,2,6
109,28,266.8,2,6
109,29,272.6,2,6
109,44,265.1,2,6
109,45,263.0,2,6
109,60,271.6,2,6
109,61,271.6,2,6
109,76,270.0,2,6
109,77,267.8,2,6
109,90,272.2,2,6
109,91,269.5,2,6
109,104,271.6,2,6
109,105,268.9,2,6
109,118,268.1,2,6
109,119,275.5,2,6
109,132,270.4,2,6
109,133,272.6,2,6
109,138,271.7,2,6
109,139,274.3,2,6
109,14,273.8,2,7
109,15,272.5,2,7
109,30,277.0,2,7
109,31,276.8,2,7
109,46,277.2,2,7
109,47,271.4,2,7
109,62,277.2,2,7
109,63,272.9,2,7
109,78,275.1,2,7
109,79,276.9,2,7
109,92,272.3,2,7
109,93,271.1,2,7
109,106,277.2,2,7
109,107,275.2,2,7
109,120,269.2,2,7
109,121,273.7,2,7
109,134,272.2,2,7
109,135,272.8,2,7
109,140,271.5,2,7
109,141,269.9,2,7
122,144,269.0,2,9
122,145,263.1,2,9
122,146,274.0,2,10
122,147,270.1,2,10
122,142,272.7,2,8
122,143,272.1,2,8
122,0,269.7,2,0
122,1,275.4,2,0
122,16,275.4,2,0
122,17,271.3,2,0
122,32,272.9,2,0
122,33,273.0,2,0
122,48,280.8,2,0
122,49,273.2,2,0
122,64,267.2,2,0
122,65,266.0,2,0
122,2,82.3,2,2
122,3,86.4,2,2
122,18,77.3,2,2
122,19,80.6,2,2
122,34,80.8,2,2
122,35,74.3,2,2
122,50,72.5,2,2
122,51,97.0,2,2
122,66,76.7,2,2
122,67,72.4,2,2
122,80,81.1,2,2
122,81,95.3,2,2
122,94,75.9,2,2
122,95,67.0,2,2
122,108,64.2,2,2
122,109,69.8,2,2
122,122,0.0,2,2
122,123,56.3,2,2
122,4,66.6,2,3
122,5,64.1,2,3
122,20,64.8,2,3
122,21,71.0,2,3
122,36,68.9,2,3
122,37,75.4,2,3
122,52,90.3,2,3
122,53,73.2,2,3
122,68,76.0,2,3
122,69,71.6,2,3
122,82,74.2,2,3
122,83,83.4,2,3
122,96,75.9,2,3
122,97,78.6,2,3
122,110,79.8,2,3
122,111,80.3,2,3
122,124,79.3,2,3
122,125,63.8,2,3
122,6,76.1,2,4
122,7,72.3,2,4
122,22,78.1,2,4
122,23,74.9,2,4
122,38,76.9,2,4
122,39,92.1,2,4
122,54,80.9,2,4
122,55,81.8,2,4
122,70,84.0,2,4
122,71,85.3,2,4
122,84,87.6,2,4
122,85,95.4,2,4
122,98,85.1,2,4
122,99,78.4,2,4
122,112,89.3,2,4
122,113,88.6,2,4
122,126,85.6,2,4
122,127,85.3,2,4
122,8,269.3,2,5
122,9,267.5,2,5
122,24,265.8,2,5
122,25,268.4,2,5
122,40,272.0,2,5
122,41,267.6,2,5
122,56,273.0,2,5
122,57,271.3,2,5
122,72,268.3,2,5
122,73,271.1,2,5
122,86,270.6,2,5
122,87,273.3,2,5
122,100,274.5,2,5
122,101,272.6,2,5
122,114,271.5,2,5
122,115,271.8,2,5
122,128,271.1,2,5
122,129,269.8,2,5
122,10,76.8,2,1
122,11,81.4,2,1
122,26,80.7,2,1
122,27,84.9,2,1
122,42,85.8,2,1
122,43,84.0,2,1
122,58,83.0,2,1
122,59,76.4,2,1
122,74,79.0,2,1
122,75,79.4,2,1
122,88,79.7,2,1
122,89,76.7,2,1
122,102,81.7,2,1
122,103,75.0,2,1
122,116,76.9,2,1
122,117,85.9,2,1
122,130,86.2,2,1
122,131,84.9,2,1
122,136,79.4,2,1
122,137,78.1,2,1
122,12,262.9,2,6
122,13,267.1,2,6
122,28,264.9,2,6
122,29,271.0,2,6
122,44,263.4,2,6
122,45,261.1,2,6
122,60,269.0,2,6
122,61,271.0,2,6
122,76,267.8,2,6
122,77,265.3,2,6
122,90,271.0,2,6
122,91,267.7,2,6
122,104,271.8,2,6
122,105,267.7,2,6
122,118,267.1,2,6
122,119,275.1,2,6
122,132,269.7,2,6
122,133,270.1,2,6
122,138,270.2,2,6
122,139,272.7,2,6
122,14,273.0,2,7
122,15,271.1,2,7
122,30,275.5,2,7
122,31,274.9,2,7
122,46,275.3,2,7
122,47,269.5,2,7
122,62,275.9,2,7
122,63,271.5,2,7
122,78,273.2,2,7
122,79,274.8,2,7
122,92,271.6,2,7
122,93,269.7,2,7
122,106,274.7,2,7
122,107,274.0,2,7
122,120,268.7,2,7
122,121,273.5,2,7
122,134,269.0,2,7
122,135,271.4,2,7
122,140,269.1,2,7
122,141,267.9,2,7
123,144,273.0,2,9
123,145,266.6,2,9
123,146,275.5,2,10
123,147,274.1,2,10
123,142,276.5,2,8
123,143,275.0,2,8
123,0,272.5,2,0
123,1,277.9,2,0
123,16,278.5,2,0
123,17,273.8,2,0
123,32,275.0,2,0
123,33,275.7,2,0
123,48,283.3,2,0
123,49,275.6,2,0
123,64,269.9,2,0
123,65,268.1,2,0
123,2,80.0,2,2
123,3,84.7,2,2
123,18,74.0,2,2
123,19,77.6,2,2
123,34,82.8,2,2
123,35,71.7,2,2
123,50,68.5,2,2
123,51,98.6,2,2
123,66,77.0,2,2
123,67,75.7,2,2
123,80,75.6,2,2
123,81,91.3,2,2
123,94,65.6,2,2
123,95,68.9,2,2
123,108,55.6,2,2
123,109,63.6,2,2
123,122,56.3,2,2
123,123,0.0,2,2
123,4,71.7,2,3
123,5,60.9,2,3
123,20,63.7,2,3
123,21,70.4,2,3
123,36,66.6,2,3
123,37,72.4,2,3
123,52,92.5,2,3
123,53,72.3,2,3
123,68,76.0,2,3
123,69,64.5,2,3
123,82,70.0,2,3
123,83,83.1,2,3
123,96,80.2,2,3
123,97,76.3,2,3
123,110,73.8,2,3
123,111,78.0,2,3
123,124,76.4,2,3
123,125,64.1,2,3
123,6,73.9,2,4
123,7,73.1,2,4
123,22,78.8,2,4
123,23,70.9,2,4
123,38,71.6,2,4
123,39,84.6,2,4
123,54,80.0,2,4
123,55,80.9,2,4
123,70,80.5,2,4
123,71,81.5,2,4
123,84,80.4,2,4
123,85,96.1,2,4
123,98,79.8,2,4
123,99,74.7,2,4
123,112,89.0,2,4
123,113,82.8,2,4
123,126,85.6,2,4
123,127,87.5,2,4
123,8,272.0,2,5
123,9,269.9,2,5
123,24,270.6,2,5
123,25,271.5,2,5
123,40,274.4,2,5
123,41,271.1,2,5
123,56,276.1,2,5
123,57,274.3,2,5
123,72,270.8,2,5
123,73,274.3,2,5
123,86,273.7,2,5
123,87,275.3,2,5
123,100,276.6,2,5
123,101,275.6,2,5
123,114,273.7,2,5
123,115,274.3,2,5
123,128,273.2,2,5
123,129,271.7,2,5
123,10,74.3,2,1
123,11,78.3,2,1
123,26,79.8,2,1
123,27,84.0,2,1
123,42,83.1,2,1
123,43,82.2,2,1
123,58,82.4,2,1
123,59,79.5,2,1
123,74,77.0,2,1
123,75,75.3,2,1
123,88,78.3,2,1
123,89,68.6,2,1
123,102,81.5,2,1
123,103,71.7,2,1
123,116,73.8,2,1
123,117,83.6,2,1
123,130,82.1,2,1
123,131,81.2,2,1
123,136,78.7,2,1
123,137,72.6,2,1
123,12,266.2,2,6
123,13,269.4,2,6
123,28,267.8,2,6
123,29,271.5,2,6
123,44,266.5,2,6
123,45,265.4,2,6
123,60,271.6,2,6
123,61,272.0,2,6
123,76,271.3,2,6
123,77,268.8,2,6
123,90,274.1,2,6
123,91,271.3,2,6
123,104,272.9,2,6
123,105,271.3,2,6
123,118,269.7,2,6
123,119,277.1,2,6
123,132,272.9,2,6
123,133,274.3,2,6
123,138,273.4,2,6
123,139,274.6,2,6
123,14,275.6,2,7
123,15,273.7,2,7
123,30,277.5,2,7
123,31,277.1,2,7
123,46,277.5,2,7
123,47,272.9,2,7
123,62,278.0,2,7
123,63,274.5,2,7
123,78,276.4,2,7
123,79,277.6,2,7
123,92,273.7,2,7
123,93,272.5,2,7
123,106,277.4,2,7
123,107,276.7,2,7
123,120,271.3,2,7
123,121,274.2,2,7
123,134,272.7,2,7
123,135,273.9,2,7
123,140,272.4,2,7
123,141,271.0,2,7
4,144,269.5,3,9
4,145,259.6,3,9
4,146,273.9,3,10
4,147,270.6,3,10
4,142,273.6,3,8
4,143,271.7,3,8
4,0,269.6,3,0
4,1,275.3,3,0
4,16,275.3,3,0
4,17,269.6,3,0
4,32,271.2,3,0
4,33,273.5,3,0
4,48,280.7,3,0
4,49,272.1,3,0
4,64,265.7,3,0
4,65,263.5,3,0
4,2,77.6,3,2
4,3,84.5,3,2
4,18,83.8,3,2
4,19,85.8,3,2
4,34,83.6,3,2
4,35,84.3,3,2
4,50,81.6,3,2
4,51,92.3,3,2
4,66,82.2,3,2
4,67,75.0,3,2
4,80,93.6,3,2
4,81,81.9,3,2
4,94,86.7,3,2
4,95,77.3,3,2
4,108,73.0,3,2
4,109,65.6,3,2
4,122,66.6,3,2
4,123,71.7,3,2
4,4,0.0,3,3
4,5,75.1,3,3
4,20,69.3,3,3
4,21,70.9,3,3
4,36,81.4,3,3
4,37,89.0,3,3
4,52,83.2,3,3
4,53,84.2,3,3
4,68,69.9,3,3
4,69,81.4,3,3
4,82,81.3,3,3
4,83,81.0,3,3
4,96,77.7,3,3
4,97,82.5,3,3
4,110,79.1,3,3
4,111,67.1,3,3
4,124,78.3,3,3
4,125,71.2,3,3
4,6,85.7,3,4
4,7,80.8,3,4
4,22,80.6,3,4
4,23,78.9,3,4
4,38,82.1,3,4
4,39,88.9,3,4
4,54,91.4,3,4
4,55,90.0,3,4
4,70,90.4,3,4
4,71,76.3,3,4
4,84,91.9,3,4
4,85,81.0,3,4
4,98,96.2,3,4
4,99,87.6,3,4
4,112,86.8,3,4
4,113,83.9,3,4
4,126,89.2,3,4
4,127,88.6,3,4
4,8,268.0,3,5
4,9,266.0,3,5
4,24,265.2,3,5
4,25,267.3,3,5
4,40,271.3,3,5
4,41,267.0,3,5
4,56,273.0,3,5
4,57,269.9,3,5
4,72,267.1,3,5
4,73,270.2,3,5
4,86,270.2,3,5
4,87,272.6,3,5
4,100,273.6,3,5
4,101,271.5,3,5
4,114,269.4,3,5
4,115,270.4,3,5
4,128,270.6,3,5
4,129,268.0,3,5
4,10,87.9,3,1
4,11,91.3,3,1
4,26,92.1,3,1
4,27,84.7,3,1
4,42,89.6,3,1
4,43,88.1,3,1
4,58,90.6,3,1
4,59,77.5,3,1
4,74,82.7,3,1
4,75,72.4,3,1
4,88,90.2,3,1
4,89,89.5,3,1
4,102,86.5,3,1
4,103,86.8,3,1
4,116,87.8,3,1
4,117,80.7,3,1
4,130,87.2,3,1
4,131,87.9,3,1
4,136,85.4,3,1
4,137,84.8,3,1
4,12,260.7,3,6
4,13,266.0,3,6
4,28,263.9,3,6
4,29,269.9,3,6
4,44,261.2,3,6
4,45,257.4,3,6
4,60,266.7,3,6
4,61,269.0,3,6
4,76,263.6,3,6
4,77,264.3,3,6
4,90,268.3,3,6
4,91,264.7,3,6
4,104,268.8,3,6
4,105,265.0,3,6
4,118,264.9,3,6
4,119,273.6,3,6
4,132,267.1,3,6
4,133,268.4,3,6
4,138,268.8,3,6
4,139,271.0,3,6
4,14,271.5,3,7
4,15,267.7,3,7
4,30,272.2,3,7
4,31,273.4,3,7
4,46,274.2,3,7
4,47,267.6,3,7
4,62,275.2,3,7
4,63,270.4,3,7
4,78,272.0,3,7
4,79,273.8,3,7
4,92,270.3,3,7
4,93,267.7,3,7
4,106,274.2,3,7
4,107,272.0,3,7
4,120,266.0,3,7
4,121,272.5,3,7
4,134,268.8,3,7
4,135,270.3,3,7
4,140,268.3,3,7
4,141,267.4,3,7
5,144,277.7,3,9
5,145,270.3,3,9
5,146,279.4,3,10
5,147,276.6,3,10
5,142,279.5,3,8
5,143,278.3,3,8
5,0,276.0,3,0
5,1,281.1,3,0
5,16,281.3,3,0
5,17,277.0,3,0
5,32,278.5,3,0
5,33,279.3,3,0
5,48,286.0,3,0
5,49,278.9,3,0
5,64,273.4,3,0
5,65,272.2,3,0
5,2,86.2,3,2
5,3,82.5,3,2
5,18,70.8,3,2
5,19,81.3,3,2
5,34,74.5,3,2
5,35,71.9,3,2
5,50,66.0,3,2
5,51,93.4,3,2
5,66,74.1,3,2
5,67,73.9,3,2
5,80,74.3,3,2
5,81,98.7,3,2
5,94,66.0,3,2
5,95,69.0,3,2
5,108,65.9,3,2
5,109,68.6,3,2
5,122,64.1,3,2
5,123,60.9,3,2
5,4,75.1,3,3
5,5,0.0,3,3
5,20,58.3,3,3
5,21,68.8,3,3
5,36,58.2,3,3
5,37,72.5,3,3
5,52,87.8,3,3
5,53,62.8,3,3
5,68,75.5,3,3
5,69,65.6,3,3
5,82,62.0,3,3
5,83,82.6,3,3
5,96,74.6,3,3
5,97,77.2,3,3
5,110,73.9,3,3
5,111,79.0,3,3
5,124,77.7,3,3
5,125,62.8,3,3
5,6,73.7,3,4
5,7,74.2,3,4
5,22,79.0,3,4
5,23,71.4,3,4
5,38,65.0,3,4
5,39,85.7,3,4
5,54,76.9,3,4
5,55,75.6,3,4
5,70,78.7,3,4
5,71,82.4,3,4
5,84,82.7,3,4
5,85,97.0,3,4
5,98,78.4,3,4
5,99,77.7,3,4
5,112,87.4,3,4
5,113,87.7,3,4
5,126,82.6,3,4
5,127,89.2,3,4
5,8,275.2,3,5
5,9,272.9,3,5
5,24,273.6,3,5
5,25,274.6,3,5
5,40,277.6,3,5
5,41,274.6,3,5
5,56,279.5,3,5
5,57,277.2,3,5
5,72,274.8,3,5
5,73,277.2,3,5
5,86,276.8,3,5
5,87,277.6,3,5
5,100,279.8,3,5
5,101,278.8,3,5
5,114,277.2,3,5
5,115,277.3,3,5
5,128,276.3,3,5
5,129,275.1,3,5
5,10,72.1,3,1
5,11,70.2,3,1
5,26,76.3,3,1
5,27,81.0,3,1
5,42,80.1,3,1
5,43,85.1,3,1
5,58,78.5,3,1
5,59,79.2,3,1
5,74,80.8,3,1
5,75,78.7,3,1
5,88,81.2,3,1
5,89,69.0,3,1
5,102,83.8,3,1
5,103,71.0,3,1
5,116,71.0,3,1
5,117,84.2,3,1
5,130,74.6,3,1
5,131,81.9,3,1
5,136,78.1,3,1
5,137,74.9,3,1
5,12,270.8,3,6
5,13,272.8,3,6
5,28,271.5,3,6
5,29,276.0,3,6
5,44,270.0,3,6
5,45,268.5,3,6
5,60,275.6,3,6
5,61,276.1,3,6
5,76,274.5,3,6
5,77,271.2,3,6
5,90,276.0,3,6
5,91,274.3,3,6
5,104,276.9,3,6
5,105,274.4,3,6
5,118,273.6,3,6
5,119,280.2,3,6
5,132,275.0,3,6
5,133,277.0,3,6
5,138,276.6,3,6
5,139,278.0,3,6
5,14,279.0,3,7
5,15,277.7,3,7
5,30,281.4,3,7
5,31,280.8,3,7
5,46,280.8,3,7
5,47,276.5,3,7
5,62,281.1,3,7
5,63,277.8,3,7
5,78,279.9,3,7
5,79,280.9,3,7
5,92,277.2,3,7
5,93,275.9,3,7
5,106,281.2,3,7
5,107,280.0,3,7
5,120,275.3,3,7
5,121,279.0,3,7
5,134,276.0,3,7
5,135,277.8,3,7
5,140,276.1,3,7
5,141,274.5,3,7
20,144,276.3,3,9
20,145,268.5,3,9
20,146,278.7,3,10
20,147,275.5,3,10
20,142,277.1,3,8
20,143,276.2,3,8
20,0,274.6,3,0
20,1,280.2,3,0
20,16,280.4,3,0
20,17,276.1,3,0
20,32,277.1,3,0
20,33,278.8,3,0
20,48,285.3,3,0
20,49,278.3,3,0
20,64,272.7,3,0
20,65,271.1,3,0
20,2,87.8,3,2
20,3,86.8,3,2
20,18,77.2,3,2
20,19,87.7,3,2
20,34,85.9,3,2
20,35,75.3,3,2
20,50,67.9,3,2
20,51,93.4,3,2
20,66,77.7,3,2
20,67,76.7,3,2
20,80,76.6,3,2
20,81,99.9,3,2
20,94,69.8,3,2
20,95,70.6,3,2
20,108,66.0,3,2
20,109,65.5,3,2
20,122,64.8,3,2
20,123,63.7,3,2
20,4,69.3,3,3
20,5,58.3,3,3
20,20,0.0,3,3
20,21,70.1,3,3
20,36,62.8,3,3
20,37,68.5,3,3
20,52,78.1,3,3
20,53,66.3,3,3
20,68,73.7,3,3
20,69,63.6,3,3
20,82,71.5,3,3
20,83,78.7,3,3
20,96,79.5,3,3
20,97,82.4,3,3
20,110,70.6,3,3
20,111,76.9,3,3
20,124,75.7,3,3
20,125,68.0,3,3
20,6,72.5,3,4
20,7,79.2,3,4
20,22,80.0,3,4
20,23,75.7,3,4
20,38,72.2,3,4
20,39,81.0,3,4
20,54,82.5,3,4
20,55,76.4,3,4
20,70,83.4,3,4
20,71,77.2,3,4
20,84,74.8,3,4
20,85,90.1,3,4
20,98,85.0,3,4
20,99,80.8,3,4
20,112,75.7,3,4
20,113,88.8,3,4
20,126,78.8,3,4
20,127,90.1,3,4
20,8,273.7,3,5
20,9,271.2,3,5
20,24,271.7,3,5
20,25,273.0,3,5
20,40,277.3,3,5
20,41,273.7,3,5
20,56,278.7,3,5
20,57,276.0,3,5
20,72,273.1,3,5
20,73,276.3,3,5
20,86,275.5,3,5
20,87,277.5,3,5
20,100,278.7,3,5
20,101,277.0,3,5
20,114,275.5,3,5
20,115,275.5,3,5
20,128,275.7,3,5
20,129,274.2,3,5
20,10,74.9,3,1
20,11,80.0,3,1
20,26,82.8,3,1
20,27,80.0,3,1
20,42,87.7,3,1
20,43,88.1,3,1
20,58,78.8,3,1
20,59,81.1,3,1
20,74,80.3,3,1
20,75,77.9,3,1
20,88,86.2,3,1
20,89,73.3,3,1
20,102,74.7,3,1
20,103,76.2,3,1
20,116,71.4,3,1
20,117,85.2,3,1
20,130,83.5,3,1
20,131,76.7,3,1
20,136,82.1,3,1
20,137,76.8,3,1
20,12,269.2,3,6
20,13,272.1,3,6
20,28,269.5,3,6
20,29,275.8,3,6
20,44,268.9,3,6
20,45,265.7,3,6
20,60,275.3,3,6
20,61,275.7,3,6
20,76,273.4,3,6
20,77,269.9,3,6
20,90,275.6,3,6
20,91,273.2,3,6
20,104,275.4,3,6
20,105,272.7,3,6
20,118,271.5,3,6
20,119,279.8,3,6
20,132,274.3,3,6
20,133,276.4,3,6
20,138,275.4,3,6
20,139,277.2,3,6
20,14,278.0,3,7
20,15,276.5,3,7
20,30,280.4,3,7
20,31,279.7,3,7
20,46,280.1,3,7
20,47,275.2,3,7
20,62,280.5,3,7
20,63,275.7,3,7
20,78,279.0,3,7
20,79,279.6,3,7
20,92,275.4,3,7
20,93,273.7,3,7
20,106,280.1,3,7
20,107,278.7,3,7
20,120,273.8,3,7
20,121,278.3,3,7
20,134,274.7,3,7
20,135,277.0,3,7
20,140,275.0,3,7
20,141,273.2,3,7
21,144,269.8,3,9
21,145,260.3,3,9
21,146,273.3,3,10
21,147,269.2,3,10
21,142,272.4,3,8
21,143,271.5,3,8
21,0,268.7,3,0
21,1,274.5,3,0
21,16,274.4,3,0
21,17,269.4,3,0
21,32,270.9,3,0
21,33,273.2,3,0
21,48,280.5,3,0
21,49,272.0,3,0
21,64,264.7,3,0
21,65,263.5,3,0
21,2,84.5,3,2
21,3,70.9,3,2
21,18,82.3,3,2
21,19,82.5,3,2
21,34,79.2,3,2
21,35,85.6,3,2
21,50,82.3,3,2
21,51,84.9,3,2
21,66,82.8,3,2
21,67,71.6,3,2
21,80,90.9,3,2
21,81,90.2,3,2
21,94,85.7,3,2
21,95,78.9,3,2
21,108,57.6,3,2
21,109,74.8,3,2
21,122,71.0,3,2
21,123,70.4,3,2
21,4,70.9,3,3
21,5,68.8,3,3
21,20,70.1,3,3
21,21,0.0,3,3
21,36,74.7,3,3
21,37,83.1,3,3
21,52,77.9,3,3
21,53,77.3,3,3
21,68,78.4,3,3
21,69,78.3,3,3
21,82,77.8,3,3
21,83,68.4,3,3
21,96,75.3,3,3
21,97,79.1,3,3
21,110,87.6,3,3
21,111,79.8,3,3
21,124,82.3,3,3
21,125,74.5,3,3
21,6,82.5,3,4
21,7,72.9,3,4
21,22,85.0,3,4
21,23,72.5,3,4
21,38,81.6,3,4
21,39,92.9,3,4
21,54,86.2,3,4
21,55,80.6,3,4
21,70,91.6,3,4
21,71,75.3,3,4
21,84,96.0,3,4
21,85,82.0,3,4
21,98,85.0,3,4
21,99,83.0,3,4
21,112,89.3,3,4
21,113,87.2,3,4
21,126,83.0,3,4
21,127,74.5,3,4
21,8,267.6,3,5
21,9,265.9,3,5
21,24,263.8,3,5
21,25,267.1,3,5
21,40,270.9,3,5
21,41,267.5,3,5
21,56,273.2,3,5
21,57,269.8,3,5
21,72,267.2,3,5
21,73,269.8,3,5
21,86,270.3,3,5
21,87,272.0,3,5
21,100,273.5,3,5
21,101,271.3,3,5
21,114,270.4,3,5
21,115,270.5,3,5
21,128,269.8,3,5
21,129,266.8,3,5
21,10,84.2,3,1
21,11,84.0,3,1
21,26,85.4,3,1
21,27,82.3,3,1
21,42,83.3,3,1
21,43,88.1,3,1
21,58,81.5,3,1
21,59,83.9,3,1
21,74,77.0,3,1
21,75,73.3,3,1
21,88,85.9,3,1
21,89,85.7,3,1
21,102,76.4,3,1
21,103,82.1,3,1
21,116,82.5,3,1
21,117,76.1,3,1
21,130,87.5,3,1
21,131,88.5,3,1
21,136,81.8,3,1
21,137,71.7,3,1
21,12,259.6,3,6
21,13,266.2,3,6
21,28,264.6,3,6
21,29,269.0,3,6
21,44,260.5,3,6
21,45,257.3,3,6
21,60,266.1,3,6
21,61,269.0,3,6
21,76,265.4,3,6
21,77,264.2,3,6
21,90,267.6,3,6
21,91,266.2,3,6
21,104,269.2,3,6
21,105,265.2,3,6
21,118,265.3,3,6
21,119,273.4,3,6
21,132,267.4,3,6
21,133,268.8,3,6
21,138,269.8,3,6
21,139,271.6,3,6
21,14,271.8,3,7
21,15,269.9,3,7
21,30,271.6,3,7
21,31,273.2,3,7
21,46,273.8,3,7
21,47,268.4,3,7
21,62,274.7,3,7
21,63,270.1,3,7
21,78,272.6,3,7
21,79,273.4,3,7
21,92,270.3,3,7
21,93,267.9,3,7
21,106,274.7,3,7
21,107,271.7,3,7
21,120,265.6,3,7
21,121,271.9,3,7
21,134,268.2,3,7
21,135,271.2,3,7
21,140,268.1,3,7
21,141,267.2,3,7
36,144,280.1,3,9
36,145,273.3,3,9
36,146,282.0,3,10
36,147,279.3,3,10
36,142,282.6,3,8
36,143,281.5,3,8
36,0,279.0,3,0
36,1,284.0,3,0
36,16,284.6,3,0
36,17,280.3,3,0
36,32,281.7,3,0
36,33,282.4,3,0
36,48,290.0,3,0
36,49,281.6,3,0
36,64,276.2,3,0
36,65,274.6,3,0
36,2,92.6,3,2
36,3,89.5,3,2
36,18,70.9,3,2
36,19,85.7,3,2
36,34,83.4,3,2
36,35,77.8,3,2
36,50,74.3,3,2
36,51,102.4,3,2
36,66,80.6,3,2
36,67,78.1,3,2
36,80,71.0,3,2
36,81,103.5,3,2
36,94,74.1,3,2
36,95,75.9,3,2
36,108,72.3,3,2
36,109,78.1,3,2
36,122,68.9,3,2
36,123,66.6,3,2
36,4,81.4,3,3
36,5,58.2,3,3
36,20,62.8,3,3
36,21,74.7,3,3
36,36,0.0,3,3
36,37,74.0,3,3
36,52,97.5,3,3
36,53,64.3,3,3
36,68,82.5,3,3
36,69,69.2,3,3
36,82,61.9,3,3
36,83,87.4,3,3
36,96,74.3,3,3
36,97,85.8,3,3
36,110,71.5,3,3
36,111,82.1,3,3
36,124,83.9,3,3
36,125,66.3,3,3
36,6,75.8,3,4
36,7,81.6,3,4
36,22,87.2,3,4
36,23,75.1,3,4
36,38,75.5,3,4
36,39,87.5,3,4
36,54,81.2,3,4
36,55,84.2,3,4
36,70,85.7,3,4
36,71,90.8,3,4
36,84,83.9,3,4
36,85,107.7,3,4
36,98,87.9,3,4
36,99,88.0,3,4
36,112,94.3,3,4
36,113,95.3,3,4
36,126,91.7,3,4
36,127,100.3,3,4
36,8,277.9,3,5
36,9,274.8,3,5
36,24,277.1,3,5
36,25,277.3,3,5
36,40,280.3,3,5
36,41,277.2,3,5
36,56,282.4,3,5
36,57,279.9,3,5
36,72,276.7,3,5
36,73,280.2,3,5
36,86,279.9,3,5
36,87,280.8,3,5
36,100,281.5,3,5
36,101,281.6,3,5
36,114,278.9,3,5
36,115,279.7,3,5
36,128,278.7,3,5
36,129,277.5,3,5
36,10,74.4,3,1
36,11,81.7,3,1
36,26,84.2,3,1
36,27,93.4,3,1
36,42,95.7,3,1
36,43,93.4,3,1
36,58,82.6,3,1
36,59,85.7,3,1
36,74,86.4,3,1
36,75,89.0,3,1
36,88,87.8,3,1
36,89,77.6,3,1
36,102,90.7,3,1
36,103,79.4,3,1
36,116,72.7,3,1
36,117,94.4,3,1
36,130,79.9,3,1
36,131,90.9,3,1
36,136,85.7,3,1
36,137,75.9,3,1
36,12,274.5,3,6
36,13,275.3,3,6
36,28,274.4,3,6
36,29,279.0,3,6
36,44,273.3,3,6
36,45,271.1,3,6
36,60,278.5,3,6
36,61,278.1,3,6
36,76,277.2,3,6
36,77,274.7,3,6
36,90,278.7,3,6
36,91,277.3,3,6
36,104,279.9,3,6
36,105,277.7,3,6
36,118,276.4,3,6
36,119,283.0,3,6
36,132,278.3,3,6
36,133,279.3,3,6
36,138,279.6,3,6
36,139,281.4,3,6
36,14,281.9,3,7
36,15,280.1,3,7
36,30,283.8,3,7
36,31,283.1,3,7
36,46,283.4,3,7
36,47,278.5,3,7
36,62,283.2,3,7
36,63,278.7,3,7
36,78,282.1,3,7
36,79,282.0,3,7
36,92,279.3,3,7
36,93,278.4,3,7
36,106,283.8,3,7
36,107,282.5,3,7
36,120,277.4,3,7
36,121,281.2,3,7
36,134,279.5,3,7
36,135,280.8,3,7
36,140,278.8,3,7
36,141,277.4,3,7
37,144,277.3,3,9
37,145,271.9,3,9
37,146,281.3,3,10
37,147,278.5,3,10
37,142,282.0,3,8
37,143,280.5,3,8
37,0,277.4,3,0
37,1,283.3,3,0
37,16,283.3,3,0
37,17,278.5,3,0
37,32,280.0,3,0
37,33,280.5,3,0
37,48,288.2,3,0
37,49,280.7,3,0
37,64,275.0,3,0
37,65,273.6,3,0
37,2,91.6,3,2
37,3,93.8,3,2
37,18,77.3,3,2
37,19,78.6,3,2
37,34,82.2,3,2
37,35,78.1,3,2
37,50,77.6,3,2
37,51,107.0,3,2
37,66,83.6,3,2
37,67,80.7,3,2
37,80,78.4,3,2
37,81,98.5,3,2
37,94,77.4,3,2
37,95,77.8,3,2
37,108,77.7,3,2
37,109,85.0,3,2
37,122,75.4,3,2
37,123,72.4,3,2
37,4,89.0,3,3
37,5,72.5,3,3
37,20,68.5,3,3
37,21,83.1,3,3
37,36,74.0,3,3
37,37,0.0,3,3
37,52,82.8,3,3
37,53,65.8,3,3
37,68,76.1,3,3
37,69,72.0,3,3
37,82,66.0,3,3
37,83,86.0,3,3
37,96,80.6,3,3
37,97,81.5,3,3
37,110,72.5,3,3
37,111,89.6,3,3
37,124,77.6,3,3
37,125,71.9,3,3
37,6,57.3,3,4
37,7,85.4,3,4
37,22,87.5,3,4
37,23,78.4,3,4
37,38,76.1,3,4
37,39,90.6,3,4
37,54,82.3,3,4
37,55,89.3,3,4
37,70,80.6,3,4
37,71,85.4,3,4
37,84,84.0,3,4
37,85,106.7,3,4
37,98,87.7,3,4
37,99,80.5,3,4
37,112,94.1,3,4
37,113,92.4,3,4
37,126,96.6,3,4
37,127,90.2,3,4
37,8,276.3,3,5
37,9,274.4,3,5
37,24,275.0,3,5
37,25,275.2,3,5
37,40,280.1,3,5
37,41,275.3,3,5
37,56,280.8,3,5
37,57,278.7,3,5
37,72,275.6,3,5
37,73,278.5,3,5
37,86,277.7,3,5
37,87,279.2,3,5
37,100,280.4,3,5
37,101,279.6,3,5
37,114,278.9,3,5
37,115,278.6,3,5
37,128,278.8,3,5
37,129,276.2,3,5
37,10,82.9,3,1
37,11,73.0,3,1
37,26,80.5,3,1
37,27,90.5,3,1
37,42,89.8,3,1
37,43,85.0,3,1
37,58,87.5,3,1
37,59,83.4,3,1
37,74,72.4,3,1
37,75,86.4,3,1
37,88,79.5,3,1
37,89,75.3,3,1
37,102,83.1,3,1
37,103,75.1,3,1
37,116,69.0,3,1
37,117,93.7,3,1
37,130,85.8,3,1
37,131,90.9,3,1
37,136,86.3,3,1
37,137,80.3,3,1
37,12,270.4,3,6
37,13,274.8,3,6
37,28,272.4,3,6
37,29,278.2,3,6
37,44,271.5,3,6
37,45,268.7,3,6
37,60,276.4,3,6
37,61,277.7,3,6
37,76,274.4,3,6
37,77,272.4,3,6
37,90,277.4,3,6
37,91,275.4,3,6
37,104,279.3,3,6
37,105,275.1,3,6
37,118,274.8,3,6
37,119,282.2,3,6
37,132,275.8,3,6
37,133,277.8,3,6
37,138,278.2,3,6
37,139,280.3,3,6
37,14,280.8,3,7
37,15,278.8,3,7
37,30,282.1,3,7
37,31,282.5,3,7
37,46,283.0,3,7
37,47,277.9,3,7
37,62,283.6,3,7
37,63,279.6,3,7
37,78,280.9,3,7
37,79,282.0,3,7
37,92,278.9,3,7
37,93,277.2,3,7
37,106,281.5,3,7
37,107,281.8,3,7
37,120,275.4,3,7
37,121,280.2,3,7
37,134,277.0,3,7
37,135,279.2,3,7
37,140,275.4,3,7
37,141,275.9,3,7
52,144,270.7,3,9
52,145,259.1,3,9
52,146,272.4,3,10
52,147,267.9,3,10
52,142,269.7,3,8
52,143,270.0,3,8
52,0,267.5,3,0
52,1,274.2,3,0
52,16,272.0,3,0
52,17,268.2,3,0
52,32,269.9,3,0
52,33,273.0,3,0
52,48,278.9,3,0
52,49,272.0,3,0
52,64,264.2,3,0
52,65,263.0,3,0
52,2,82.1,3,2
52,3,81.5,3,2
52,18,92.8,3,2
52,19,99.9,3,2
52,34,95.1,3,2
52,35,93.7,3,2
52,50,90.0,3,2
52,51,101.1,3,2
52,66,90.2,3,2
52,67,88.1,3,2
52,80,98.1,3,2
52,81,87.1,3,2
52,94,93.3,3,2
52,95,85.8,3,2
52,108,84.1,3,2
52,109,92.4,3,2
52,122,90.3,3,2
52,123,92.5,3,2
52,4,83.2,3,3
52,5,87.8,3,3
52,20,78.1,3,3
52,21,77.9,3,3
52,36,97.5,3,3
52,37,82.8,3,3
52,52,0.0,3,3
52,53,78.6,3,3
52,68,79.6,3,3
52,69,77.8,3,3
52,82,84.1,3,3
52,83,77.0,3,3
52,96,89.2,3,3
52,97,92.9,3,3
52,110,87.6,3,3
52,111,95.4,3,3
52,124,81.0,3,3
52,125,85.1,3,3
52,6,87.5,3,4
52,7,90.1,3,4
52,22,81.9,3,4
52,23,87.3,3,4
52,38,92.0,3,4
52,39,102.0,3,4
52,54,97.5,3,4
52,55,86.4,3,4
52,70,93.9,3,4
52,71,84.6,3,4
52,84,87.0,3,4
52,85,85.6,3,4
52,98,103.7,3,4
52,99,92.9,3,4
52,112,82.0,3,4
52,113,92.5,3,4
52,126,97.2,3,4
52,127,89.4,3,4
52,8,266.8,3,5
52,9,264.9,3,5
52,24,259.6,3,5
52,25,265.3,3,5
52,40,269.9,3,5
52,41,266.3,3,5
52,56,271.8,3,5
52,57,267.3,3,5
52,72,265.7,3,5
52,73,269.0,3,5
52,86,267.8,3,5
52,87,269.3,3,5
52,100,272.2,3,5
52,101,270.1,3,5
52,114,268.7,3,5
52,115,268.8,3,5
52,128,269.4,3,5
52,129,266.3,3,5
52,10,99.0,3,1
52,11,95.0,3,1
52,26,93.7,3,1
52,27,87.4,3,1
52,42,92.7,3,1
52,43,98.7,3,1
52,58,91.3,3,1
52,59,90.1,3,1
52,74,87.2,3,1
52,75,87.6,3,1
52,88,102.3,3,1
52,89,96.4,3,1
52,102,71.7,3,1
52,103,91.8,3,1
52,116,94.2,3,1
52,117,89.8,3,1
52,130,91.0,3,1
52,131,88.0,3,1
52,136,95.0,3,1
52,137,90.1,3,1
52,12,257.9,3,6
52,13,265.5,3,6
52,28,262.1,3,6
52,29,267.3,3,6
52,44,258.7,3,6
52,45,253.8,3,6
52,60,266.0,3,6
52,61,268.0,3,6
52,76,262.5,3,6
52,77,260.5,3,6
52,90,264.8,3,6
52,91,264.9,3,6
52,104,268.5,3,6
52,105,263.5,3,6
52,118,261.8,3,6
52,119,272.2,3,6
52,132,265.6,3,6
52,133,267.1,3,6
52,138,268.0,3,6
52,139,270.3,3,6
52,14,269.4,3,7
52,15,268.5,3,7
52,30,270.6,3,7
52,31,272.2,3,7
52,46,272.4,3,7
52,47,267.3,3,7
52,62,273.8,3,7
52,63,268.4,3,7
52,78,271.8,3,7
52,79,272.1,3,7
52,92,267.6,3,7
52,93,265.5,3,7
52,106,272.7,3,7
52,107,270.0,3,7
52,120,265.3,3,7
52,121,271.5,3,7
52,134,266.2,3,7
52,135,270.4,3,7
52,140,268.0,3,7
52,141,265.2,3,7
53,144,281.0,3,9
53,145,273.3,3,9
53,146,282.5,3,10
53,147,278.8,3,10
53,142,281.9,3,8
53,143,281.3,3,8
53,0,278.9,3,0
53,1,283.7,3,0
53,16,283.5,3,0
53,17,279.3,3,0
53,32,281.0,3,0
53,33,282.5,3,0
53,48,289.1,3,0
53,49,282.1,3,0
53,64,276.1,3,0
53,65,275.6,3,0
53,2,82.5,3,2
53,3,91.5,3,2
53,18,72.4,3,2
53,19,86.8,3,2
53,34,85.9,3,2
53,35,75.9,3,2
53,50,64.6,3,2
53,51,101.1,3,2
53,66,71.5,3,2
53,67,69.4,3,2
53,80,76.6,3,2
53,81,97.1,3,2
53,94,66.2,3,2
53,95,67.6,3,2
53,108,75.4,3,2
53,109,79.0,3,2
53,122,73.2,3,2
53,123,72.3,3,2
53,4,84.2,3,3
53,5,62.8,3,3
53,20,66.3,3,3
53,21,77.3,3,3
53,36,64.3,3,3
53,37,65.8,3,3
53,52,78.6,3,3
53,53,0.0,3,3
53,68,69.5,3,3
53,69,59.3,3,3
53,82,47.7,3,3
53,83,89.1,3,3
53,96,72.5,3,3
53,97,82.7,3,3
53,110,79.0,3,3
53,111,86.2,3,3
53,124,78.4,3,3
53,125,68.7,3,3
53,6,78.5,3,4
53,7,77.0,3,4
53,22,79.9,3,4
53,23,79.6,3,4
53,38,73.6,3,4
53,39,91.7,3,4
53,54,83.6,3,4
53,55,77.2,3,4
53,70,81.1,3,4
53,71,88.3,3,4
53,84,86.9,3,4
53,85,103.3,3,4
53,98,89.1,3,4
53,99,83.7,3,4
53,112,89.3,3,4
53,113,90.8,3,4
53,126,91.9,3,4
53,127,96.1,3,4
53,8,278.3,3,5
53,9,276.6,3,5
53,24,276.2,3,5
53,25,277.5,3,5
53,40,280.0,3,5
53,41,276.8,3,5
53,56,282.3,3,5
53,57,279.2,3,5
53,72,277.3,3,5
53,73,280.3,3,5
53,86,279.7,3,5
53,87,280.7,3,5
53,100,283.0,3,5
53,101,281.1,3,5
53,114,280.4,3,5
53,115,280.1,3,5
53,128,279.8,3,5
53,129,278.0,3,5
53,10,82.4,3,1
53,11,82.1,3,1
53,26,76.3,3,1
53,27,83.8,3,1
53,42,86.8,3,1
53,43,91.0,3,1
53,58,85.1,3,1
53,59,79.5,3,1
53,74,85.1,3,1
53,75,85.7,3,1
53,88,84.9,3,1
53,89,72.0,3,1
53,102,85.0,3,1
53,103,66.5,3,1
53,116,80.6,3,1
53,117,90.9,3,1
53,130,83.0,3,1
53,131,83.7,3,1
53,136,80.8,3,1
53,137,75.8,3,1
53,12,273.2,3,6
53,13,276.7,3,6
53,28,273.7,3,6
53,29,279.3,3,6
53,44,272.9,3,6
53,45,271.6,3,6
53,60,278.9,3,6
53,61,279.8,3,6
53,76,277.3,3,6
53,77,274.2,3,6
53,90,278.6,3,6
53,91,277.6,3,6
53,104,280.4,3,6
53,105,276.6,3,6
53,118,276.4,3,6
53,119,283.4,3,6
53,132,277.7,3,6
53,133,280.2,3,6
53,138,279.2,3,6
53,139,281.6,3,6
53,14,281.4,3,7
53,15,280.6,3,7
53,30,284.2,3,7
53,31,283.4,3,7
53,46,284.0,3,7
53,47,278.9,3,7
53,62,284.2,3,7
53,63,280.3,3,7
53,78,282.8,3,7
53,79,283.5,3,7
53,92,279.9,3,7
53,93,278.2,3,7
53,106,284.0,3,7
53,107,282.8,3,7
53,120,277.8,3,7
53,121,282.3,3,7
53,134,277.9,3,7
53,135,281.2,3,7
53,140,279.3,3,7
53,141,277.1,3,7
68,144,273.1,3,9
68,145,264.1,3,9
68,146,276.0,3,10
68,147,272.0,3,10
68,142,274.8,3,8
68,143,273.4,3,8
68,0,270.6,3,0
68,1,276.7,3,0
68,16,276.7,3,0
68,17,270.1,3,0
68,32,272.7,3,0
68,33,275.7,3,0
68,48,282.8,3,0
68,49,273.3,3,0
68,64,267.8,3,0
68,65,265.6,3,0
68,2,73.8,3,2
68,3,80.6,3,2
68,18,74.9,3,2
68,19,79.0,3,2
68,34,72.5,3,2
68,35,78.0,3,2
68,50,73.5,3,2
68,51,94.9,3,2
68,66,77.8,3,2
68,67,76.1,3,2
68,80,88.6,3,2
68,81,86.2,3,2
68,94,80.3,3,2
68,95,70.6,3,2
68,108,76.5,3,2
68,109,75.0,3,2
68,122,76.0,3,2
68,123,76.0,3,2
68,4,69.9,3,3
68,5,75.5,3,3
68,20,73.7,3,3
68,21,78.4,3,3
68,36,82.5,3,3
68,37,76.1,3,3
68,52,79.6,3,3
68,53,69.5,3,3
68,68,0.0,3,3
68,69,69.0,3,3
68,82,69.1,3,3
68,83,84.7,3,3
68,96,65.7,3,3
68,97,79.7,3,3
68,110,75.0,3,3
68,111,81.1,3,3
68,124,76.1,3,3
68,125,74.6,3,3
68,6,83.4,3,4
68,7,78.5,3,4
68,22,80.3,3,4
68,23,79.6,3,4
68,38,80.2,3,4
68,39,85.3,3,4
68,54,83.3,3,4
68,55,80.9,3,4
68,70,79.7,3,4
68,71,79.8,3,4
68,84,84.0,3,4
68,85,87.4,3,4
68,98,92.0,3,4
68,99,83.4,3,4
68,112,86.1,3,4
68,113,84.0,3,4
68,126,84.6,3,4
68,127,92.4,3,4
68,8,270.1,3,5
68,9,268.9,3,5
68,24,267.7,3,5
68,25,269.6,3,5
68,40,273.5,3,5
68,41,269.5,3,5
68,56,275.2,3,5
68,57,272.3,3,5
68,72,269.9,3,5
68,73,272.5,3,5
68,86,272.5,3,5
68,87,274.5,3,5
68,100,275.8,3,5
68,101,272.3,3,5
68,114,271.4,3,5
68,115,272.8,3,5
68,128,271.7,3,5
68,129,269.9,3,5
68,10,84.7,3,1
68,11,87.0,3,1
68,26,84.6,3,1
68,27,83.5,3,1
68,42,80.7,3,1
68,43,81.2,3,1
68,58,89.0,3,1
68,59,78.7,3,1
68,74,79.8,3,1
68,75,74.7,3,1
68,88,82.6,3,1
68,89,84.4,3,1
68,102,84.1,3,1
68,103,75.2,3,1
68,116,86.1,3,1
68,117,76.4,3,1
68,130,78.3,3,1
68,131,78.6,3,1
68,136,83.5,3,1
68,137,79.1,3,1
68,12,261.9,3,6
68,13,267.5,3,6
68,28,265.4,3,6
68,29,271.9,3,6
68,44,263.4,3,6
68,45,260.6,3,6
68,60,269.4,3,6
68,61,271.6,3,6
68,76,267.7,3,6
68,77,266.1,3,6
68,90,269.8,3,6
68,91,267.7,3,6
68,104,271.9,3,6
68,105,265.3,3,6
68,118,266.8,3,6
68,119,275.7,3,6
68,132,269.9,3,6
68,133,271.5,3,6
68,138,271.1,3,6
68,139,273.3,3,6
68,14,272.8,3,7
68,15,269.9,3,7
68,30,273.8,3,7
68,31,275.6,3,7
68,46,276.5,3,7
68,47,270.2,3,7
68,62,277.3,3,7
68,63,273.2,3,7
68,78,274.7,3,7
68,79,276.6,3,7
68,92,272.4,3,7
68,93,270.0,3,7
68,106,276.1,3,7
68,107,274.7,3,7
68,120,268.5,3,7
68,121,274.6,3,7
68,134,270.8,3,7
68,135,272.4,3,7
68,140,271.0,3,7
68,141,269.4,3,7
69,144,277.8,3,9
69,145,270.0,3,9
69,146,278.5,3,10
69,147,275.6,3,10
69,142,277.4,3,8
69,143,277.4,3,8
69,0,274.9,3,0
69,1,280.3,3,0
69,16,280.2,3,0
69,17,276.1,3,0
69,32,277.1,3,0
69,33,279.1,3,0
69,48,285.6,3,0
69,49,278.6,3,0
69,64,272.2,3,0
69,65,270.1,3,0
69,2,83.7,3,2
69,3,84.5,3,2
69,18,72.5,3,2
69,19,84.5,3,2
69,34,82.2,3,2
69,35,73.8,3,2
69,50,72.1,3,2
69,51,97.4,3,2
69,66,72.2,3,2
69,67,73.6,3,2
69,80,78.6,3,2
69,81,91.6,3,2
69,94,74.8,3,2
69,95,67.4,3,2
69,108,65.2,3,2
69,109,67.4,3,2
69,122,71.6,3,2
69,123,64.5,3,2
69,4,81.4,3,3
69,5,65.6,3,3
69,20,63.6,3,3
69,21,78.3,3,3
69,36,69.2,3,3
69,37,72.0,3,3
69,52,77.8,3,3
69,53,59.3,3,3
69,68,69.0,3,3
69,69,0.0,3,3
69,82,62.8,3,3
69,83,83.0,3,3
69,96,82.1,3,3
69,97,80.5,3,3
69,110,69.7,3,3
69,111,77.9,3,3
69,124,74.2,3,3
69,125,66.3,3,3
69,6,78.1,3,4
69,7,66.6,3,4
69,22,76.5,3,4
69,23,78.0,3,4
69,38,75.0,3,4
69,39,84.4,3,4
69,54,81.3,3,4
69,55,74.0,3,4
69,70,76.8,3,4
69,71,82.5,3,4
69,84,79.0,3,4
69,85,92.9,3,4
69,98,81.3,3,4
69,99,75.9,3,4
69,112,80.0,3,4
69,113,78.7,3,4
69,126,79.2,3,4
69,127,89.0,3,4
69,8,274.5,3,5
69,9,272.0,3,5
69,24,271.3,3,5
69,25,273.8,3,5
69,40,276.9,3,5
69,41,273.0,3,5
69,56,278.7,3,5
69,57,276.0,3,5
69,72,273.6,3,5
69,73,276.8,3,5
69,86,276.0,3,5
69,87,277.2,3,5
69,100,278.9,3,5
69,101,278.2,3,5
69,114,275.9,3,5
69,115,276.5,3,5
69,128,275.4,3,5
69,129,274.8,3,5
69,10,74.0,3,1
69,11,79.7,3,1
69,26,74.0,3,1
69,27,76.6,3,1
69,42,81.7,3,1
69,43,86.5,3,1
69,58,78.2,3,1
69,59,79.8,3,1
69,74,81.0,3,1
69,75,77.5,3,1
69,88,86.3,3,1
69,89,68.0,3,1
69,102,75.9,3,1
69,103,70.9,3,1
69,116,74.3,3,1
69,117,82.1,3,1
69,130,73.7,3,1
69,131,76.2,3,1
69,136,80.2,3,1
69,137,73.5,3,1
69,12,270.3,3,6
69,13,271.7,3,6
69,28,270.2,3,6
69,29,275.3,3,6
69,44,268.8,3,6
69,45,267.4,3,6
69,60,275.2,3,6
69,61,274.7,3,6
69,76,274.2,3,6
69,77,270.6,3,6
69,90,274.5,3,6
69,91,273.9,3,6
69,104,276.3,3,6
69,105,273.3,3,6
69,118,272.0,3,6
69,119,279.3,3,6
69,132,274.4,3,6
69,133,276.8,3,6
69,138,275.8,3,6
69,139,278.0,3,6
69,14,276.9,3,7
69,15,276.7,3,7
69,30,280.7,3,7
69,31,280.2,3,7
69,46,280.0,3,7
69,47,275.5,3,7
69,62,280.2,3,7
69,63,276.6,3,7
69,78,279.4,3,7
69,79,280.1,3,7
69,92,275.9,3,7
69,93,275.0,3,7
69,106,280.7,3,7
69,107,278.6,3,7
69,120,273.9,3,7
69,121,277.9,3,7
69,134,275.3,3,7
69,135,277.2,3,7
69,140,276.1,3,7
69,141,273.7,3,7
82,144,281.6,3,9
82,145,274.1,3,9
82,146,282.8,3,10
82,147,280.8,3,10
82,142,283.4,3,8
82,143,282.4,3,8
82,0,279.2,3,0
82,1,284.0,3,0
82,16,284.4,3,0
82,17,279.7,3,0
82,32,281.5,3,0
82,33,282.3,3,0
82,48,289.7,3,0
82,49,280.9,3,0
82,64,276.8,3,0
82,65,275.2,3,0
82,2,79.7,3,2
82,3,86.3,3,2
82,18,71.6,3,2
82,19,81.2,3,2
82,34,81.1,3,2
82,35,75.9,3,2
82,50,68.1,3,2
82,51,99.5,3,2
82,66,75.4,3,2
82,67,77.0,3,2
82,80,77.4,3,2
82,81,96.4,3,2
82,94,70.0,3,2
82,95,71.8,3,2
82,108,72.8,3,2
82,109,79.1,3,2
82,122,74.2,3,2
82,123,70.0,3,2
82,4,81.3,3,3
82,5,62.0,3,3
82,20,71.5,3,3
82,21,77.8,3,3
82,36,61.9,3,3
82,37,66.0,3,3
82,52,84.1,3,3
82,53,47.7,3,3
82,68,69.1,3,3
82,69,62.8,3,3
82,82,0.0,3,3
82,83,87.4,3,3
82,96,74.5,3,3
82,97,80.2,3,3
82,110,77.5,3,3
82,111,82.0,3,3
82,124,80.3,3,3
82,125,61.2,3,3
82,6,72.0,3,4
82,7,78.4,3,4
82,22,81.0,3,4
82,23,62.0,3,4
82,38,70.6,3,4
82,39,85.0,3,4
82,54,69.7,3,4
82,55,78.1,3,4
82,70,75.6,3,4
82,71,81.3,3,4
82,84,84.7,3,4
82,85,101.9,3,4
82,98,86.6,3,4
82,99,82.6,3,4
82,112,94.4,3,4
82,113,88.1,3,4
82,126,93.8,3,4
82,127,95.3,3,4
82,8,279.2,3,5
82,9,277.0,3,5
82,24,277.4,3,5
82,25,279.1,3,5
82,40,281.4,3,5
82,41,277.5,3,5
82,56,282.9,3,5
82,57,281.2,3,5
82,72,278.1,3,5
82,73,281.0,3,5
82,86,280.7,3,5
82,87,281.1,3,5
82,100,283.3,3,5
82,101,281.7,3,5
82,114,281.0,3,5
82,115,280.6,3,5
82,128,280.2,3,5
82,129,277.4,3,5
82,10,79.3,3,1
82,11,78.8,3,1
82,26,66.6,3,1
82,27,85.0,3,1
82,42,84.6,3,1
82,43,89.3,3,1
82,58,85.4,3,1
82,59,78.3,3,1
82,74,81.0,3,1
82,75,81.0,3,1
82,88,79.8,3,1
82,89,67.7,3,1
82,102,84.6,3,1
82,103,66.9,3,1
82,116,74.6,3,1
82,117,90.4,3,1
82,130,75.2,3,1
82,131,84.9,3,1
82,136,83.1,3,1
82,137,73.3,3,1
82,12,273.5,3,6
82,13,276.9,3,6
82,28,275.2,3,6
82,29,278.9,3,6
82,44,273.5,3,6
82,45,272.0,3,6
82,60,277.1,3,6
82,61,278.9,3,6
82,76,277.1,3,6
82,77,274.9,3,6
82,90,278.5,3,6
82,91,277.6,3,6
82,104,280.3,3,6
82,105,277.1,3,6
82,118,276.3,3,6
82,119,283.1,3,6
82,132,278.6,3,6
82,133,279.4,3,6
82,138,279.9,3,6
82,139,281.8,3,6
82,14,281.8,3,7
82,15,280.6,3,7
82,30,283.7,3,7
82,31,284.1,3,7
82,46,284.2,3,7
82,47,279.9,3,7
82,62,284.9,3,7
82,63,281.4,3,7
82,78,283.8,3,7
82,79,284.3,3,7
82,92,280.6,3,7
82,93,278.4,3,7
82,106,284.8,3,7
82,107,283.6,3,7
82,120,279.0,3,7
82,121,283.0,3,7
82,134,280.0,3,7
82,135,282.0,3,7
82,140,279.4,3,7
82,141,278.4,3,7
83,144,266.3,3,9
83,145,256.1,3,9
83,146,269.3,3,10
83,147,266.3,3,10
83,142,267.8,3,8
83,143,266.7,3,8
83,0,265.4,3,0
83,1,270.9,3,0
83,16,272.1,3,0
83,17,266.4,3,0
83,32,268.0,3,0
83,33,269.8,3,0
83,48,277.3,3,0
83,49,268.3,3,0
83,64,260.4,3,0
83,65,259.0,3,0
83,2,86.4,3,2
83,3,69.7,3,2
83,18,86.1,3,2
83,19,82.8,3,2
83,34,86.8,3,2
83,35,89.7,3,2
83,50,87.3,3,2
83,51,89.1,3,2
83,66,91.4,3,2
83,67,84.5,3,2
83,80,80.7,3,2
83,81,89.8,3,2
83,94,90.9,3,2
83,95,84.4,3,2
83,108,78.9,3,2
83,109,85.2,3,2
83,122,83.4,3,2
83,123,83.1,3,2
83,4,81.0,3,3
83,5,82.6,3,3
83,20,78.7,3,3
83,21,68.4,3,3
83,36,87.4,3,3
83,37,86.0,3,3
83,52,77.0,3,3
83,53,89.1,3,3
83,68,84.7,3,3
83,69,83.0,3,3
83,82,87.4,3,3
83,83,0.0,3,3
83,96,77.3,3,3
83,97,67.4,3,3
83,110,76.4,3,3
83,111,81.4,3,3
83,124,74.3,3,3
83,125,74.2,3,3
83,6,80.2,3,4
83,7,80.6,3,4
83,22,81.5,3,4
83,23,75.5,3,4
83,38,87.1,3,4
83,39,91.9,3,4
83,54,86.0,3,4
83,55,88.3,3,4
83,70,88.7,3,4
83,71,75.9,3,4
83,84,86.7,3,4
83,85,84.9,3,4
83,98,87.7,3,4
83,99,84.1,3,4
83,112,84.8,3,4
83,113,89.7,3,4
83,126,89.5,3,4
83,127,75.7,3,4
83,8,263.3,3,5
83,9,260.4,3,5
83,24,259.5,3,5
83,25,262.1,3,5
83,40,267.0,3,5
83,41,263.0,3,5
83,56,269.6,3,5
83,57,264.1,3,5
83,72,262.6,3,5
83,73,265.7,3,5
83,86,265.3,3,5
83,87,267.8,3,5
83,100,268.2,3,5
83,101,266.4,3,5
83,114,265.2,3,5
83,115,266.1,3,5
83,128,266.2,3,5
83,129,263.2,3,5
83,10,84.3,3,1
83,11,86.6,3,1
83,26,90.0,3,1
83,27,88.1,3,1
83,42,90.3,3,1
83,43,89.2,3,1
83,58,78.8,3,1
83,59,84.8,3,1
83,74,74.0,3,1
83,75,79.6,3,1
83,88,92.7,3,1
83,89,89.5,3,1
83,102,71.5,3,1
83,103,91.9,3,1
83,116,85.0,3,1
83,117,79.0,3,1
83,130,90.6,3,1
83,131,87.3,3,1
83,136,89.9,3,1
83,137,82.7,3,1
83,12,255.2,3,6
83,13,261.8,3,6
83,28,259.4,3,6
83,29,266.0,3,6
83,44,256.3,3,6
83,45,252.0,3,6
83,60,263.1,3,6
83,61,265.8,3,6
83,76,261.8,3,6
83,77,260.1,3,6
83,90,265.0,3,6
83,91,262.7,3,6
83,104,266.2,3,6
83,105,262.0,3,6
83,118,261.2,3,6
83,119,269.5,3,6
83,132,263.8,3,6
83,133,264.8,3,6
83,138,265.8,3,6
83,139,268.1,3,6
83,14,267.7,3,7
83,15,265.8,3,7
83,30,268.9,3,7
83,31,269.4,3,7
83,46,270.0,3,7
83,47,264.2,3,7
83,62,271.2,3,7
83,63,265.1,3,7
83,78,267.6,3,7
83,79,268.5,3,7
83,92,265.6,3,7
83,93,263.0,3,7
83,106,270.8,3,7
83,107,266.8,3,7
83,120,261.7,3,7
83,121,267.8,3,7
83,134,263.7,3,7
83,135,267.0,3,7
83,140,264.1,3,7
83,141,262.5,3,7
96,144,271.1,3,9
96,145,262.9,3,9
96,146,275.1,3,10
96,147,271.6,3,10
96,142,275.3,3,8
96,143,273.8,3,8
96,0,269.5,3,0
96,1,276.0,3,0
96,16,276.4,3,0
96,17,270.8,3,0
96,32,272.5,3,0
96,33,274.3,3,0
96,48,282.6,3,0
96,49,272.0,3,0
96,64,266.1,3,0
96,65,263.7,3,0
96,2,82.3,3,2
96,3,84.6,3,2
96,18,77.2,3,2
96,19,81.9,3,2
96,34,71.2,3,2
96,35,83.0,3,2
96,50,79.2,3,2
96,51,96.7,3,2
96,66,81.3,3,2
96,67,78.9,3,2
96,80,89.0,3,2
96,81,91.7,3,2
96,94,81.9,3,2
96,95,70.6,3,2
96,108,79.0,3,2
96,109,80.7,3,2
96,122,75.9,3,2
96,123,80.2,3,2
96,4,77.7,3,3
96,5,74.6,3,3
96,20,79.5,3,3
96,21,75.3,3,3
96,36,74.3,3,3
96,37,80.6,3,3
96,52,89.2,3,3
96,53,72.5,3,3
96,68,65.7,3,3
96,69,82.1,3,3
96,82,74.5,3,3
96,83,77.3,3,3
96,96,0.0,3,3
96,97,71.6,3,3
96,110,73.1,3,3
96,111,70.5,3,3
96,124,77.8,3,3
96,125,67.0,3,3
96,6,74.6,3,4
96,7,74.6,3,4
96,22,78.3,3,4
96,23,74.6,3,4
96,38,75.5,3,4
96,39,87.8,3,4
96,54,81.1,3,4
96,55,85.4,3,4
96,70,82.2,3,4
96,71,81.2,3,4
96,84,91.4,3,4
96,85,91.5,3,4
96,98,96.0,3,4
96,99,90.5,3,4
96,112,97.0,3,4
96,113,92.0,3,4
96,126,92.1,3,4
96,127,94.2,3,4
96,8,269.4,3,5
96,9,267.7,3,5
96,24,267.5,3,5
96,25,269.0,3,5
96,40,272.5,3,5
96,41,268.1,3,5
96,56,274.5,3,5
96,57,271.7,3,5
96,72,268.6,3,5
96,73,271.9,3,5
96,86,271.6,3,5
96,87,273.6,3,5
96,100,274.0,3,5
96,101,271.7,3,5
96,114,271.4,3,5
96,115,271.6,3,5
96,128,270.8,3,5
96,129,268.2,3,5
96,10,89.1,3,1
96,11,88.6,3,1
96,26,87.8,3,1
96,27,92.2,3,1
96,42,81.6,3,1
96,43,87.2,3,1
96,58,89.7,3,1
96,59,81.7,3,1
96,74,82.2,3,1
96,75,78.1,3,1
96,88,81.2,3,1
96,89,86.6,3,1
96,102,90.9,3,1
96,103,78.8,3,1
96,116,86.8,3,1
96,117,87.1,3,1
96,130,83.5,3,1
96,131,84.0,3,1
96,136,81.3,3,1
96,137,79.5,3,1
96,12,262.3,3,6
96,13,266.4,3,6
96,28,266.0,3,6
96,29,270.3,3,6
96,44,263.1,3,6
96,45,260.0,3,6
96,60,268.3,3,6
96,61,270.5,3,6
96,76,266.1,3,6
96,77,265.6,3,6
96,90,269.8,3,6
96,91,266.9,3,6
96,104,271.8,3,6
96,105,266.5,3,6
96,118,266.2,3,6
96,119,274.3,3,6
96,132,268.6,3,6
96,133,269.5,3,6
96,138,270.3,3,6
96,139,273.0,3,6
96,14,272.8,3,7
96,15,270.2,3,7
96,30,273.0,3,7
96,31,274.2,3,7
96,46,275.2,3,7
96,47,269.5,3,7
96,62,275.7,3,7
96,63,271.3,3,7
96,78,273.6,3,7
96,79,274.6,3,7
96,92,271.3,3,7
96,93,269.0,3,7
96,106,275.4,3,7
96,107,274.0,3,7
96,120,266.2,3,7
96,121,273.6,3,7
96,134,271.2,3,7
96,135,272.1,3,7
96,140,269.3,3,7
96,141,268.8,3,7
97,144,266.2,3,9
97,145,259.3,3,9
97,146,270.8,3,10
97,147,268.0,3,10
97,142,270.2,3,8
97,143,269.8,3,8
97,0,267.1,3,0
97,1,272.5,3,0
97,16,274.2,3,0
97,17,267.1,3,0
97,32,269.5,3,0
97,33,271.0,3,0
97,48,278.8,3,0
97,49,269.7,3,0
97,64,263.4,3,0
97,65,260.3,3,0
97,2,80.5,3,2
97,3,83.6,3,2
97,18,79.0,3,2
97,19,73.0,3,2
97,34,84.4,3,2
97,35,83.4,3,2
97,50,82.0,3,2
97,51,95.0,3,2
97,66,84.6,3,2
97,67,79.7,3,2
97,80,81.5,3,2
97,81,88.3,3,2
97,94,86.0,3,2
97,95,77.4,3,2
97,108,74.2,3,2
97,109,77.2,3,2
97,122,78.6,3,2
97,123,76.3,3,2
97,4,82.5,3,3
97,5,77.2,3,3
97,20,82.4,3,3
97,21,79.1,3,3
97,36,85.8,3,3
97,37,81.5,3,3
97,52,92.9,3,3
97,53,82.7,3,3
97,68,79.7,3,3
97,69,80.5,3,3
97,82,80.2,3,3
97,83,67.4,3,3
97,96,71.6,3,3
97,97,0.0,3,3
97,110,68.8,3,3
97,111,73.8,3,3
97,124,65.4,3,3
97,125,68.6,3,3
97,6,76.5,3,4
97,7,76.1,3,4
97,22,78.5,3,4
97,23,78.2,3,4
97,38,77.6,3,4
97,39,86.0,3,4
97,54,81.9,3,4
97,55,82.3,3,4
97,70,81.4,3,4
97,71,82.0,3,4
97,84,89.3,3,4
97,85,93.2,3,4
97,98,75.8,3,4
97,99,77.3,3,4
97,112,88.9,3,4
97,113,84.8,3,4
97,126,90.4,3,4
97,127,85.1,3,4
97,8,265.9,3,5
97,9,263.4,3,5
97,24,263.9,3,5
97,25,264.7,3,5
97,40,269.5,3,5
97,41,264.8,3,5
97,56,271.1,3,5
97,57,267.2,3,5
97,72,265.0,3,5
97,73,267.6,3,5
97,86,267.6,3,5
97,87,270.4,3,5
97,100,270.1,3,5
97,101,267.8,3,5
97,114,267.7,3,5
97,115,268.4,3,5
97,128,267.9,3,5
97,129,265.3,3,5
97,10,79.7,3,1
97,11,75.8,3,1
97,26,83.3,3,1
97,27,80.6,3,1
97,42,82.7,3,1
97,43,72.8,3,1
97,58,85.3,3,1
97,59,71.5,3,1
97,74,76.9,3,1
97,75,76.1,3,1
97,88,81.9,3,1
97,89,79.9,3,1
97,102,83.2,3,1
97,103,82.2,3,1
97,116,82.9,3,1
97,117,82.7,3,1
97,130,85.2,3,1
97,131,74.9,3,1
97,136,83.1,3,1
97,137,77.2,3,1
97,12,258.8,3,6
97,13,262.9,3,6
97,28,261.0,3,6
97,29,267.6,3,6
97,44,259.9,3,6
97,45,256.7,3,6
97,60,265.2,3,6
97,61,267.0,3,6
97,76,263.4,3,6
97,77,262.9,3,6
97,90,268.1,3,6
97,91,264.7,3,6
97,104,268.4,3,6
97,105,263.7,3,6
97,118,263.8,3,6
97,119,270.6,3,6
97,132,265.6,3,6
97,133,267.6,3,6
97,138,267.7,3,6
97,139,269.8,3,6
97,14,269.2,3,7
97,15,267.2,3,7
97,30,271.0,3,7
97,31,271.1,3,7
97,46,272.2,3,7
97,47,266.4,3,7
97,62,273.0,3,7
97,63,268.0,3,7
97,78,270.0,3,7
97,79,271.0,3,7
97,92,268.4,3,7
97,93,265.9,3,7
97,106,272.2,3,7
97,107,270.1,3,7
97,120,263.3,3,7
97,121,268.5,3,7
97,134,265.5,3,7
97,135,267.8,3,7
97,140,264.4,3,7
97,141,265.0,3,7
110,144,272.0,3,9
110,145,265.1,3,9
110,146,274.3,3,10
110,147,272.0,3,10
110,142,274.8,3,8
110,143,273.3,3,8
110,0,269.9,3,0
110,1,275.8,3,0
110,16,276.6,3,0
110,17,271.2,3,0
110,32,272.8,3,0
110,33,274.5,3,0
110,48,281.5,3,0
110,49,272.8,3,0
110,64,267.9,3,0
110,65,264.6,3,0
110,2,83.3,3,2
110,3,87.8,3,2
110,18,69.7,3,2
110,19,77.0,3,2
110,34,83.6,3,2
110,35,78.5,3,2
110,50,76.7,3,2
110,51,99.7,3,2
110,66,79.6,3,2
110,67,78.3,3,2
110,80,77.0,3,2
110,81,86.8,3,2
110,94,78.9,3,2
110,95,75.7,3,2
110,108,78.4,3,2
110,109,77.1,3,2
110,122,79.8,3,2
110,123,73.8,3,2
110,4,79.1,3,3
110,5,73.9,3,3
110,20,70.6,3,3
110,21,87.6,3,3
110,36,71.5,3,3
110,37,72.5,3,3
110,52,87.6,3,3
110,53,79.0,3,3
110,68,75.0,3,3
110,69,69.7,3,3
110,82,77.5,3,3
110,83,76.4,3,3
110,96,73.1,3,3
110,97,68.8,3,3
110,110,0.0,3,3
110,111,73.2,3,3
110,124,60.4,3,3
110,125,66.2,3,3
110,6,66.1,3,4
110,7,77.2,3,4
110,22,77.7,3,4
110,23,78.1,3,4
110,38,74.1,3,4
110,39,84.6,3,4
110,54,80.8,3,4
110,55,86.4,3,4
110,70,78.1,3,4
110,71,83.1,3,4
110,84,74.3,3,4
110,85,98.5,3,4
110,98,84.1,3,4
110,99,84.3,3,4
110,112,89.1,3,4
110,113,82.5,3,4
110,126,90.4,3,4
110,127,95.3,3,4
110,8,269.1,3,5
110,9,266.8,3,5
110,24,269.0,3,5
110,25,268.5,3,5
110,40,272.9,3,5
110,41,268.0,3,5
110,56,273.8,3,5
110,57,271.4,3,5
110,72,268.9,3,5
110,73,272.1,3,5
110,86,271.1,3,5
110,87,272.8,3,5
110,100,273.4,3,5
110,101,272.7,3,5
110,114,271.0,3,5
110,115,270.7,3,5
110,128,270.8,3,5
110,129,269.1,3,5
110,10,76.1,3,1
110,11,80.4,3,1
110,26,84.3,3,1
110,27,89.5,3,1
110,42,87.2,3,1
110,43,82.6,3,1
110,58,86.9,3,1
110,59,80.4,3,1
110,74,77.7,3,1
110,75,81.0,3,1
110,88,85.9,3,1
110,89,77.3,3,1
110,102,83.2,3,1
110,103,81.3,3,1
110,116,74.5,3,1
110,117,81.8,3,1
110,130,74.5,3,1
110,131,81.4,3,1
110,136,84.8,3,1
110,137,78.5,3,1
110,12,265.1,3,6
110,13,266.4,3,6
110,28,264.9,3,6
110,29,270.5,3,6
110,44,264.9,3,6
110,45,261.7,3,6
110,60,269.6,3,6
110,61,269.6,3,6
110,76,266.2,3,6
110,77,265.4,3,6
110,90,271.0,3,6
110,91,267.8,3,6
110,104,272.1,3,6
110,105,268.2,3,6
110,118,267.2,3,6
110,119,274.6,3,6
110,132,270.1,3,6
110,133,271.6,3,6
110,138,270.8,3,6
110,139,272.8,3,6
110,14,272.8,3,7
110,15,270.2,3,7
110,30,274.2,3,7
110,31,274.8,3,7
110,46,275.1,3,7
110,47,270.1,3,7
110,62,275.3,3,7
110,63,271.9,3,7
110,78,274.1,3,7
110,79,274.9,3,7
110,92,270.9,3,7
110,93,269.6,3,7
110,106,274.9,3,7
110,107,273.7,3,7
110,120,268.8,3,7
110,121,272.7,3,7
110,134,271.0,3,7
110,135,271.3,3,7
110,140,270.1,3,7
110,141,269.1,3,7
111,144,271.6,3,9
111,145,264.0,3,9
111,146,275.0,3,10
111,147,273.0,3,10
111,142,276.1,3,8
111,143,274.1,3,8
111,0,271.1,3,0
111,1,277.2,3,0
111,16,277.8,3,0
111,17,272.3,3,0
111,32,273.5,3,0
111,33,275.3,3,0
111,48,283.1,3,0
111,49,274.4,3,0
111,64,267.7,3,0
111,65,264.6,3,0
111,2,80.3,3,2
111,3,87.3,3,2
111,18,84.9,3,2
111,19,86.3,3,2
111,34,83.2,3,2
111,35,80.5,3,2
111,50,79.5,3,2
111,51,96.1,3,2
111,66,81.6,3,2
111,67,86.4,3,2
111,80,94.9,3,2
111,81,87.5,3,2
111,94,86.4,3,2
111,95,76.5,3,2
111,108,80.8,3,2
111,109,58.7,3,2
111,122,80.3,3,2
111,123,78.0,3,2
111,4,67.1,3,3
111,5,79.0,3,3
111,20,76.9,3,3
111,21,79.8,3,3
111,36,82.1,3,3
111,37,89.6,3,3
111,52,95.4,3,3
111,53,86.2,3,3
111,68,81.1,3,3
111,69,77.9,3,3
111,82,82.0,3,3
111,83,81.4,3,3
111,96,70.5,3,3
111,97,73.8,3,3
111,110,73.2,3,3
111,111,0.0,3,3
111,124,75.4,3,3
111,125,64.2,3,3
111,6,81.6,3,4
111,7,71.3,3,4
111,22,85.0,3,4
111,23,77.2,3,4
111,38,74.8,3,4
111,39,88.6,3,4
111,54,92.6,3,4
111,55,88.6,3,4
111,70,87.9,3,4
111,71,75.3,3,4
111,84,93.3,3,4
111,85,86.7,3,4
111,98,93.2,3,4
111,99,89.2,3,4
111,112,89.7,3,4
111,113,83.9,3,4
111,126,86.4,3,4
111,127,94.9,3,4
111,8,269.7,3,5
111,9,268.0,3,5
111,24,267.9,3,5
111,25,269.2,3,5
111,40,272.8,3,5
111,41,269.5,3,5
111,56,274.3,3,5
111,57,272.4,3,5
111,72,269.4,3,5
111,73,272.7,3,5
111,86,272.2,3,5
111,87,273.7,3,5
111,100,274.4,3,5
111,101,273.8,3,5
111,114,270.5,3,5
111,115,272.2,3,5
111,128,271.9,3,5
111,129,269.5,3,5
111,10,85.5,3,1
111,11,88.4,3,1
111,26,95.2,3,1
111,27,84.5,3,1
111,42,91.6,3,1
111,43,89.9,3,1
111,58,92.2,3,1
111,59,87.3,3,1
111,74,86.1,3,1
111,75,73.0,3,1
111,88,87.9,3,1
111,89,81.9,3,1
111,102,92.1,3,1
111,103,87.1,3,1
111,116,86.4,3,1
111,117,88.1,3,1
111,130,87.2,3,1
111,131,85.3,3,1
111,136,84.3,3,1
111,137,84.2,3,1
111,12,265.3,3,6
111,13,267.5,3,6
111,28,266.5,3,6
111,29,270.9,3,6
111,44,264.6,3,6
111,45,261.4,3,6
111,60,269.3,3,6
111,61,270.6,3,6
111,76,267.4,3,6
111,77,266.9,3,6
111,90,271.0,3,6
111,91,268.3,3,6
111,104,270.7,3,6
111,105,268.4,3,6
111,118,267.5,3,6
111,119,274.7,3,6
111,132,269.7,3,6
111,133,272.0,3,6
111,138,272.1,3,6
111,139,273.5,3,6
111,14,273.3,3,7
111,15,271.5,3,7
111,30,275.0,3,7
111,31,275.8,3,7
111,46,276.0,3,7
111,47,271.3,3,7
111,62,276.5,3,7
111,63,272.3,3,7
111,78,274.2,3,7
111,79,275.9,3,7
111,92,271.8,3,7
111,93,270.4,3,7
111,106,276.0,3,7
111,107,274.8,3,7
111,120,267.6,3,7
111,121,273.3,3,7
111,134,272.0,3,7
111,135,272.8,3,7
111,140,270.1,3,7
111,141,269.6,3,7
124,144,270.4,3,9
124,145,262.3,3,9
124,146,273.5,3,10
124,147,269.7,3,10
124,142,272.4,3,8
124,143,272.5,3,8
124,0,269.1,3,0
124,1,274.8,3,0
124,16,275.7,3,0
124,17,269.7,3,0
124,32,271.5,3,0
124,33,273.5,3,0
124,48,280.7,3,0
124,49,272.3,3,0
124,64,265.9,3,0
124,65,262.7,3,0
124,2,75.1,3,2
124,3,85.1,3,2
124,18,76.3,3,2
124,19,77.9,3,2
124,34,82.6,3,2
124,35,79.4,3,2
124,50,76.4,3,2
124,51,97.7,3,2
124,66,81.0,3,2
124,67,74.7,3,2
124,80,81.0,3,2
124,81,82.2,3,2
124,94,79.0,3,2
124,95,72.8,3,2
124,108,76.7,3,2
124,109,77.3,3,2
124,122,79.3,3,2
124,123,76.4,3,2
124,4,78.3,3,3
124,5,77.7,3,3
124,20,75.7,3,3
124,21,82.3,3,3
124,36,83.9,3,3
124,37,77.6,3,3
124,52,81.0,3,3
124,53,78.4,3,3
124,68,76.1,3,3
124,69,74.2,3,3
124,82,80.3,3,3
124,83,74.3,3,3
124,96,77.8,3,3
124,97,65.4,3,3
124,110,60.4,3,3
124,111,75.4,3,3
124,124,0.0,3,3
124,125,66.5,3,3
124,6,73.8,3,4
124,7,76.8,3,4
124,22,78.8,3,4
124,23,80.3,3,4
124,38,77.6,3,4
124,39,90.6,3,4
124,54,86.7,3,4
124,55,83.7,3,4
124,70,82.3,3,4
124,71,82.5,3,4
124,84,82.0,3,4
124,85,92.0,3,4
124,98,84.0,3,4
124,99,75.3,3,4
124,112,80.9,3,4
124,113,79.8,3,4
124,126,86.7,3,4
124,127,85.2,3,4
124,8,268.0,3,5
124,9,266.5,3,5
124,24,265.7,3,5
124,25,266.8,3,5
124,40,271.2,3,5
124,41,267.6,3,5
124,56,273.0,3,5
124,57,268.3,3,5
124,72,267.2,3,5
124,73,270.9,3,5
124,86,269.9,3,5
124,87,272.4,3,5
124,100,273.2,3,5
124,101,271.3,3,5
124,114,270.3,3,5
124,115,270.7,3,5
124,128,270.3,3,5
124,129,268.1,3,5
124,10,84.4,3,1
124,11,79.0,3,1
124,26,88.8,3,1
124,27,87.6,3,1
124,42,87.9,3,1
124,43,78.1,3,1
124,58,88.7,3,1
124,59,76.5,3,1
124,74,77.6,3,1
124,75,77.3,3,1
124,88,89.3,3,1
124,89,76.7,3,1
124,102,82.2,3,1
124,103,82.5,3,1
124,116,83.1,3,1
124,117,81.6,3,1
124,130,85.8,3,1
124,131,82.9,3,1
124,136,83.6,3,1
124,137,81.6,3,1
124,12,261.2,3,6
124,13,266.0,3,6
124,28,262.4,3,6
124,29,269.6,3,6
124,44,261.5,3,6
124,45,259.3,3,6
124,60,267.3,3,6
124,61,269.4,3,6
124,76,264.9,3,6
124,77,264.2,3,6
124,90,269.7,3,6
124,91,266.8,3,6
124,104,271.0,3,6
124,105,264.7,3,6
124,118,265.7,3,6
124,119,273.8,3,6
124,132,268.8,3,6
124,133,270.3,3,6
124,138,269.4,3,6
124,139,271.7,3,6
124,14,271.2,3,7
124,15,267.9,3,7
124,30,272.7,3,7
124,31,273.3,3,7
124,46,274.2,3,7
124,47,268.3,3,7
124,62,274.9,3,7
124,63,271.2,3,7
124,78,272.1,3,7
124,79,273.9,3,7
124,92,270.0,3,7
124,93,268.0,3,7
124,106,273.6,3,7
124,107,272.3,3,7
124,120,267.0,3,7
124,121,271.8,3,7
124,134,267.2,3,7
124,135,270.9,3,7
124,140,267.5,3,7
124,141,267.4,3,7
125,144,275.8,3,9
125,145,268.4,3,9
125,146,277.4,3,10
125,147,275.6,3,10
125,142,277.9,3,8
125,143,277.3,3,8
125,0,273.9,3,0
125,1,279.0,3,0
125,16,279.7,3,0
125,17,274.9,3,0
125,32,276.5,3,0
125,33,276.8,3,0
125,48,284.8,3,0
125,49,276.5,3,0
125,64,271.3,3,0
125,65,269.4,3,0
125,2,77.1,3,2
125,3,82.7,3,2
125,18,71.6,3,2
125,19,77.4,3,2
125,34,76.7,3,2
125,35,75.7,3,2
125,50,71.6,3,2
125,51,100.4,3,2
125,66,70.2,3,2
125,67,77.4,3,2
125,80,81.7,3,2
125,81,93.9,3,2
125,94,73.0,3,2
125,95,71.4,3,2
125,108,66.8,3,2
125,109,73.7,3,2
125,122,63.8,3,2
125,123,64.1,3,2
125,4,71.2,3,3
125,5,62.8,3,3
125,20,68.0,3,3
125,21,74.5,3,3
125,36,66.3,3,3
125,37,71.9,3,3
125,52,85.1,3,3
125,53,68.7,3,3
125,68,74.6,3,3
125,69,66.3,3,3
125,82,61.2,3,3
125,83,74.2,3,3
125,96,67.0,3,3
125,97,68.6,3,3
125,110,66.2,3,3
125,111,64.2,3,3
125,124,66.5,3,3
125,125,0.0,3,3
125,6,66.4,3,4
125,7,70.9,3,4
125,22,70.5,3,4
125,23,61.8,3,4
125,38,64.6,3,4
125,39,85.5,3,4
125,54,77.0,3,4
125,55,79.4,3,4
125,70,72.5,3,4
125,71,75.1,3,4
125,84,80.6,3,4
125,85,95.1,3,4
125,98,81.4,3,4
125,99,76.3,3,4
125,112,87.6,3,4
125,113,84.4,3,4
125,126,88.8,3,4
125,127,87.8,3,4
125,8,272.9,3,5
125,9,271.0,3,5
125,24,271.2,3,5
125,25,272.7,3,5
125,40,275.3,3,5
125,41,272.1,3,5
125,56,275.9,3,5
125,57,274.9,3,5
125,72,272.0,3,5
125,73,275.0,3,5
125,86,275.0,3,5
125,87,276.4,3,5
125,100,277.3,3,5
125,101,276.6,3,5
125,114,275.0,3,5
125,115,274.7,3,5
125,128,274.1,3,5
125,129,272.3,3,5
125,10,71.0,3,1
125,11,76.3,3,1
125,26,73.6,3,1
125,27,82.9,3,1
125,42,83.5,3,1
125,43,84.8,3,1
125,58,79.6,3,1
125,59,76.0,3,1
125,74,76.9,3,1
125,75,74.5,3,1
125,88,75.0,3,1
125,89,66.4,3,1
125,102,79.6,3,1
125,103,69.9,3,1
125,116,70.3,3,1
125,117,85.9,3,1
125,130,77.7,3,1
125,131,85.6,3,1
125,136,78.6,3,1
125,137,72.0,3,1
125,12,268.1,3,6
125,13,270.7,3,6
125,28,269.6,3,6
125,29,273.7,3,6
125,44,267.8,3,6
125,45,266.1,3,6
125,60,272.3,3,6
125,61,273.7,3,6
125,76,271.1,3,6
125,77,268.9,3,6
125,90,274.1,3,6
125,91,271.7,3,6
125,104,275.2,3,6
125,105,271.9,3,6
125,118,270.8,3,6
125,119,277.7,3,6
125,132,273.7,3,6
125,133,274.8,3,6
125,138,274.7,3,6
125,139,276.4,3,6
125,14,276.3,3,7
125,15,274.6,3,7
125,30,278.0,3,7
125,31,278.3,3,7
125,46,278.5,3,7
125,47,273.8,3,7
125,62,279.1,3,7
125,63,275.7,3,7
125,78,277.8,3,7
125,79,278.6,3,7
125,92,275.0,3,7
125,93,273.2,3,7
125,106,278.8,3,7
125,107,277.4,3,7
125,120,273.0,3,7
125,121,276.7,3,7
125,134,273.6,3,7
125,135,275.5,3,7
125,140,273.5,3,7
125,141,272.3,3,7
6,144,274.6,4,9
6,145,268.2,4,9
6,146,277.7,4,10
6,147,275.5,4,10
6,142,278.8,4,8
6,143,277.3,4,8
6,0,273.9,4,0
6,1,279.8,4,0
6,16,279.8,4,0
6,17,275.5,4,0
6,32,276.8,4,0
6,33,276.7,4,0
6,48,285.0,4,0
6,49,276.4,4,0
6,64,271.3,4,0
6,65,269.1,4,0
6,2,90.9,4,2
6,3,91.3,4,2
6,18,77.7,4,2
6,19,79.8,4,2
6,34,85.1,4,2
6,35,82.7,4,2
6,50,82.1,4,2
6,51,106.0,4,2
6,66,83.1,4,2
6,67,84.2,4,2
6,80,83.0,4,2
6,81,97.1,4,2
6,94,80.6,4,2
6,95,81.0,4,2
6,108,77.8,4,2
6,109,87.4,4,2
6,122,76.1,4,2
6,123,73.9,4,2
6,4,85.7,4,3
6,5,73.7,4,3
6,20,72.5,4,3
6,21,82.5,4,3
6,36,75.8,4,3
6,37,57.3,4,3
6,52,87.5,4,3
6,53,78.5,4,3
6,68,83.4,4,3
6,69,78.1,4,3
6,82,72.0,4,3
6,83,80.2,4,3
6,96,74.6,4,3
6,97,76.5,4,3
6,110,66.1,4,3
6,111,81.6,4,3
6,124,73.8,4,3
6,125,66.4,4,3
6,6,0.0,4,4
6,7,69.5,4,4
6,22,72.6,4,4
6,23,64.2,4,4
6,38,61.1,4,4
6,39,83.8,4,4
6,54,67.5,4,4
6,55,83.1,4,4
6,70,73.5,4,4
6,71,75.7,4,4
6,84,72.2,4,4
6,85,96.3,4,4
6,98,80.2,4,4
6,99,73.5,4,4
6,112,88.4,4,4
6,113,82.3,4,4
6,126,89.9,4,4
6,127,85.3,4,4
6,8,273.7,4,5
6,9,271.3,4,5
6,24,271.8,4,5
6,25,272.5,4,5
6,40,277.6,4,5
6,41,273.0,4,5
6,56,278.3,4,5
6,57,276.8,4,5
6,72,272.8,4,5
6,73,276.6,4,5
6,86,275.6,4,5
6,87,276.6,4,5
6,100,278.0,4,5
6,101,277.8,4,5
6,114,276.4,4,5
6,115,276.2,4,5
6,128,276.0,4,5
6,129,273.1,4,5
6,10,78.8,4,1
6,11,72.0,4,1
6,26,74.8,4,1
6,27,89.4,4,1
6,42,84.1,4,1
6,43,80.2,4,1
6,58,79.3,4,1
6,59,75.8,4,1
6,74,64.8,4,1
6,75,80.4,4,1
6,88,71.8,4,1
6,89,69.3,4,1
6,102,77.3,4,1
6,103,71.4,4,1
6,116,63.7,4,1
6,117,87.5,4,1
6,130,78.1,4,1
6,131,81.2,4,1
6,136,77.5,4,1
6,137,71.5,4,1
6,12,267.8,4,6
6,13,271.0,4,6
6,28,269.5,4,6
6,29,273.9,4,6
6,44,267.9,4,6
6,45,265.0,4,6
6,60,272.0,4,6
6,61,273.6,4,6
6,76,270.2,4,6
6,77,269.2,4,6
6,90,273.9,4,6
6,91,271.8,4,6
6,104,275.6,4,6
6,105,272.2,4,6
6,118,270.9,4,6
6,119,278.2,4,6
6,132,273.1,4,6
6,133,273.8,4,6
6,138,275.1,4,6
6,139,276.5,4,6
6,14,277.6,4,7
6,15,275.8,4,7
6,30,278.8,4,7
6,31,279.4,4,7
6,46,279.8,4,7
6,47,275.7,4,7
6,62,280.6,4,7
6,63,277.0,4,7
6,78,278.6,4,7
6,79,279.0,4,7
6,92,275.9,4,7
6,93,274.0,4,7
6,106,278.9,4,7
6,107,279.3,4,7
6,120,273.0,4,7
6,121,277.7,4,7
6,134,275.6,4,7
6,135,277.0,4,7
6,140,272.9,4,7
6,141,274.1,4,7
7,144,270.6,4,9
7,145,262.8,4,9
7,146,273.2,4,10
7,147,269.5,4,10
7,142,272.4,4,8
7,143,272.0,4,8
7,0,269.2,4,0
7,1,274.9,4,0
7,16,275.0,4,0
7,17,270.0,4,0
7,32,271.4,4,0
7,33,272.9,4,0
7,48,280.5,4,0
7,49,272.3,4,0
7,64,265.7,4,0
7,65,263.6,4,0
7,2,84.5,4,2
7,3,82.7,4,2
7,18,79.2,4,2
7,19,82.3,4,2
7,34,80.4,4,2
7,35,82.7,4,2
7,50,81.8,4,2
7,51,93.9,4,2
7,66,78.8,4,2
7,67,79.9,4,2
7,80,88.7,4,2
7,81,87.9,4,2
7,94,81.8,4,2
7,95,76.6,4,2
7,108,73.5,4,2
7,109,74.4,4,2
7,122,72.3,4,2
7,123,73.1,4,2
7,4,80.8,4,3
7,5,74.2,4,3
7,20,79.2,4,3
7,21,72.9,4,3
7,36,81.6,4,3
7,37,85.4,4,3
7,52,90.1,4,3
7,53,77.0,4,3
7,68,78.5,4,3
7,69,66.6,4,3
7,82,78.4,4,3
7,83,80.6,4,3
7,96,74.6,4,3
7,97,76.1,4,3
7,110,77.2,4,3
7,111,71.3,4,3
7,124,76.8,4,3
7,125,70.9,4,3
7,6,69.5,4,4
7,7,0.0,4,4
7,22,67.7,4,4
7,23,69.8,4,4
7,38,69.0,4,4
7,39,85.1,4,4
7,54,80.7,4,4
7,55,72.7,4,4
7,70,76.9,4,4
7,71,78.8,4,4
7,84,80.6,4,4
7,85,83.3,4,4
7,98,81.7,4,4
7,99,75.1,4,4
7,112,81.1,4,4
7,113,73.2,4,4
7,126,76.5,4,4
7,127,78.9,4,4
7,8,269.0,4,5
7,9,267.3,4,5
7,24,264.9,4,5
7,25,267.6,4,5
7,40,272.0,4,5
7,41,267.9,4,5
7,56,273.5,4,5
7,57,271.1,4,5
7,72,268.6,4,5
7,73,271.6,4,5
7,86,271.2,4,5
7,87,273.0,4,5
7,100,274.4,4,5
7,101,273.6,4,5
7,114,270.4,4,5
7,115,272.0,4,5
7,128,271.1,4,5
7,129,269.2,4,5
7,10,77.5,4,1
7,11,80.2,4,1
7,26,77.1,4,1
7,27,80.8,4,1
7,42,78.1,4,1
7,43,77.7,4,1
7,58,77.8,4,1
7,59,76.9,4,1
7,74,78.5,4,1
7,75,72.4,4,1
7,88,81.4,4,1
7,89,75.2,4,1
7,102,80.2,4,1
7,103,74.5,4,1
7,116,77.7,4,1
7,117,74.5,4,1
7,130,78.4,4,1
7,131,76.1,4,1
7,136,76.0,4,1
7,137,69.0,4,1
7,12,262.6,4,6
7,13,265.4,4,6
7,28,263.7,4,6
7,29,269.3,4,6
7,44,262.0,4,6
7,45,260.0,4,6
7,60,267.3,4,6
7,61,269.7,4,6
7,76,267.1,4,6
7,77,265.0,4,6
7,90,269.0,4,6
7,91,267.3,4,6
7,104,270.8,4,6
7,105,266.9,4,6
7,118,265.7,4,6
7,119,273.9,4,6
7,132,268.2,4,6
7,133,270.4,4,6
7,138,270.3,4,6
7,139,272.3,4,6
7,14,271.6,4,7
7,15,270.8,4,7
7,30,274.0,4,7
7,31,274.9,4,7
7,46,275.2,4,7
7,47,269.7,4,7
7,62,275.7,4,7
7,63,271.4,4,7
7,78,273.0,4,7
7,79,274.9,4,7
7,92,271.0,4,7
7,93,269.6,4,7
7,106,275.2,4,7
7,107,274.0,4,7
7,120,267.4,4,7
7,121,273.0,4,7
7,134,269.5,4,7
7,135,271.4,4,7
7,140,270.0,4,7
7,141,268.3,4,7
22,144,270.3,4,9
22,145,261.1,4,9
22,146,272.6,4,10
22,147,269.2,4,10
22,142,271.4,4,8
22,143,271.1,4,8
22,0,268.6,4,0
22,1,273.8,4,0
22,16,273.5,4,0
22,17,269.8,4,0
22,32,270.5,4,0
22,33,272.0,4,0
22,48,279.9,4,0
22,49,271.2,4,0
22,64,265.1,4,0
22,65,263.3,4,0
22,2,77.3,4,2
22,3,90.1,4,2
22,18,79.0,4,2
22,19,89.3,4,2
22,34,86.4,4,2
22,35,85.5,4,2
22,50,80.9,4,2
22,51,103.7,4,2
22,66,73.8,4,2
22,67,81.2,4,2
22,80,88.1,4,2
22,81,84.7,4,2
22,94,83.9,4,2
22,95,79.6,4,2
22,108,81.4,4,2
22,109,82.8,4,2
22,122,78.1,4,2
22,123,78.8,4,2
22,4,80.6,4,3
22,5,79.0,4,3
22,20,80.0,4,3
22,21,85.0,4,3
22,36,87.2,4,3
22,37,87.5,4,3
22,52,81.9,4,3
22,53,79.9,4,3
22,68,80.3,4,3
22,69,76.5,4,3
22,82,81.0,4,3
22,83,81.5,4,3
22,96,78.3,4,3
22,97,78.5,4,3
22,110,77.7,4,3
22,111,85.0,4,3
22,124,78.8,4,3
22,125,70.5,4,3
22,6,72.6,4,4
22,7,67.7,4,4
22,22,0.0,4,4
22,23,72.0,4,4
22,38,63.3,4,4
22,39,89.6,4,4
22,54,78.5,4,4
22,55,80.0,4,4
22,70,70.6,4,4
22,71,77.0,4,4
22,84,81.0,4,4
22,85,89.8,4,4
22,98,86.7,4,4
22,99,78.4,4,4
22,112,80.4,4,4
22,113,76.8,4,4
22,126,89.1,4,4
22,127,86.1,4,4
22,8,268.5,4,5
22,9,266.6,4,5
22,24,265.5,4,5
22,25,267.7,4,5
22,40,271.8,4,5
22,41,267.8,4,5
22,56,273.2,4,5
22,57,270.0,4,5
22,72,267.3,4,5
22,73,269.5,4,5
22,86,270.8,4,5
22,87,272.0,4,5
22,100,273.9,4,5
22,101,272.4,4,5
22,114,270.6,4,5
22,115,270.6,4,5
22,128,270.6,4,5
22,129,267.3,4,5
22,10,79.6,4,1
22,11,84.1,4,1
22,26,70.0,4,1
22,27,84.2,4,1
22,42,75.8,4,1
22,43,84.7,4,1
22,58,82.6,4,1
22,59,74.6,4,1
22,74,79.6,4,1
22,75,79.0,4,1
22,88,83.4,4,1
22,89,80.7,4,1
22,102,82.2,4,1
22,103,76.5,4,1
22,116,80.7,4,1
22,117,84.2,4,1
22,130,80.1,4,1
22,131,80.1,4,1
22,136,70.7,4,1
22,137,74.6,4,1
22,12,260.4,4,6
22,13,265.3,4,6
22,28,263.6,4,6
22,29,268.0,4,6
22,44,261.6,4,6
22,45,258.4,4,6
22,60,266.0,4,6
22,61,268.1,4,6
22,76,262.6,4,6
22,77,263.1,4,6
22,90,268.2,4,6
22,91,265.2,4,6
22,104,269.5,4,6
22,105,265.7,4,6
22,118,264.4,4,6
22,119,272.4,4,6
22,132,267.4,4,6
22,133,268.1,4,6
22,138,268.8,4,6
22,139,270.7,4,6
22,14,271.2,4,7
22,15,269.5,4,7
22,30,272.2,4,7
22,31,273.6,4,7
22,46,273.9,4,7
22,47,268.4,4,7
22,62,275.1,4,7
22,63,270.7,4,7
22,78,273.5,4,7
22,79,273.8,4,7
22,92,270.1,4,7
22,93,268.2,4,7
22,106,274.3,4,7
22,107,273.2,4,7
22,120,267.5,4,7
22,121,272.6,4,7
22,134,268.1,4,7
22,135,270.3,4,7
22,140,269.9,4,7
22,141,266.1,4,7
23,144,275.9,4,9
23,145,267.9,4,9
23,146,277.1,4,10
23,147,275.5,4,10
23,142,278.4,4,8
23,143,277.2,4,8
23,0,274.1,4,0
23,1,279.5,4,0
23,16,280.0,4,0
23,17,275.3,4,0
23,32,276.3,4,0
23,33,276.9,4,0
23,48,284.9,4,0
23,49,275.8,4,0
23,64,271.0,4,0
23,65,269.3,4,0
23,2,84.8,4,2
23,3,78.3,4,2
23,18,80.1,4,2
23,19,84.4,4,2
23,34,84.8,4,2
23,35,82.1,4,2
23,50,77.9,4,2
23,51,95.9,4,2
23,66,83.6,4,2
23,67,84.2,4,2
23,80,87.1,4,2
23,81,94.4,4,2
23,94,80.2,4,2
23,95,78.9,4,2
23,108,77.2,4,2
23,109,80.8,4,2
23,122,74.9,4,2
23,123,70.9,4,2
23,4,78.9,4,3
23,5,71.4,4,3
23,20,75.7,4,3
23,21,72.5,4,3
23,36,75.1,4,3
23,37,78.4,4,3
23,52,87.3,4,3
23,53,79.6,4,3
23,68,79.6,4,3
23,69,78.0,4,3
23,82,62.0,4,3
23,83,75.5,4,3
23,96,74.6,4,3
23,97,78.2,4,3
23,110,78.1,4,3
23,111,77.2,4,3
23,124,80.3,4,3
23,125,61.8,4,3
23,6,64.2,4,4
23,7,69.8,4,4
23,22,72.0,4,4
23,23,0.0,4,4
23,38,64.2,4,4
23,39,77.8,4,4
23,54,66.8,4,4
23,55,77.6,4,4
23,70,72.2,4,4
23,71,65.2,4,4
23,84,82.6,4,4
23,85,84.8,4,4
23,98,84.8,4,4
23,99,78.3,4,4
23,112,88.6,4,4
23,113,81.8,4,4
23,126,87.9,4,4
23,127,77.1,4,4
23,8,274.2,4,5
23,9,271.8,4,5
23,24,271.9,4,5
23,25,274.1,4,5
23,40,276.3,4,5
23,41,273.3,4,5
23,56,278.3,4,5
23,57,276.5,4,5
23,72,273.1,4,5
23,73,276.3,4,5
23,86,276.1,4,5
23,87,276.8,4,5
23,100,278.6,4,5
23,101,277.5,4,5
23,114,276.1,4,5
23,115,276.3,4,5
23,128,275.6,4,5
23,129,272.5,4,5
23,10,76.1,4,1
23,11,77.9,4,1
23,26,67.8,4,1
23,27,82.0,4,1
23,42,78.7,4,1
23,43,80.8,4,1
23,58,81.5,4,1
23,59,77.5,4,1
23,74,72.2,4,1
23,75,67.7,4,1
23,88,76.5,4,1
23,89,70.2,4,1
23,102,73.3,4,1
23,103,71.0,4,1
23,116,67.0,4,1
23,117,77.4,4,1
23,130,74.4,4,1
23,131,83.8,4,1
23,136,79.5,4,1
23,137,70.0,4,1
23,12,266.3,4,6
23,13,271.1,4,6
23,28,269.9,4,6
23,29,273.7,4,6
23,44,267.2,4,6
23,45,265.7,4,6
23,60,271.0,4,6
23,61,273.5,4,6
23,76,271.9,4,6
23,77,269.9,4,6
23,90,273.8,4,6
23,91,272.2,4,6
23,104,274.6,4,6
23,105,271.8,4,6
23,118,270.7,4,6
23,119,277.9,4,6
23,132,274.0,4,6
23,133,274.4,4,6
23,138,274.9,4,6
23,139,276.1,4,6
23,14,277.9,4,7
23,15,275.9,4,7
23,30,278.9,4,7
23,31,279.5,4,7
23,46,279.6,4,7
23,47,275.4,4,7
23,62,280.4,4,7
23,63,277.1,4,7
23,78,278.9,4,7
23,79,279.5,4,7
23,92,275.9,4,7
23,93,273.2,4,7
23,106,280.1,4,7
23,107,278.7,4,7
23,120,274.0,4,7
23,121,278.5,4,7
23,134,275.5,4,7
23,135,277.3,4,7
23,140,274.5,4,7
23,141,273.8,4,7
38,144,273.8,4,9
38,145,266.9,4,9
38,146,276.6,4,10
38,147,274.5,4,10
38,142,277.5,4,8
38,143,275.7,4,8
38,0,273.1,4,0
38,1,278.6,4,0
38,16,278.9,4,0
38,17,274.3,4,0
38,32,275.3,4,0
38,33,276.4,4,0
38,48,283.8,4,0
38,49,275.7,4,0
38,64,270.5,4,0
38,65,268.7,4,0
38,2,87.5,4,2
38,3,92.7,4,2
38,18,67.8,4,2
38,19,85.2,4,2
38,34,84.4,4,2
38,35,76.7,4,2
38,50,69.8,4,2
38,51,104.0,4,2
38,66,71.7,4,2
38,67,80.7,4,2
38,80,83.6,4,2
38,81,96.8,4,2
38,94,72.6,4,2
38,95,75.2,4,2
38,108,77.8,4,2
38,109,78.5,4,2
38,122,76.9,4,2
38,123,71.6,4,2
38,4,82.1,4,3
38,5,65.0,4,3
38,20,72.2,4,3
38,21,81.6,4,3
38,36,75.5,4,3
38,37,76.1,4,3
38,52,92.0,4,3
38,53,73.6,4,3
38,68,80.2,4,3
38,69,75.0,4,3
38,82,70.6,4,3
38,83,87.1,4,3
38,96,75.5,4,3
38,97,77.6,4,3
38,110,74.1,4,3
38,111,74.8,4,3
38,124,77.6,4,3
38,125,64.6,4,3
38,6,61.1,4,4
38,7,69.0,4,4
38,22,63.3,4,4
38,23,64.2,4,4
38,38,0.0,4,4
38,39,78.0,4,4
38,54,65.4,4,4
38,55,76.1,4,4
38,70,70.8,4,4
38,71,72.2,4,4
38,84,75.5,4,4
38,85,92.1,4,4
38,98,77.7,4,4
38,99,74.8,4,4
38,112,84.5,4,4
38,113,78.3,4,4
38,126,86.7,4,4
38,127,88.9,4,4
38,8,273.3,4,5
38,9,271.5,4,5
38,24,271.8,4,5
38,25,272.9,4,5
38,40,276.4,4,5
38,41,272.5,4,5
38,56,277.6,4,5
38,57,276.2,4,5
38,72,272.1,4,5
38,73,275.2,4,5
38,86,274.6,4,5
38,87,276.0,4,5
38,100,277.2,4,5
38,101,276.6,4,5
38,114,275.4,4,5
38,115,275.6,4,5
38,128,275.2,4,5
38,129,272.1,4,5
38,10,76.1,4,1
38,11,70.3,4,1
38,26,73.2,4,1
38,27,81.4,4,1
38,42,76.0,4,1
38,43,80.2,4,1
38,58,81.9,4,1
38,59,72.0,4,1
38,74,73.5,4,1
38,75,75.7,4,1
38,88,71.4,4,1
38,89,63.7,4,1
38,102,80.2,4,1
38,103,65.9,4,1
38,116,69.7,4,1
38,117,86.0,4,1
38,130,77.6,4,1
38,131,79.5,4,1
38,136,67.2,4,1
38,137,68.1,4,1
38,12,267.3,4,6
38,13,270.1,4,6
38,28,269.0,4,6
38,29,273.3,4,6
38,44,267.0,4,6
38,45,264.6,4,6
38,60,271.4,4,6
38,61,272.3,4,6
38,76,268.4,4,6
38,77,268.5,4,6
38,90,273.2,4,6
38,91,270.2,4,6
38,104,273.7,4,6
38,105,270.5,4,6
38,118,269.8,4,6
38,119,276.8,4,6
38,132,272.1,4,6
38,133,273.2,4,6
38,138,273.7,4,6
38,139,275.4,4,6
38,14,276.4,4,7
38,15,274.6,4,7
38,30,278.1,4,7
38,31,278.4,4,7
38,46,279.2,4,7
38,47,274.7,4,7
38,62,279.8,4,7
38,63,275.9,4,7
38,78,278.0,4,7
38,79,278.6,4,7
38,92,275.3,4,7
38,93,273.3,4,7
38,106,278.9,4,7
38,107,278.3,4,7
38,120,272.8,4,7
38,121,276.5,4,7
38,134,274.1,4,7
38,135,275.8,4,7
38,140,273.3,4,7
38,141,272.7,4,7
39,144,271.2,4,9
39,145,264.0,4,9
39,146,274.4,4,10
39,147,272.0,4,10
39,142,275.6,4,8
39,143,272.2,4,8
39,0,270.2,4,0
39,1,275.9,4,0
39,16,277.3,4,0
39,17,271.8,4,0
39,32,271.7,4,0
39,33,275.1,4,0
39,48,282.3,4,0
39,49,272.8,4,0
39,64,267.5,4,0
39,65,265.5,4,0
39,2,89.0,4,2
39,3,93.7,4,2
39,18,84.0,4,2
39,19,83.3,4,2
39,34,94.4,4,2
39,35,84.9,4,2
39,50,85.3,4,2
39,51,88.8,4,2
39,66,89.6,4,2
39,67,91.9,4,2
39,80,84.5,4,2
39,81,100.4,4,2
39,94,86.8,4,2
39,95,89.0,4,2
39,108,91.6,4,2
39,109,83.7,4,2
39,122,92.1,4,2
39,123,84.6,4,2
39,4,88.9,4,3
39,5,85.7,4,3
39,20,81.0,4,3
39,21,92.9,4,3
39,36,87.5,4,3
39,37,90.6,4,3
39,52,102.0,4,3
39,53,91.7,4,3
39,68,85.3,4,3
39,69,84.4,4,3
39,82,85.0,4,3
39,83,91.9,4,3
39,96,87.8,4,3
39,97,86.0,4,3
39,110,84.6,4,3
39,111,88.6,4,3
39,124,90.6,4,3
39,125,85.5,4,3
39,6,83.8,4,4
39,7,85.1,4,4
39,22,89.6,4,4
39,23,77.8,4,4
39,38,78.0,4,4
39,39,0.0,4,4
39,54,70.8,4,4
39,55,77.0,4,4
39,70,73.9,4,4
39,71,77.7,4,4
39,84,75.6,4,4
39,85,85.2,4,4
39,98,84.3,4,4
39,99,84.9,4,4
39,112,86.7,4,4
39,113,84.2,4,4
39,126,82.2,4,4
39,127,90.5,4,4
39,8,271.1,4,5
39,9,267.4,4,5
39,24,269.6,4,5
39,25,270.9,4,5
39,40,274.1,4,5
39,41,270.6,4,5
39,56,276.7,4,5
39,57,274.2,4,5
39,72,270.3,4,5
39,73,273.5,4,5
39,86,273.3,4,5
39,87,274.0,4,5
39,100,275.2,4,5
39,101,273.9,4,5
39,114,270.8,4,5
39,115,272.9,4,5
39,128,272.2,4,5
39,129,270.0,4,5
39,10,77.8,4,1
39,11,78.6,4,1
39,26,84.9,4,1
39,27,74.6,4,1
39,42,75.5,4,1
39,43,81.7,4,1
39,58,86.5,4,1
39,59,86.8,4,1
39,74,83.5,4,1
39,75,77.8,4,1
39,88,90.8,4,1
39,89,76.3,4,1
39,102,82.0,4,1
39,103,85.8,4,1
39,116,79.6,4,1
39,117,78.8,4,1
39,130,76.9,4,1
39,131,80.1,4,1
39,136,92.0,4,1
39,137,82.5,4,1
39,12,264.6,4,6
39,13,266.1,4,6
39,28,265.8,4,6
39,29,272.2,4,6
39,44,263.5,4,6
39,45,260.5,4,6
39,60,270.1,4,6
39,61,270.3,4,6
39,76,269.2,4,6
39,77,266.8,4,6
39,90,270.9,4,6
39,91,268.6,4,6
39,104,269.9,4,6
39,105,267.7,4,6
39,118,265.8,4,6
39,119,274.9,4,6
39,132,270.0,4,6
39,133,271.7,4,6
39,138,270.9,4,6
39,139,271.8,4,6
39,14,273.9,4,7
39,15,271.9,4,7
39,30,276.1,4,7
39,31,276.2,4,7
39,46,277.2,4,7
39,47,271.5,4,7
39,62,277.2,4,7
39,63,272.6,4,7
39,78,275.4,4,7
39,79,275.6,4,7
39,92,271.7,4,7
39,93,270.4,4,7
39,106,277.2,4,7
39,107,275.2,4,7
39,120,268.4,4,7
39,121,274.8,4,7
39,134,272.4,4,7
39,135,273.0,4,7
39,140,272.1,4,7
39,141,271.0,4,7
54,144,275.4,4,9
54,145,268.0,4,9
54,146,277.8,4,10
54,147,275.7,4,10
54,142,278.5,4,8
54,143,276.9,4,8
54,0,273.9,4,0
54,1,279.1,4,0
54,16,280.2,4,0
54,17,275.0,4,0
54,32,276.1,4,0
54,33,277.1,4,0
54,48,285.2,4,0
54,49,274.7,4,0
54,64,271.0,4,0
54,65,269.2,4,0
54,2,88.1,4,2
54,3,89.3,4,2
54,18,75.6,4,2
54,19,81.3,4,2
54,34,86.7,4,2
54,35,80.5,4,2
54,50,79.9,4,2
54,51,102.5,4,2
54,66,84.0,4,2
54,67,84.8,4,2
54,80,72.9,4,2
54,81,98.0,4,2
54,94,81.5,4,2
54,95,79.7,4,2
54,108,85.1,4,2
54,109,90.2,4,2
54,122,80.9,4,2
54,123,80.0,4,2
54,4,91.4,4,3
54,5,76.9,4,3
54,20,82.5,4,3
54,21,86.2,4,3
54,36,81.2,4,3
54,37,82.3,4,3
54,52,97.5,4,3
54,53,83.6,4,3
54,68,83.3,4,3
54,69,81.3,4,3
54,82,69.7,4,3
54,83,86.0,4,3
54,96,81.1,4,3
54,97,81.9,4,3
54,110,80.8,4,3
54,111,92.6,4,3
54,124,86.7,4,3
54,125,77.0,4,3
54,6,67.5,4,4
54,7,80.7,4,4
54,22,78.5,4,4
54,23,66.8,4,4
54,38,65.4,4,4
54,39,70.8,4,4
54,54,0.0,4,4
54,55,78.3,4,4
54,70,66.5,4,4
54,71,67.1,4,4
54,84,77.1,4,4
54,85,97.2,4,4
54,98,79.5,4,4
54,99,78.6,4,4
54,112,92.9,4,4
54,113,80.4,4,4
54,126,89.8,4,4
54,127,87.6,4,4
54,8,275.0,4,5
54,9,272.4,4,5
54,24,273.8,4,5
54,25,274.5,4,5
54,40,278.0,4,5
54,41,273.7,4,5
54,56,279.5,4,5
54,57,277.6,4,5
54,72,273.3,4,5
54,73,276.6,4,5
54,86,276.7,4,5
54,87,277.2,4,5
54,100,278.4,4,5
54,101,276.9,4,5
54,114,276.7,4,5
54,115,277.0,4,5
54,128,275.7,4,5
54,129,272.3,4,5
54,10,80.8,4,1
54,11,72.0,4,1
54,26,61.9,4,1
54,27,87.6,4,1
54,42,77.8,4,1
54,43,83.7,4,1
54,58,83.0,4,1
54,59,75.3,4,1
54,74,72.9,4,1
54,75,80.4,4,1
54,88,77.2,4,1
54,89,68.8,4,1
54,102,78.9,4,1
54,103,74.5,4,1
54,116,72.5,4,1
54,117,83.4,4,1
54,130,76.8,4,1
54,131,82.0,4,1
54,136,84.3,4,1
54,137,73.5,4,1
54,12,267.3,4,6
54,13,271.0,4,6
54,28,270.7,4,6
54,29,274.2,4,6
54,44,267.7,4,6
54,45,265.5,4,6
54,60,271.3,4,6
54,61,273.4,4,6
54,76,270.8,4,6
54,77,269.6,4,6
54,90,274.4,4,6
54,91,271.7,4,6
54,104,275.7,4,6
54,105,271.7,4,6
54,118,270.8,4,6
54,119,278.0,4,6
54,132,274.3,4,6
54,133,272.8,4,6
54,138,274.2,4,6
54,139,276.3,4,6
54,14,277.6,4,7
54,15,275.5,4,7
54,30,278.4,4,7
54,31,279.2,4,7
54,46,280.1,4,7
54,47,275.1,4,7
54,62,280.8,4,7
54,63,276.7,4,7
54,78,279.1,4,7
54,79,278.8,4,7
54,92,276.3,4,7
54,93,273.6,4,7
54,106,280.5,4,7
54,107,279.1,4,7
54,120,274.1,4,7
54,121,278.3,4,7
54,134,276.0,4,7
54,135,277.4,4,7
54,140,274.5,4,7
54,141,274.1,4,7
55,144,276.4,4,9
55,145,268.0,4,9
55,146,277.5,4,10
55,147,273.6,4,10
55,142,275.5,4,8
55,143,276.2,4,8
55,0,273.6,4,0
55,1,279.4,4,0
55,16,279.8,4,0
55,17,274.9,4,0
55,32,275.6,4,0
55,33,278.1,4,0
55,48,284.9,4,0
55,49,277.1,4,0
55,64,269.8,4,0
55,65,268.9,4,0
55,2,87.4,4,2
55,3,83.3,4,2
55,18,86.7,4,2
55,19,85.3,4,2
55,34,88.5,4,2
55,35,85.3,4,2
55,50,82.8,4,2
55,51,102.7,4,2
55,66,85.6,4,2
55,67,77.9,4,2
55,80,90.5,4,2
55,81,100.3,4,2
55,94,87.4,4,2
55,95,82.3,4,2
55,108,83.6,4,2
55,109,84.1,4,2
55,122,81.8,4,2
55,123,80.9,4,2
55,4,90.0,4,3
55,5,75.6,4,3
55,20,76.4,4,3
55,21,80.6,4,3
55,36,84.2,4,3
55,37,89.3,4,3
55,52,86.4,4,3
55,53,77.2,4,3
55,68,80.9,4,3
55,69,74.0,4,3
55,82,78.1,4,3
55,83,88.3,4,3
55,96,85.4,4,3
55,97,82.3,4,3
55,110,86.4,4,3
55,111,88.6,4,3
55,124,83.7,4,3
55,125,79.4,4,3
55,6,83.1,4,4
55,7,72.7,4,4
55,22,80.0,4,4
55,23,77.6,4,4
55,38,76.1,4,4
55,39,77.0,4,4
55,54,78.3,4,4
55,55,0.0,4,4
55,70,76.5,4,4
55,71,83.8,4,4
55,84,74.9,4,4
55,85,87.6,4,4
55,98,85.9,4,4
55,99,76.4,4,4
55,112,78.8,4,4
55,113,83.6,4,4
55,126,83.8,4,4
55,127,88.5,4,4
55,8,274.0,4,5
55,9,272.1,4,5
55,24,270.7,4,5
55,25,273.2,4,5
55,40,276.0,4,5
55,41,273.4,4,5
55,56,278.8,4,5
55,57,275.0,4,5
55,72,273.4,4,5
55,73,276.1,4,5
55,86,275.6,4,5
55,87,277.1,4,5
55,100,279.0,4,5
55,101,277.2,4,5
55,114,275.8,4,5
55,115,276.4,4,5
55,128,275.4,4,5
55,129,274.4,4,5
55,10,75.2,4,1
55,11,80.2,4,1
55,26,81.3,4,1
55,27,70.0,4,1
55,42,74.7,4,1
55,43,83.5,4,1
55,58,79.3,4,1
55,59,81.0,4,1
55,74,84.8,4,1
55,75,80.4,4,1
55,88,91.0,4,1
55,89,75.1,4,1
55,102,74.2,4,1
55,103,75.5,4,1
55,116,74.9,4,1
55,117,81.2,4,1
55,130,73.2,4,1
55,131,73.7,4,1
55,136,78.5,4,1
55,137,74.0,4,1
55,12,267.3,4,6
55,13,270.4,4,6
55,28,268.3,4,6
55,29,273.9,4,6
55,44,266.8,4,6
55,45,264.5,4,6
55,60,273.6,4,6
55,61,273.9,4,6
55,76,273.3,4,6
55,77,269.6,4,6
55,90,273.4,4,6
55,91,272.6,4,6
55,104,274.7,4,6
55,105,270.9,4,6
55,118,270.2,4,6
55,119,277.8,4,6
55,132,273.9,4,6
55,133,275.9,4,6
55,138,274.3,4,6
55,139,277.2,4,6
55,14,277.1,4,7
55,15,276.5,4,7
55,30,280.2,4,7
55,31,279.4,4,7
55,46,279.1,4,7
55,47,274.5,4,7
55,62,280.4,4,7
55,63,275.3,4,7
55,78,278.1,4,7
55,79,279.3,4,7
55,92,275.3,4,7
55,93,274.2,4,7
55,106,280.8,4,7
55,107,278.6,4,7
55,120,272.2,4,7
55,121,278.3,4,7
55,134,273.8,4,7
55,135,276.7,4,7
55,140,275.8,4,7
55,141,273.3,4,7
70,144,274.9,4,9
70,145,267.5,4,9
70,146,276.8,4,10
70,147,274.8,4,10
70,142,277.2,4,8
70,143,276.2,4,8
70,0,272.9,4,0
70,1,277.0,4,0
70,16,279.4,4,0
70,17,274.0,4,0
70,32,275.4,4,0
70,33,276.6,4,0
70,48,284.4,4,0
70,49,274.2,4,0
70,64,270.0,4,0
70,65,267.7,4,0
70,2,86.5,4,2
70,3,93.3,4,2
70,18,78.5,4,2
70,19,76.1,4,2
70,34,88.4,4,2
70,35,86.2,4,2
70,50,80.3,4,2
70,51,105.4,4,2
70,66,84.2,4,2
70,67,85.2,4,2
70,80,83.7,4,2
70,81,93.6,4,2
70,94,83.6,4,2
70,95,78.2,4,2
70,108,86.6,4,2
70,109,84.1,4,2
70,122,84.0,4,2
70,123,80.5,4,2
70,4,90.4,4,3
70,5,78.7,4,3
70,20,83.4,4,3
70,21,91.6,4,3
70,36,85.7,4,3
70,37,80.6,4,3
70,52,93.9,4,3
70,53,81.1,4,3
70,68,79.7,4,3
70,69,76.8,4,3
70,82,75.6,4,3
70,83,88.7,4,3
70,96,82.2,4,3
70,97,81.4,4,3
70,110,78.1,4,3
70,111,87.9,4,3
70,124,82.3,4,3
70,125,72.5,4,3
70,6,73.5,4,4
70,7,76.9,4,4
70,22,70.6,4,4
70,23,72.2,4,4
70,38,70.8,4,4
70,39,73.9,4,4
70,54,66.5,4,4
70,55,76.5,4,4
70,70,0.0,4,4
70,71,74.9,4,4
70,84,67.4,4,4
70,85,96.7,4,4
70,98,78.1,4,4
70,99,79.9,4,4
70,112,88.9,4,4
70,113,78.4,4,4
70,126,91.5,4,4
70,127,89.3,4,4
70,8,273.7,4,5
70,9,271.6,4,5
70,24,272.2,4,5
70,25,273.1,4,5
70,40,276.3,4,5
70,41,272.8,4,5
70,56,278.1,4,5
70,57,275.8,4,5
70,72,272.8,4,5
70,73,274.9,4,5
70,86,275.3,4,5
70,87,276.3,4,5
70,100,277.7,4,5
70,101,276.3,4,5
70,114,275.3,4,5
70,115,275.9,4,5
70,128,274.7,4,5
70,129,272.1,4,5
70,10,75.2,4,1
70,11,79.0,4,1
70,26,69.1,4,1
70,27,85.4,4,1
70,42,75.0,4,1
70,43,78.0,4,1
70,58,85.0,4,1
70,59,74.5,4,1
70,74,74.7,4,1
70,75,77.8,4,1
70,88,79.1,4,1
70,89,65.1,4,1
70,102,78.8,4,1
70,103,72.7,4,1
70,116,77.5,4,1
70,117,76.5,4,1
70,130,63.2,4,1
70,131,75.1,4,1
70,136,85.0,4,1
70,137,78.2,4,1
70,12,265.2,4,6
70,13,268.1,4,6
70,28,269.0,4,6
70,29,273.2,4,6
70,44,266.6,4,6
70,45,264.2,4,6
70,60,271.7,4,6
70,61,272.1,4,6
70,76,271.0,4,6
70,77,268.7,4,6
70,90,273.8,4,6
70,91,271.2,4,6
70,104,274.9,4,6
70,105,270.5,4,6
70,118,269.4,4,6
70,119,277.1,4,6
70,132,273.8,4,6
70,133,274.2,4,6
70,138,273.9,4,6
70,139,275.5,4,6
70,14,275.7,4,7
70,15,274.6,4,7
70,30,277.9,4,7
70,31,278.0,4,7
70,46,278.8,4,7
70,47,273.0,4,7
70,62,279.6,4,7
70,63,276.3,4,7
70,78,278.0,4,7
70,79,278.6,4,7
70,92,275.4,4,7
70,93,273.1,4,7
70,106,279.4,4,7
70,107,277.7,4,7
70,120,272.5,4,7
70,121,276.4,4,7
70,134,273.6,4,7
70,135,274.9,4,7
70,140,274.4,4,7
70,141,272.4,4,7
71,144,274.9,4,9
71,145,265.3,4,9
71,146,278.4,4,10
71,147,275.8,4,10
71,142,278.7,4,8
71,143,276.4,4,8
71,0,273.6,4,0
71,1,279.4,4,0
71,16,280.0,4,0
71,17,274.1,4,0
71,32,275.2,4,0
71,33,277.4,4,0
71,48,285.5,4,0
71,49,275.6,4,0
71,64,269.2,4,0
71,65,267.5,4,0
71,2,85.7,4,2
71,3,84.9,4,2
71,18,85.2,4,2
71,19,87.0,4,2
71,34,82.2,4,2
71,35,87.5,4,2
71,50,87.6,4,2
71,51,99.3,4,2
71,66,90.3,4,2
71,67,86.0,4,2
71,80,90.5,4,2
71,81,88.5,4,2
71,94,92.0,4,2
71,95,84.3,4,2
71,108,80.7,4,2
71,109,78.1,4,2
71,122,85.3,4,2
71,123,81.5,4,2
71,4,76.3,4,3
71,5,82.4,4,3
71,20,77.2,4,3
71,21,75.3,4,3
71,36,90.8,4,3
71,37,85.4,4,3
71,52,84.6,4,3
71,53,88.3,4,3
71,68,79.8,4,3
71,69,82.5,4,3
71,82,81.3,4,3
71,83,75.9,4,3
71,96,81.2,4,3
71,97,82.0,4,3
71,110,83.1,4,3
71,111,75.3,4,3
71,124,82.5,4,3
71,125,75.1,4,3
71,6,75.7,4,4
71,7,78.8,4,4
71,22,77.0,4,4
71,23,65.2,4,4
71,38,72.2,4,4
71,39,77.7,4,4
71,54,67.1,4,4
71,55,83.8,4,4
71,70,74.9,4,4
71,71,0.0,4,4
71,84,83.9,4,4
71,85,79.6,4,4
71,98,89.4,4,4
71,99,83.0,4,4
71,112,83.4,4,4
71,113,81.0,4,4
71,126,89.3,4,4
71,127,81.4,4,4
71,8,273.7,4,5
71,9,271.9,4,5
71,24,270.5,4,5
71,25,272.8,4,5
71,40,277.5,4,5
71,41,273.2,4,5
71,56,278.8,4,5
71,57,276.4,4,5
71,72,271.7,4,5
71,73,275.5,4,5
71,86,275.9,4,5
71,87,277.6,4,5
71,100,278.3,4,5
71,101,276.0,4,5
71,114,275.2,4,5
71,115,275.8,4,5
71,128,275.4,4,5
71,129,271.8,4,5
71,10,85.1,4,1
71,11,83.6,4,1
71,26,76.9,4,1
71,27,81.2,4,1
71,42,82.8,4,1
71,43,84.7,4,1
71,58,84.6,4,1
71,59,78.0,4,1
71,74,64.7,4,1
71,75,62.0,4,1
71,88,82.6,4,1
71,89,78.2,4,1
71,102,74.2,4,1
71,103,81.2,4,1
71,116,79.9,4,1
71,117,81.4,4,1
71,130,82.8,4,1
71,131,87.4,4,1
71,136,86.7,4,1
71,137,78.9,4,1
71,12,263.9,4,6
71,13,270.9,4,6
71,28,269.5,4,6
71,29,273.8,4,6
71,44,265.7,4,6
71,45,262.2,4,6
71,60,270.3,4,6
71,61,272.9,4,6
71,76,268.3,4,6
71,77,268.6,4,6
71,90,272.5,4,6
71,91,270.1,4,6
71,104,273.6,4,6
71,105,269.4,4,6
71,118,269.5,4,6
71,119,277.7,4,6
71,132,272.2,4,6
71,133,272.6,4,6
71,138,273.7,4,6
71,139,275.5,4,6
71,14,276.7,4,7
71,15,274.0,4,7
71,30,276.7,4,7
71,31,277.9,4,7
71,46,279.1,4,7
71,47,274.0,4,7
71,62,280.4,4,7
71,63,276.1,4,7
71,78,277.6,4,7
71,79,278.9,4,7
71,92,275.8,4,7
71,93,272.2,4,7
71,106,279.7,4,7
71,107,277.4,4,7
71,120,271.9,4,7
71,121,277.6,4,7
71,134,274.9,4,7
71,135,276.7,4,7
71,140,273.5,4,7
71,141,273.0,4,7
84,144,272.5,4,9
84,145,265.1,4,9
84,146,274.3,4,10
84,147,272.2,4,10
84,142,274.2,4,8
84,143,273.1,4,8
84,0,270.7,4,0
84,1,276.0,4,0
84,16,277.5,4,0
84,17,272.4,4,0
84,32,273.4,4,0
84,33,275.1,4,0
84,48,282.7,4,0
84,49,273.8,4,0
84,64,268.7,4,0
84,65,266.3,4,0
84,2,90.3,4,2
84,3,94.1,4,2
84,18,84.2,4,2
84,19,83.4,4,2
84,34,90.3,4,2
84,35,78.5,4,2
84,50,82.7,4,2
84,51,107.8,4,2
84,66,86.5,4,2
84,67,89.7,4,2
84,80,82.8,4,2
84,81,96.9,4,2
84,94,83.4,4,2
84,95,82.2,4,2
84,108,87.9,4,2
84,109,90.1,4,2
84,122,87.6,4,2
84,123,80.4,4,2
84,4,91.9,4,3
84,5,82.7,4,3
84,20,74.8,4,3
84,21,96.0,4,3
84,36,83.9,4,3
84,37,84.0,4,3
84,52,87.0,4,3
84,53,86.9,4,3
84,68,84.0,4,3
84,69,79.0,4,3
84,82,84.7,4,3
84,83,86.7,4,3
84,96,91.4,4,3
84,97,89.3,4,3
84,110,74.3,4,3
84,111,93.3,4,3
84,124,82.0,4,3
84,125,80.6,4,3
84,6,72.2,4,4
84,7,80.6,4,4
84,22,81.0,4,4
84,23,82.6,4,4
84,38,75.5,4,4
84,39,75.6,4,4
84,54,77.1,4,4
84,55,74.9,4,4
84,70,67.4,4,4
84,71,83.9,4,4
84,84,0.0,4,4
84,85,96.8,4,4
84,98,79.9,4,4
84,99,78.8,4,4
84,112,79.3,4,4
84,113,78.6,4,4
84,126,84.2,4,4
84,127,93.9,4,4
84,8,270.9,4,5
84,9,268.0,4,5
84,24,269.6,4,5
84,25,269.5,4,5
84,40,274.4,4,5
84,41,270.7,4,5
84,56,275.8,4,5
84,57,273.0,4,5
84,72,270.5,4,5
84,73,273.7,4,5
84,86,271.7,4,5
84,87,273.7,4,5
84,100,274.5,4,5
84,101,274.4,4,5
84,114,272.4,4,5
84,115,273.2,4,5
84,128,273.0,4,5
84,129,270.8,4,5
84,10,76.7,4,1
84,11,79.5,4,1
84,26,84.7,4,1
84,27,91.5,4,1
84,42,89.9,4,1
84,43,82.8,4,1
84,58,84.0,4,1
84,59,83.4,4,1
84,74,79.0,4,1
84,75,87.4,4,1
84,88,90.2,4,1
84,89,72.6,4,1
84,102,69.0,4,1
84,103,82.8,4,1
84,116,75.5,4,1
84,117,79.1,4,1
84,130,76.9,4,1
84,131,77.8,4,1
84,136,86.1,4,1
84,137,76.5,4,1
84,12,266.3,4,6
84,13,267.7,4,6
84,28,266.0,4,6
84,29,271.6,4,6
84,44,265.2,4,6
84,45,260.1,4,6
84,60,270.5,4,6
84,61,269.5,4,6
84,76,267.6,4,6
84,77,265.3,4,6
84,90,271.8,4,6
84,91,267.9,4,6
84,104,271.9,4,6
84,105,268.5,4,6
84,118,266.2,4,6
84,119,275.1,4,6
84,132,271.0,4,6
84,133,272.6,4,6
84,138,271.6,4,6
84,139,273.5,4,6
84,14,273.7,4,7
84,15,272.2,4,7
84,30,274.9,4,7
84,31,276.0,4,7
84,46,276.8,4,7
84,47,272.1,4,7
84,62,277.0,4,7
84,63,272.6,4,7
84,78,275.4,4,7
84,79,275.9,4,7
84,92,271.0,4,7
84,93,270.1,4,7
84,106,276.6,4,7
84,107,275.2,4,7
84,120,270.4,4,7
84,121,273.2,4,7
84,134,272.4,4,7
84,135,273.0,4,7
84,140,271.9,4,7
84,141,270.8,4,7
85,144,266.4,4,9
85,145,253.9,4,9
85,146,270.6,4,10
85,147,265.7,4,10
85,142,268.5,4,8
85,143,266.1,4,8
85,0,265.2,4,0
85,1,272.1,4,0
85,16,270.7,4,0
85,17,266.0,4,0
85,32,265.3,4,0
85,33,271.3,4,0
85,48,277.1,4,0
85,49,268.6,4,0
85,64,259.5,4,0
85,65,258.0,4,0
85,2,90.6,4,2
85,3,80.2,4,2
85,18,97.5,4,2
85,19,95.6,4,2
85,34,94.6,4,2
85,35,98.6,4,2
85,50,98.6,4,2
85,51,81.7,4,2
85,66,94.3,4,2
85,67,96.1,4,2
85,80,107.8,4,2
85,81,95.7,4,2
85,94,102.9,4,2
85,95,95.6,4,2
85,108,95.4,4,2
85,109,88.2,4,2
85,122,95.4,4,2
85,123,96.1,4,2
85,4,81.0,4,3
85,5,97.0,4,3
85,20,90.1,4,3
85,21,82.0,4,3
85,36,107.7,4,3
85,37,106.7,4,3
85,52,85.6,4,3
85,53,103.3,4,3
85,68,87.4,4,3
85,69,92.9,4,3
85,82,101.9,4,3
85,83,84.9,4,3
85,96,91.5,4,3
85,97,93.2,4,3
85,110,98.5,4,3
85,111,86.7,4,3
85,124,92.0,4,3
85,125,95.1,4,3
85,6,96.3,4,4
85,7,83.3,4,4
85,22,89.8,4,4
85,23,84.8,4,4
85,38,92.1,4,4
85,39,85.2,4,4
85,54,97.2,4,4
85,55,87.6,4,4
85,70,96.7,4,4
85,71,79.6,4,4
85,84,96.8,4,4
85,85,0.0,4,4
85,98,89.3,4,4
85,99,76.1,4,4
85,112,70.4,4,4
85,113,75.4,4,4
85,126,73.4,4,4
85,127,70.3,4,4
85,8,265.1,4,5
85,9,261.2,4,5
85,24,256.4,4,5
85,25,264.1,4,5
85,40,269.3,4,5
85,41,265.4,4,5
85,56,272.0,4,5
85,57,268.1,4,5
85,72,264.3,4,5
85,73,268.7,4,5
85,86,268.5,4,5
85,87,268.9,4,5
85,100,272.2,4,5
85,101,270.0,4,5
85,114,265.3,4,5
85,115,267.8,4,5
85,128,267.6,4,5
85,129,264.2,4,5
85,10,93.1,4,1
85,11,93.4,4,1
85,26,98.8,4,1
85,27,81.2,4,1
85,42,81.4,4,1
85,43,91.1,4,1
85,58,92.5,4,1
85,59,90.5,4,1
85,74,86.1,4,1
85,75,75.3,4,1
85,88,98.7,4,1
85,89,97.1,4,1
85,102,77.9,4,1
85,103,98.9,4,1
85,116,97.0,4,1
85,117,76.7,4,1
85,130,94.7,4,1
85,131,84.8,4,1
85,136,87.9,4,1
85,137,90.0,4,1
85,12,255.7,4,6
85,13,262.3,4,6
85,28,260.8,4,6
85,29,266.8,4,6
85,44,254.9,4,6
85,45,249.9,4,6
85,60,262.0,4,6
85,61,264.4,4,6
85,76,260.4,4,6
85,77,259.0,4,6
85,90,261.0,4,6
85,91,260.6,4,6
85,104,262.7,4,6
85,105,259.6,4,6
85,118,257.9,4,6
85,119,268.9,4,6
85,132,261.9,4,6
85,133,263.9,4,6
85,138,265.1,4,6
85,139,265.8,4,6
85,14,267.2,4,7
85,15,266.6,4,7
85,30,270.1,4,7
85,31,271.4,4,7
85,46,271.2,4,7
85,47,266.4,4,7
85,62,272.1,4,7
85,63,266.5,4,7
85,78,270.7,4,7
85,79,271.1,4,7
85,92,266.0,4,7
85,93,263.7,4,7
85,106,273.5,4,7
85,107,268.6,4,7
85,120,261.0,4,7
85,121,270.5,4,7
85,134,266.3,4,7
85,135,269.3,4,7
85,140,266.8,4,7
85,141,265.5,4,7
98,144,268.8,4,9
98,145,263.2,4,9
98,146,271.4,4,10
98,147,269.6,4,10
98,142,271.7,4,8
98,143,271.6,4,8
98,0,269.3,4,0
98,1,273.2,4,0
98,16,276.4,4,0
98,17,270.0,4,0
98,32,271.7,4,0
98,33,272.5,4,0
98,48,279.9,4,0
98,49,271.0,4,0
98,64,266.9,4,0
98,65,265.5,4,0
98,2,90.7,4,2
98,3,90.7,4,2
98,18,78.1,4,2
98,19,77.5,4,2
98,34,88.6,4,2
98,35,82.6,4,2
98,50,83.2,4,2
98,51,100.7,4,2
98,66,82.7,4,2
98,67,80.1,4,2
98,80,80.3,4,2
98,81,98.6,4,2
98,94,83.3,4,2
98,95,83.8,4,2
98,108,78.2,4,2
98,109,88.5,4,2
98,122,85.1,4,2
98,123,79.8,4,2
98,4,96.2,4,3
98,5,78.4,4,3
98,20,85.0,4,3
98,21,85.0,4,3
98,36,87.9,4,3
98,37,87.7,4,3
98,52,103.7,4,3
98,53,89.1,4,3
98,68,92.0,4,3
98,69,81.3,4,3
98,82,86.6,4,3
98,83,87.7,4,3
98,96,96.0,4,3
98,97,75.8,4,3
98,110,84.1,4,3
98,111,93.2,4,3
98,124,84.0,4,3
98,125,81.4,4,3
98,6,80.2,4,4
98,7,81.7,4,4
98,22,86.7,4,4
98,23,84.8,4,4
98,38,77.7,4,4
98,39,84.3,4,4
98,54,79.5,4,4
98,55,85.9,4,4
98,70,78.1,4,4
98,71,89.4,4,4
98,84,79.9,4,4
98,85,89.3,4,4
98,98,0.0,4,4
98,99,58.7,4,4
98,112,79.2,4,4
98,113,67.3,4,4
98,126,70.7,4,4
98,127,73.9,4,4
98,8,268.1,4,5
98,9,265.3,4,5
98,24,267.7,4,5
98,25,267.3,4,5
98,40,271.7,4,5
98,41,268.8,4,5
98,56,275.1,4,5
98,57,271.9,4,5
98,72,268.9,4,5
98,73,271.4,4,5
98,86,271.0,4,5
98,87,272.9,4,5
98,100,274.1,4,5
98,101,273.9,4,5
98,114,272.1,4,5
98,115,272.8,4,5
98,128,271.4,4,5
98,129,268.8,4,5
98,10,73.3,4,1
98,11,67.3,4,1
98,26,79.8,4,1
98,27,83.1,4,1
98,42,83.3,4,1
98,43,80.6,4,1
98,58,71.6,4,1
98,59,80.3,4,1
98,74,79.7,4,1
98,75,82.2,4,1
98,88,80.0,4,1
98,89,67.1,4,1
98,102,77.3,4,1
98,103,76.9,4,1
98,116,74.7,4,1
98,117,79.9,4,1
98,130,81.5,4,1
98,131,81.5,4,1
98,136,76.7,4,1
98,137,74.2,4,1
98,12,265.1,4,6
98,13,266.0,4,6
98,28,265.3,4,6
98,29,270.3,4,6
98,44,263.6,4,6
98,45,260.8,4,6
98,60,267.4,4,6
98,61,267.9,4,6
98,76,267.6,4,6
98,77,265.1,4,6
98,90,270.7,4,6
98,91,267.3,4,6
98,104,270.3,4,6
98,105,268.1,4,6
98,118,265.9,4,6
98,119,273.8,4,6
98,132,269.4,4,6
98,133,270.8,4,6
98,138,270.7,4,6
98,139,271.6,4,6
98,14,272.6,4,7
98,15,271.6,4,7
98,30,274.4,4,7
98,31,274.7,4,7
98,46,275.2,4,7
98,47,270.1,4,7
98,62,275.8,4,7
98,63,272.3,4,7
98,78,273.6,4,7
98,79,274.5,4,7
98,92,271.5,4,7
98,93,270.0,4,7
98,106,275.6,4,7
98,107,273.7,4,7
98,120,268.4,4,7
98,121,271.1,4,7
98,134,269.5,4,7
98,135,271.6,4,7
98,140,269.1,4,7
98,141,268.7,4,7
99,144,270.2,4,9
99,145,262.4,4,9
99,146,271.0,4,10
99,147,267.6,4,10
99,142,269.6,4,8
99,143,270.8,4,8
99,0,267.8,4,0
99,1,273.7,4,0
99,16,274.6,4,0
99,17,269.6,4,0
99,32,270.4,4,0
99,33,272.1,4,0
99,48,279.4,4,0
99,49,271.1,4,0
99,64,265.1,4,0
99,65,263.6,4,0
99,2,80.9,4,2
99,3,86.0,4,2
99,18,78.3,4,2
99,19,74.2,4,2
99,34,82.0,4,2
99,35,79.0,4,2
99,50,78.7,4,2
99,51,96.6,4,2
99,66,80.2,4,2
99,67,78.7,4,2
99,80,83.8,4,2
99,81,91.6,4,2
99,94,81.0,4,2
99,95,80.6,4,2
99,108,76.5,4,2
99,109,83.8,4,2
99,122,78.4,4,2
99,123,74.7,4,2
99,4,87.6,4,3
99,5,77.7,4,3
99,20,80.8,4,3
99,21,83.0,4,3
99,36,88.0,4,3
99,37,80.5,4,3
99,52,92.9,4,3
99,53,83.7,4,3
99,68,83.4,4,3
99,69,75.9,4,3
99,82,82.6,4,3
99,83,84.1,4,3
99,96,90.5,4,3
99,97,77.3,4,3
99,110,84.3,4,3
99,111,89.2,4,3
99,124,75.3,4,3
99,125,76.3,4,3
99,6,73.5,4,4
99,7,75.1,4,4
99,22,78.4,4,4
99,23,78.3,4,4
99,38,74.8,4,4
99,39,84.9,4,4
99,54,78.6,4,4
99,55,76.4,4,4
99,70,79.9,4,4
99,71,83.0,4,4
99,84,78.8,4,4
99,85,76.1,4,4
99,98,58.7,4,4
99,99,0.0,4,4
99,112,61.3,4,4
99,113,62.6,4,4
99,126,69.8,4,4
99,127,68.3,4,4
99,8,267.9,4,5
99,9,265.2,4,5
99,24,265.0,4,5
99,25,266.1,4,5
99,40,270.1,4,5
99,41,267.9,4,5
99,56,273.2,4,5
99,57,269.0,4,5
99,72,267.0,4,5
99,73,271.2,4,5
99,86,270.1,4,5
99,87,271.6,4,5
99,100,273.7,4,5
99,101,273.1,4,5
99,114,270.9,4,5
99,115,272.0,4,5
99,128,270.2,4,5
99,129,267.8,4,5
99,10,74.1,4,1
99,11,70.5,4,1
99,26,79.5,4,1
99,27,78.8,4,1
99,42,80.7,4,1
99,43,72.0,4,1
99,58,72.3,4,1
99,59,69.7,4,1
99,74,71.6,4,1
99,75,76.9,4,1
99,88,80.7,4,1
99,89,70.1,4,1
99,102,75.0,4,1
99,103,73.9,4,1
99,116,75.0,4,1
99,117,77.3,4,1
99,130,84.4,4,1
99,131,77.7,4,1
99,136,74.3,4,1
99,137,75.2,4,1
99,12,262.9,4,6
99,13,265.4,4,6
99,28,263.0,4,6
99,29,268.6,4,6
99,44,262.0,4,6
99,45,259.8,4,6
99,60,266.8,4,6
99,61,268.2,4,6
99,76,266.9,4,6
99,77,263.6,4,6
99,90,269.1,4,6
99,91,265.7,4,6
99,104,269.9,4,6
99,105,265.0,4,6
99,118,264.0,4,6
99,119,272.5,4,6
99,132,269.0,4,6
99,133,269.9,4,6
99,138,269.4,4,6
99,139,270.7,4,6
99,14,270.9,4,7
99,15,270.4,4,7
99,30,273.6,4,7
99,31,273.9,4,7
99,46,273.2,4,7
99,47,269.6,4,7
99,62,274.8,4,7
99,63,271.2,4,7
99,78,272.9,4,7
99,79,273.8,4,7
99,92,270.3,4,7
99,93,269.0,4,7
99,106,274.5,4,7
99,107,273.6,4,7
99,120,267.4,4,7
99,121,272.3,4,7
99,134,268.3,4,7
99,135,271.8,4,7
99,140,268.8,4,7
99,141,268.0,4,7
112,144,269.1,4,9
112,145,259.3,4,9
112,146,270.7,4,10
112,147,265.1,4,10
112,142,266.6,4,8
112,143,267.9,4,8
112,0,267.1,4,0
112,1,272.8,4,0
112,16,273.0,4,0
112,17,268.1,4,0
112,32,269.1,4,0
112,33,272.1,4,0
112,48,278.6,4,0
112,49,271.1,4,0
112,64,263.0,4,0
112,65,262.1,4,0
112,2,85.9,4,2
112,3,89.1,4,2
112,18,89.6,4,2
112,19,92.8,4,2
112,34,92.9,4,2
112,35,87.5,4,2
112,50,86.2,4,2
112,51,97.3,4,2
112,66,85.3,4,2
112,67,84.5,4,2
112,80,92.1,4,2
112,81,94.9,4,2
112,94,91.8,4,2
112,95,84.9,4,2
112,108,88.9,4,2
112,109,83.2,4,2
112,122,89.3,4,2
112,123,89.0,4,2
112,4,86.8,4,3
112,5,87.4,4,3
112,20,75.7,4,3
112,21,89.3,4,3
112,36,94.3,4,3
112,37,94.1,4,3
112,52,82.0,4,3
112,53,89.3,4,3
112,68,86.1,4,3
112,69,80.0,4,3
112,82,94.4,4,3
112,83,84.8,4,3
112,96,97.0,4,3
112,97,88.9,4,3
112,110,89.1,4,3
112,111,89.7,4,3
112,124,80.9,4,3
112,125,87.6,4,3
112,6,88.4,4,4
112,7,81.1,4,4
112,22,80.4,4,4
112,23,88.6,4,4
112,38,84.5,4,4
112,39,86.7,4,4
112,54,92.9,4,4
112,55,78.8,4,4
112,70,88.9,4,4
112,71,83.4,4,4
112,84,79.3,4,4
112,85,70.4,4,4
112,98,79.2,4,4
112,99,61.3,4,4
112,112,0.0,4,4
112,113,70.4,4,4
112,126,66.4,4,4
112,127,78.0,4,4
112,8,266.1,4,5
112,9,263.2,4,5
112,24,261.5,4,5
112,25,264.4,4,5
112,40,269.1,4,5
112,41,267.0,4,5
112,56,272.8,4,5
112,57,266.1,4,5
112,72,266.3,4,5
112,73,269.4,4,5
112,86,268.0,4,5
112,87,269.8,4,5
112,100,272.9,4,5
112,101,271.3,4,5
112,114,268.1,4,5
112,115,269.8,4,5
112,128,269.4,4,5
112,129,267.9,4,5
112,10,81.9,4,1
112,11,84.2,4,1
112,26,90.2,4,1
112,27,78.9,4,1
112,42,86.9,4,1
112,43,82.5,4,1
112,58,75.6,4,1
112,59,77.9,4,1
112,74,84.8,4,1
112,75,78.7,4,1
112,88,94.6,4,1
112,89,84.8,4,1
112,102,68.8,4,1
112,103,84.0,4,1
112,116,84.1,4,1
112,117,80.1,4,1
112,130,87.9,4,1
112,131,76.1,4,1
112,136,81.1,4,1
112,137,80.7,4,1
112,12,261.0,4,6
112,13,263.9,4,6
112,28,260.5,4,6
112,29,268.2,4,6
112,44,259.7,4,6
112,45,255.0,4,6
112,60,266.6,4,6
112,61,267.2,4,6
112,76,264.4,4,6
112,77,260.7,4,6
112,90,265.6,4,6
112,91,264.2,4,6
112,104,266.9,4,6
112,105,262.3,4,6
112,118,261.4,4,6
112,119,271.0,4,6
112,132,265.5,4,6
112,133,268.0,4,6
112,138,267.3,4,6
112,139,269.3,4,6
112,14,269.1,4,7
112,15,269.1,4,7
112,30,272.8,4,7
112,31,272.4,4,7
112,46,272.6,4,7
112,47,267.5,4,7
112,62,274.0,4,7
112,63,267.9,4,7
112,78,271.1,4,7
112,79,272.2,4,7
112,92,266.9,4,7
112,93,266.2,4,7
112,106,274.1,4,7
112,107,271.3,4,7
112,120,265.6,4,7
112,121,271.3,4,7
112,134,266.1,4,7
112,135,270.5,4,7
112,140,268.4,4,7
112,141,265.3,4,7
113,144,269.2,4,9
113,145,260.4,4,9
113,146,271.3,4,10
113,147,268.1,4,10
113,142,271.0,4,8
113,143,270.5,4,8
113,0,267.4,4,0
113,1,273.1,4,0
113,16,274.0,4,0
113,17,268.6,4,0
113,32,268.6,4,0
113,33,271.9,4,0
113,48,279.2,4,0
113,49,269.9,4,0
113,64,263.5,4,0
113,65,261.1,4,0
113,2,79.2,4,2
113,3,86.9,4,2
113,18,77.0,4,2
113,19,80.0,4,2
113,34,84.2,4,2
113,35,77.9,4,2
113,50,81.3,4,2
113,51,97.2,4,2
113,66,77.2,4,2
113,67,78.6,4,2
113,80,87.7,4,2
113,81,71.5,4,2
113,94,84.2,4,2
113,95,79.9,4,2
113,108,87.4,4,2
113,109,80.8,4,2
113,122,88.6,4,2
113,123,82.8,4,2
113,4,83.9,4,3
113,5,87.7,4,3
113,20,88.8,4,3
113,21,87.2,4,3
113,36,95.3,4,3
113,37,92.4,4,3
113,52,92.5,4,3
113,53,90.8,4,3
113,68,84.0,4,3
113,69,78.7,4,3
113,82,88.1,4,3
113,83,89.7,4,3
113,96,92.0,4,3
113,97,84.8,4,3
113,110,82.5,4,3
113,111,83.9,4,3
113,124,79.8,4,3
113,125,84.4,4,3
113,6,82.3,4,4
113,7,73.2,4,4
113,22,76.8,4,4
113,23,81.8,4,4
113,38,78.3,4,4
113,39,84.2,4,4
113,54,80.4,4,4
113,55,83.6,4,4
113,70,78.4,4,4
113,71,81.0,4,4
113,84,78.6,4,4
113,85,75.4,4,4
113,98,67.3,4,4
113,99,62.6,4,4
113,112,70.4,4,4
113,113,0.0,4,4
113,126,73.7,4,4
113,127,72.5,4,4
113,8,267.8,4,5
113,9,265.2,4,5
113,24,265.1,4,5
113,25,266.3,4,5
113,40,270.3,4,5
113,41,267.6,4,5
113,56,273.3,4,5
113,57,270.5,4,5
113,72,267.8,4,5
113,73,271.3,4,5
113,86,270.7,4,5
113,87,271.5,4,5
113,100,273.2,4,5
113,101,272.6,4,5
113,114,269.7,4,5
113,115,271.7,4,5
113,128,269.8,4,5
113,129,265.4,4,5
113,10,80.4,4,1
113,11,76.5,4,1
113,26,82.4,4,1
113,27,84.2,4,1
113,42,77.6,4,1
113,43,74.4,4,1
113,58,85.3,4,1
113,59,74.3,4,1
113,74,76.6,4,1
113,75,74.9,4,1
113,88,84.0,4,1
113,89,72.7,4,1
113,102,76.3,4,1
113,103,82.0,4,1
113,116,81.9,4,1
113,117,74.4,4,1
113,130,83.5,4,1
113,131,72.0,4,1
113,136,75.9,4,1
113,137,74.3,4,1
113,12,261.6,4,6
113,13,264.1,4,6
113,28,262.7,4,6
113,29,267.4,4,6
113,44,260.8,4,6
113,45,257.4,4,6
113,60,264.7,4,6
113,61,266.2,4,6
113,76,262.3,4,6
113,77,262.6,4,6
113,90,268.1,4,6
113,91,263.0,4,6
113,104,268.1,4,6
113,105,263.9,4,6
113,118,262.7,4,6
113,119,270.8,4,6
113,132,267.8,4,6
113,133,268.5,4,6
113,138,268.1,4,6
113,139,269.2,4,6
113,14,269.4,4,7
113,15,268.0,4,7
113,30,271.0,4,7
113,31,273.0,4,7
113,46,273.1,4,7
113,47,268.7,4,7
113,62,274.4,4,7
113,63,271.0,4,7
113,78,272.6,4,7
113,79,273.7,4,7
113,92,269.5,4,7
113,93,268.1,4,7
113,106,274.4,4,7
113,107,273.2,4,7
113,120,265.6,4,7
113,121,271.1,4,7
113,134,268.9,4,7
113,135,270.3,4,7
113,140,269.4,4,7
113,141,267.6,4,7
126,144,269.2,4,9
126,145,260.2,4,9
126,146,270.4,4,10
126,147,267.0,4,10
126,142,269.2,4,8
126,143,268.2,4,8
126,0,267.4,4,0
126,1,273.4,4,0
126,16,273.5,4,0
126,17,269.0,4,0
126,32,269.4,4,0
126,33,272.7,4,0
126,48,278.7,4,0
126,49,271.7,4,0
126,64,264.1,4,0
126,65,262.6,4,0
126,2,91.8,4,2
126,3,87.9,4,2
126,18,87.2,4,2
126,19,86.6,4,2
126,34,87.7,4,2
126,35,82.8,4,2
126,50,86.3,4,2
126,51,85.7,4,2
126,66,82.9,4,2
126,67,84.3,4,2
126,80,90.9,4,2
126,81,101.1,4,2
126,94,88.2,4,2
126,95,79.4,4,2
126,108,85.5,4,2
126,109,77.5,4,2
126,122,85.6,4,2
126,123,85.6,4,2
126,4,89.2,4,3
126,5,82.6,4,3
126,20,78.8,4,3
126,21,83.0,4,3
126,36,91.7,4,3
126,37,96.6,4,3
126,52,97.2,4,3
126,53,91.9,4,3
126,68,84.6,4,3
126,69,79.2,4,3
126,82,93.8,4,3
126,83,89.5,4,3
126,96,92.1,4,3
126,97,90.4,4,3
126,110,90.4,4,3
126,111,86.4,4,3
126,124,86.7,4,3
126,125,88.8,4,3
126,6,89.9,4,4
126,7,76.5,4,4
126,22,89.1,4,4
126,23,87.9,4,4
126,38,86.7,4,4
126,39,82.2,4,4
126,54,89.8,4,4
126,55,83.8,4,4
126,70,91.5,4,4
126,71,89.3,4,4
126,84,84.2,4,4
126,85,73.4,4,4
126,98,70.7,4,4
126,99,69.8,4,4
126,112,66.4,4,4
126,113,73.7,4,4
126,126,0.0,4,4
126,127,69.5,4,4
126,8,267.2,4,5
126,9,263.9,4,5
126,24,262.5,4,5
126,25,265.8,4,5
126,40,270.3,4,5
126,41,267.5,4,5
126,56,273.6,4,5
126,57,269.7,4,5
126,72,267.7,4,5
126,73,270.2,4,5
126,86,269.3,4,5
126,87,270.6,4,5
126,100,273.7,4,5
126,101,272.5,4,5
126,114,268.3,4,5
126,115,270.4,4,5
126,128,269.8,4,5
126,129,268.6,4,5
126,10,76.2,4,1
126,11,81.0,4,1
126,26,86.4,4,1
126,27,73.1,4,1
126,42,82.0,4,1
126,43,87.2,4,1
126,58,77.9,4,1
126,59,87.1,4,1
126,74,88.2,4,1
126,75,71.9,4,1
126,88,90.6,4,1
126,89,81.5,4,1
126,102,77.6,4,1
126,103,82.1,4,1
126,116,82.5,4,1
126,117,71.2,4,1
126,130,85.9,4,1
126,131,79.7,4,1
126,136,80.0,4,1
126,137,77.9,4,1
126,12,262.4,4,6
126,13,264.5,4,6
126,28,262.9,4,6
126,29,268.9,4,6
126,44,259.6,4,6
126,45,257.1,4,6
126,60,267.3,4,6
126,61,267.6,4,6
126,76,266.5,4,6
126,77,262.8,4,6
126,90,266.9,4,6
126,91,264.6,4,6
126,104,267.0,4,6
126,105,263.3,4,6
126,118,263.0,4,6
126,119,271.9,4,6
126,132,266.4,4,6
126,133,269.0,4,6
126,138,268.5,4,6
126,139,269.6,4,6
126,14,270.5,4,7
126,15,269.5,4,7
126,30,273.6,4,7
126,31,273.8,4,7
126,46,274.0,4,7
126,47,268.8,4,7
126,62,274.2,4,7
126,63,269.3,4,7
126,78,271.9,4,7
126,79,273.4,4,7
126,92,268.7,4,7
126,93,268.0,4,7
126,106,274.9,4,7
126,107,271.8,4,7
126,120,265.8,4,7
126,121,271.3,4,7
126,134,268.5,4,7
126,135,270.6,4,7
126,140,269.2,4,7
126,141,266.9,4,7
127,144,265.7,4,9
127,145,256.2,4,9
127,146,268.6,4,10
127,147,265.5,4,10
127,142,267.7,4,8
127,143,267.7,4,8
127,0,265.5,4,0
127,1,271.4,4,0
127,16,272.2,4,0
127,17,266.2,4,0
127,32,267.4,4,0
127,33,268.4,4,0
127,48,276.7,4,0
127,49,268.5,4,0
127,64,261.3,4,0
127,65,259.7,4,0
127,2,91.1,4,2
127,3,81.8,4,2
127,18,88.9,4,2
127,19,81.6,4,2
127,34,86.3,4,2
127,35,89.9,4,2
127,50,92.4,4,2
127,51,84.8,4,2
127,66,89.5,4,2
127,67,86.4,4,2
127,80,92.7,4,2
127,81,93.4,4,2
127,94,92.3,4,2
127,95,89.4,4,2
127,108,87.0,4,2
127,109,90.7,4,2
127,122,85.3,4,2
127,123,87.5,4,2
127,4,88.6,4,3
127,5,89.2,4,3
127,20,90.1,4,3
127,21,74.5,4,3
127,36,100.3,4,3
127,37,90.2,4,3
127,52,89.4,4,3
127,53,96.1,4,3
127,68,92.4,4,3
127,69,89.0,4,3
127,82,95.3,4,3
127,83,75.7,4,3
127,96,94.2,4,3
127,97,85.1,4,3
127,110,95.3,4,3
127,111,94.9,4,3
127,124,85.2,4,3
127,125,87.8,4,3
127,6,85.3,4,4
127,7,78.9,4,4
127,22,86.1,4,4
127,23,77.1,4,4
127,38,88.9,4,4
127,39,90.5,4,4
127,54,87.6,4,4
127,55,88.5,4,4
127,70,89.3,4,4
127,71,81.4,4,4
127,84,93.9,4,4
127,85,70.3,4,4
127,98,73.9,4,4
127,99,68.3,4,4
127,112,78.0,4,4
127,113,72.5,4,4
127,126,69.5,4,4
127,127,0.0,4,4
127,8,265.0,4,5
127,9,262.7,4,5
127,24,259.9,4,5
127,25,262.2,4,5
127,40,268.1,4,5
127,41,264.6,4,5
127,56,271.4,4,5
127,57,267.1,4,5
127,72,264.3,4,5
127,73,267.4,4,5
127,86,267.2,4,5
127,87,268.9,4,5
127,100,270.7,4,5
127,101,269.8,4,5
127,114,267.4,4,5
127,115,268.7,4,5
127,128,267.6,4,5
127,129,264.7,4,5
127,10,86.0,4,1
127,11,73.6,4,1
127,26,83.6,4,1
127,27,82.9,4,1
127,42,78.8,4,1
127,43,83.5,4,1
127,58,83.8,4,1
127,59,85.6,4,1
127,74,80.1,4,1
127,75,77.2,4,1
127,88,84.8,4,1
127,89,83.8,4,1
127,102,70.7,4,1
127,103,86.8,4,1
127,116,84.1,4,1
127,117,66.1,4,1
127,130,94.0,4,1
127,131,83.5,4,1
127,136,85.1,4,1
127,137,83.9,4,1
127,12,256.0,4,6
127,13,262.5,4,6
127,28,260.4,4,6
127,29,266.4,4,6
127,44,255.8,4,6
127,45,253.6,4,6
127,60,263.0,4,6
127,61,265.2,4,6
127,76,262.7,4,6
127,77,260.4,4,6
127,90,264.6,4,6
127,91,262.8,4,6
127,104,266.1,4,6
127,105,262.2,4,6
127,118,260.8,4,6
127,119,269.8,4,6
127,132,264.2,4,6
127,133,266.2,4,6
127,138,266.4,4,6
127,139,267.7,4,6
127,14,268.3,4,7
127,15,267.0,4,7
127,30,270.9,4,7
127,31,271.3,4,7
127,46,271.9,4,7
127,47,266.1,4,7
127,62,272.7,4,7
127,63,268.0,4,7
127,78,268.8,4,7
127,79,271.2,4,7
127,92,267.5,4,7
127,93,265.4,4,7
127,106,272.5,4,7
127,107,269.0,4,7
127,120,263.4,4,7
127,121,268.5,4,7
127,134,264.7,4,7
127,135,267.5,4,7
127,140,265.6,4,7
127,141,264.3,4,7
8,144,84.2,5,9
8,145,86.8,5,9
8,146,71.3,5,10
8,147,82.4,5,10
8,142,79.2,5,8
8,143,73.3,5,8
8,0,79.8,5,0
8,1,72.3,5,0
8,16,79.2,5,0
8,17,79.2,5,0
8,32,82.3,5,0
8,33,77.7,5,0
8,48,72.0,5,0
8,49,86.7,5,0
8,64,79.4,5,0
8,65,79.6,5,0
8,2,261.8,5,2
8,3,259.5,5,2
8,18,264.4,5,2
8,19,261.0,5,2
8,34,263.4,5,2
8,35,266.0,5,2
8,50,267.4,5,2
8,51,262.2,5,2
8,66,264.4,5,2
8,67,267.4,5,2
8,80,267.5,5,2
8,81,262.4,5,2
8,94,268.5,5,2
8,95,266.8,5,2
8,108,270.6,5,2
8,109,270.9,5,2
8,122,269.3,5,2
8,123,272.0,5,2
8,4,268.0,5,3
8,5,275.2,5,3
8,20,273.7,5,3
8,21,267.6,5,3
8,36,277.9,5,3
8,37,276.3,5,3
8,52,266.8,5,3
8,53,278.3,5,3
8,68,270.1,5,3
8,69,274.5,5,3
8,82,279.2,5,3
8,83,263.3,5,3
8,96,269.4,5,3
8,97,265.9,5,3
8,110,269.1,5,3
8,111,269.7,5,3
8,124,268.0,5,3
8,125,272.9,5,3
8,6,273.7,5,4
8,7,269.0,5,4
8,22,268.5,5,4
8,23,274.2,5,4
8,38,273.3,5,4
8,39,271.1,5,4
8,54,275.0,5,4
8,55,274.0,5,4
8,70,273.7,5,4
8,71,273.7,5,4
8,84,270.9,5,4
8,85,265.1,5,4
8,98,268.1,5,4
8,99,267.9,5,4
8,112,266.1,5,4
8,113,267.8,5,4
8,126,267.2,5,4
8,127,265.0,5,4
8,8,0.0,5,5
8,9,60.8,5,5
8,24,74.5,5,5
8,25,56.9,5,5
8,40,61.3,5,5
8,41,69.1,5,5
8,56,68.0,5,5
8,57,69.3,5,5
8,72,64.7,5,5
8,73,58.8,5,5
8,86,66.2,5,5
8,87,73.0,5,5
8,100,63.0,5,5
8,101,70.6,5,5
8,114,69.7,5,5
8,115,65.8,5,5
8,128,66.6,5,5
8,129,73.9,5,5
8,10,266.2,5,1
8,11,266.7,5,1
8,26,268.0,5,1
8,27,265.9,5,1
8,42,262.3,5,1
8,43,264.8,5,1
8,58,268.4,5,1
8,59,267.1,5,1
8,74,266.5,5,1
8,75,266.9,5,1
8,88,269.3,5,1
8,89,274.5,5,1
8,102,265.2,5,1
8,103,273.3,5,1
8,116,272.9,5,1
8,117,264.2,5,1
8,130,271.1,5,1
8,131,267.1,5,1
8,136,265.9,5,1
8,137,269.0,5,1
8,12,89.7,5,6
8,13,77.2,5,6
8,28,74.4,5,6
8,29,77.7,5,6
8,44,77.4,5,6
8,45,97.4,5,6
8,60,87.7,5,6
8,61,87.5,5,6
8,76,94.8,5,6
8,77,84.5,5,6
8,90,90.7,5,6
8,91,82.2,5,6
8,104,79.0,5,6
8,105,85.3,5,6
8,118,86.1,5,6
8,119,80.4,5,6
8,132,83.1,5,6
8,133,88.8,5,6
8,138,77.7,5,6
8,139,78.9,5,6
8,14,75.3,5,7
8,15,72.9,5,7
8,30,75.6,5,7
8,31,70.7,5,7
8,46,66.6,5,7
8,47,81.0,5,7
8,62,76.7,5,7
8,63,81.0,5,7
8,78,68.7,5,7
8,79,79.9,5,7
8,92,76.5,5,7
8,93,76.9,5,7
8,106,72.6,5,7
8,107,67.1,5,7
8,120,88.2,5,7
8,121,74.1,5,7
8,134,77.6,5,7
8,135,81.8,5,7
8,140,81.6,5,7
8,141,75.0,5,7
9,144,93.0,5,9
9,145,90.9,5,9
9,146,72.9,5,10
9,147,82.4,5,10
9,142,84.3,5,8
9,143,79.9,5,8
9,0,83.8,5,0
9,1,80.1,5,0
9,16,87.2,5,0
9,17,90.1,5,0
9,32,87.6,5,0
9,33,85.2,5,0
9,48,83.6,5,0
9,49,89.9,5,0
9,64,86.8,5,0
9,65,89.0,5,0
9,2,259.9,5,2
9,3,256.4,5,2
9,18,262.3,5,2
9,19,258.7,5,2
9,34,261.8,5,2
9,35,264.1,5,2
9,50,265.5,5,2
9,51,258.1,5,2
9,66,262.3,5,2
9,67,266.7,5,2
9,80,263.4,5,2
9,81,260.6,5,2
9,94,266.7,5,2
9,95,265.8,5,2
9,108,268.8,5,2
9,109,268.6,5,2
9,122,267.5,5,2
9,123,269.9,5,2
9,4,266.0,5,3
9,5,272.9,5,3
9,20,271.2,5,3
9,21,265.9,5,3
9,36,274.8,5,3
9,37,274.4,5,3
9,52,264.9,5,3
9,53,276.6,5,3
9,68,268.9,5,3
9,69,272.0,5,3
9,82,277.0,5,3
9,83,260.4,5,3
9,96,267.7,5,3
9,97,263.4,5,3
9,110,266.8,5,3
9,111,268.0,5,3
9,124,266.5,5,3
9,125,271.0,5,3
9,6,271.3,5,4
9,7,267.3,5,4
9,22,266.6,5,4
9,23,271.8,5,4
9,38,271.5,5,4
9,39,267.4,5,4
9,54,272.4,5,4
9,55,272.1,5,4
9,70,271.6,5,4
9,71,271.9,5,4
9,84,268.0,5,4
9,85,261.2,5,4
9,98,265.3,5,4
9,99,265.2,5,4
9,112,263.2,5,4
9,113,265.2,5,4
9,126,263.9,5,4
9,127,262.7,5,4
9,8,60.8,5,5
9,9,0.0,5,5
9,24,81.3,5,5
9,25,60.4,5,5
9,40,69.5,5,5
9,41,79.3,5,5
9,56,84.1,5,5
9,57,89.4,5,5
9,72,74.6,5,5
9,73,83.8,5,5
9,86,76.8,5,5
9,87,75.5,5,5
9,100,72.0,5,5
9,101,85.8,5,5
9,114,79.5,5,5
9,115,63.2,5,5
9,128,76.5,5,5
9,129,69.1,5,5
9,10,264.0,5,1
9,11,264.9,5,1
9,26,265.6,5,1
9,27,263.2,5,1
9,42,260.3,5,1
9,43,263.4,5,1
9,58,264.3,5,1
9,59,265.5,5,1
9,74,264.9,5,1
9,75,265.2,5,1
9,88,269.3,5,1
9,89,272.9,5,1
9,102,263.0,5,1
9,103,272.9,5,1
9,116,269.3,5,1
9,117,262.2,5,1
9,130,268.5,5,1
9,131,264.4,5,1
9,136,264.1,5,1
9,137,266.2,5,1
9,12,102.0,5,6
9,13,88.5,5,6
9,28,85.0,5,6
9,29,87.1,5,6
9,44,92.1,5,6
9,45,101.4,5,6
9,60,88.0,5,6
9,61,85.0,5,6
9,76,101.2,5,6
9,77,85.1,5,6
9,90,93.9,5,6
9,91,89.5,5,6
9,104,82.5,5,6
9,105,96.3,5,6
9,118,87.6,5,6
9,119,85.9,5,6
9,132,83.7,5,6
9,133,85.2,5,6
9,138,82.0,5,6
9,139,76.7,5,6
9,14,85.9,5,7
9,15,86.9,5,7
9,30,91.4,5,7
9,31,81.5,5,7
9,46,78.2,5,7
9,47,88.0,5,7
9,62,74.2,5,7
9,63,77.5,5,7
9,78,78.3,5,7
9,79,73.7,5,7
9,92,77.8,5,7
9,93,79.3,5,7
9,106,82.6,5,7
9,107,79.8,5,7
9,120,93.6,5,7
9,121,78.4,5,7
9,134,91.5,5,7
9,135,94.0,5,7
9,140,88.4,5,7
9,141,88.7,5,7
24,144,102.6,5,9
24,145,79.0,5,9
24,146,90.0,5,10
24,147,90.4,5,10
24,142,86.0,5,8
24,143,88.0,5,8
24,0,90.6,5,0
24,1,91.8,5,0
24,16,83.6,5,0
24,17,85.5,5,0
24,32,87.5,5,0
24,33,94.1,5,0
24,48,82.4,5,0
24,49,100.1,5,0
24,64,78.4,5,0
24,65,86.7,5,0
24,2,259.1,5,2
24,3,254.9,5,2
24,18,263.6,5,2
24,19,260.8,5,2
24,34,261.7,5,2
24,35,265.3,5,2
24,50,266.8,5,2
24,51,255.7,5,2
24,66,262.3,5,2
24,67,266.6,5,2
24,80,267.8,5,2
24,81,260.6,5,2
24,94,268.2,5,2
24,95,266.3,5,2
24,108,268.0,5,2
24,109,269.0,5,2
24,122,265.8,5,2
24,123,270.6,5,2
24,4,265.2,5,3
24,5,273.6,5,3
24,20,271.7,5,3
24,21,263.8,5,3
24,36,277.1,5,3
24,37,275.0,5,3
24,52,259.6,5,3
24,53,276.2,5,3
24,68,267.7,5,3
24,69,271.3,5,3
24,82,277.4,5,3
24,83,259.5,5,3
24,96,267.5,5,3
24,97,263.9,5,3
24,110,269.0,5,3
24,111,267.9,5,3
24,124,265.7,5,3
24,125,271.2,5,3
24,6,271.8,5,4
24,7,264.9,5,4
24,22,265.5,5,4
24,23,271.9,5,4
24,38,271.8,5,4
24,39,269.6,5,4
24,54,273.8,5,4
24,55,270.7,5,4
24,70,272.2,5,4
24,71,270.5,5,4
24,84,269.6,5,4
24,85,256.4,5,4
24,98,267.7,5,4
24,99,265.0,5,4
24,112,261.5,5,4
24,113,265.1,5,4
24,126,262.5,5,4
24,127,259.9,5,4
24,8,74.5,5,5
24,9,81.3,5,5
24,24,0.0,5,5
24,25,78.0,5,5
24,40,77.4,5,5
24,41,84.2,5,5
24,56,84.1,5,5
24,57,83.8,5,5
24,72,78.6,5,5
24,73,82.4,5,5
24,86,82.8,5,5
24,87,79.0,5,5
24,100,86.5,5,5
24,101,85.0,5,5
24,114,85.4,5,5
24,115,83.5,5,5
24,128,85.3,5,5
24,129,85.5,5,5
24,10,266.1,5,1
24,11,265.9,5,1
24,26,265.7,5,1
24,27,261.3,5,1
24,42,259.2,5,1
24,43,263.4,5,1
24,58,265.9,5,1
24,59,264.2,5,1
24,74,264.8,5,1
24,75,262.8,5,1
24,88,268.9,5,1
24,89,273.9,5,1
24,102,260.4,5,1
24,103,273.2,5,1
24,116,272.3,5,1
24,117,260.4,5,1
24,130,268.9,5,1
24,131,263.4,5,1
24,136,263.9,5,1
24,137,266.6,5,1
24,12,82.4,5,6
24,13,93.4,5,6
24,28,87.9,5,6
24,29,86.7,5,6
24,44,69.0,5,6
24,45,85.9,5,6
24,60,91.3,5,6
24,61,95.9,5,6
24,76,100.1,5,6
24,77,88.4,5,6
24,90,81.2,5,6
24,91,89.8,5,6
24,104,87.5,5,6
24,105,83.5,5,6
24,118,83.1,5,6
24,119,86.9,5,6
24,132,88.2,5,6
24,133,85.9,5,6
24,138,87.8,5,6
24,139,89.9,5,6
24,14,81.9,5,7
24,15,88.0,5,7
24,30,92.8,5,7
24,31,86.5,5,7
24,46,84.1,5,7
24,47,91.0,5,7
24,62,93.6,5,7
24,63,88.5,5,7
24,78,89.6,5,7
24,79,89.2,5,7
24,92,91.7,5,7
24,93,77.1,5,7
24,106,96.2,5,7
24,107,74.4,5,7
24,120,90.7,5,7
24,121,94.2,5,7
24,134,84.5,5,7
24,135,97.0,5,7
24,140,93.4,5,7
24,141,86.0,5,7
25,144,91.4,5,9
25,145,91.3,5,9
25,146,74.3,5,10
25,147,83.3,5,10
25,142,84.8,5,8
25,143,82.3,5,8
25,0,83.6,5,0
25,1,82.7,5,0
25,16,90.1,5,0
25,17,89.3,5,0
25,32,89.3,5,0
25,33,82.8,5,0
25,48,83.1,5,0
25,49,93.4,5,0
25,64,86.9,5,0
25,65,80.3,5,0
25,2,261.2,5,2
25,3,258.5,5,2
25,18,263.8,5,2
25,19,259.3,5,2
25,34,261.0,5,2
25,35,264.7,5,2
25,50,266.6,5,2
25,51,261.6,5,2
25,66,264.1,5,2
25,67,267.1,5,2
25,80,265.9,5,2
25,81,260.3,5,2
25,94,267.7,5,2
25,95,266.1,5,2
25,108,270.3,5,2
25,109,270.6,5,2
25,122,268.4,5,2
25,123,271.5,5,2
25,4,267.3,5,3
25,5,274.6,5,3
25,20,273.0,5,3
25,21,267.1,5,3
25,36,277.3,5,3
25,37,275.2,5,3
25,52,265.3,5,3
25,53,277.5,5,3
25,68,269.6,5,3
25,69,273.8,5,3
25,82,279.1,5,3
25,83,262.1,5,3
25,96,269.0,5,3
25,97,264.7,5,3
25,110,268.5,5,3
25,111,269.2,5,3
25,124,266.8,5,3
25,125,272.7,5,3
25,6,272.5,5,4
25,7,267.6,5,4
25,22,267.7,5,4
25,23,274.1,5,4
25,38,272.9,5,4
25,39,270.9,5,4
25,54,274.5,5,4
25,55,273.2,5,4
25,70,273.1,5,4
25,71,272.8,5,4
25,84,269.5,5,4
25,85,264.1,5,4
25,98,267.3,5,4
25,99,266.1,5,4
25,112,264.4,5,4
25,113,266.3,5,4
25,126,265.8,5,4
25,127,262.2,5,4
25,8,56.9,5,5
25,9,60.4,5,5
25,24,78.0,5,5
25,25,0.0,5,5
25,40,66.2,5,5
25,41,79.0,5,5
25,56,78.1,5,5
25,57,77.3,5,5
25,72,66.0,5,5
25,73,79.0,5,5
25,86,71.6,5,5
25,87,78.6,5,5
25,100,61.9,5,5
25,101,82.0,5,5
25,114,75.5,5,5
25,115,72.6,5,5
25,128,77.3,5,5
25,129,77.2,5,5
25,10,266.4,5,1
25,11,265.4,5,1
25,26,267.7,5,1
25,27,265.8,5,1
25,42,262.2,5,1
25,43,263.5,5,1
25,58,266.2,5,1
25,59,266.4,5,1
25,74,265.8,5,1
25,75,266.5,5,1
25,88,268.9,5,1
25,89,273.9,5,1
25,102,264.3,5,1
25,103,273.9,5,1
25,116,271.7,5,1
25,117,263.4,5,1
25,130,270.6,5,1
25,131,265.7,5,1
25,136,265.5,5,1
25,137,268.5,5,1
25,12,98.2,5,6
25,13,87.3,5,6
25,28,76.1,5,6
25,29,84.2,5,6
25,44,89.8,5,6
25,45,96.6,5,6
25,60,92.1,5,6
25,61,90.4,5,6
25,76,101.3,5,6
25,77,87.4,5,6
25,90,99.5,5,6
25,91,89.1,5,6
25,104,86.1,5,6
25,105,95.6,5,6
25,118,88.5,5,6
25,119,89.4,5,6
25,132,86.8,5,6
25,133,95.7,5,6
25,138,85.6,5,6
25,139,84.0,5,6
25,14,83.8,5,7
25,15,83.8,5,7
25,30,85.2,5,7
25,31,73.5,5,7
25,46,68.3,5,7
25,47,88.9,5,7
25,62,80.3,5,7
25,63,84.2,5,7
25,78,55.2,5,7
25,79,81.3,5,7
25,92,78.7,5,7
25,93,80.9,5,7
25,106,74.8,5,7
25,107,76.6,5,7
25,120,90.0,5,7
25,121,69.8,5,7
25,134,81.4,5,7
25,135,88.6,5,7
25,140,84.6,5,7
25,141,82.1,5,7
40,144,89.2,5,9
40,145,92.9,5,9
40,146,72.0,5,10
40,147,77.4,5,10
40,142,78.2,5,8
40,143,82.4,5,8
40,0,80.0,5,0
40,1,77.3,5,0
40,16,79.6,5,0
40,17,80.2,5,0
40,32,82.9,5,0
40,33,79.5,5,0
40,48,76.4,5,0
40,49,85.0,5,0
40,64,83.3,5,0
40,65,86.2,5,0
40,2,263.7,5,2
40,3,262.6,5,2
40,18,267.2,5,2
40,19,264.5,5,2
40,34,266.8,5,2
40,35,268.7,5,2
40,50,269.7,5,2
40,51,266.0,5,2
40,66,266.9,5,2
40,67,270.4,5,2
40,80,270.4,5,2
40,81,264.9,5,2
40,94,270.6,5,2
40,95,269.5,5,2
40,108,273.8,5,2
40,109,273.9,5,2
40,122,272.0,5,2
40,123,274.4,5,2
40,4,271.3,5,3
40,5,277.6,5,3
40,20,277.3,5,3
40,21,270.9,5,3
40,36,280.3,5,3
40,37,280.1,5,3
40,52,269.9,5,3
40,53,280.0,5,3
40,68,273.5,5,3
40,69,276.9,5,3
40,82,281.4,5,3
40,83,267.0,5,3
40,96,272.5,5,3
40,97,269.5,5,3
40,110,272.9,5,3
40,111,272.8,5,3
40,124,271.2,5,3
40,125,275.3,5,3
40,6,277.6,5,4
40,7,272.0,5,4
40,22,271.8,5,4
40,23,276.3,5,4
40,38,276.4,5,4
40,39,274.1,5,4
40,54,278.0,5,4
40,55,276.0,5,4
40,70,276.3,5,4
40,71,277.5,5,4
40,84,274.4,5,4
40,85,269.3,5,4
40,98,271.7,5,4
40,99,270.1,5,4
40,112,269.1,5,4
40,113,270.3,5,4
40,126,270.3,5,4
40,127,268.1,5,4
40,8,61.3,5,5
40,9,69.5,5,5
40,24,77.4,5,5
40,25,66.2,5,5
40,40,0.0,5,5
40,41,71.4,5,5
40,56,65.6,5,5
40,57,63.4,5,5
40,72,71.1,5,5
40,73,71.1,5,5
40,86,70.1,5,5
40,87,67.6,5,5
40,100,70.1,5,5
40,101,73.5,5,5
40,114,75.5,5,5
40,115,72.4,5,5
40,128,68.4,5,5
40,129,75.6,5,5
40,10,270.4,5,1
40,11,269.6,5,1
40,26,271.1,5,1
40,27,269.2,5,1
40,42,265.5,5,1
40,43,268.2,5,1
40,58,271.3,5,1
40,59,270.3,5,1
40,74,270.6,5,1
40,75,270.3,5,1
40,88,273.7,5,1
40,89,276.7,5,1
40,102,268.6,5,1
40,103,275.7,5,1
40,116,276.1,5,1
40,117,267.5,5,1
40,130,274.0,5,1
40,131,269.5,5,1
40,136,269.5,5,1
40,137,271.2,5,1
40,12,88.0,5,6
40,13,81.2,5,6
40,28,77.7,5,6
40,29,77.1,5,6
40,44,84.6,5,6
40,45,104.4,5,6
40,60,89.4,5,6
40,61,90.6,5,6
40,76,104.2,5,6
40,77,81.6,5,6
40,90,95.5,5,6
40,91,84.3,5,6
40,104,85.8,5,6
40,105,90.9,5,6
40,118,86.6,5,6
40,119,83.7,5,6
40,132,90.1,5,6
40,133,92.3,5,6
40,138,81.1,5,6
40,139,81.2,5,6
40,14,76.4,5,7
40,15,77.9,5,7
40,30,81.0,5,7
40,31,66.2,5,7
40,46,68.3,5,7
40,47,74.2,5,7
40,62,67.2,5,7
40,63,75.0,5,7
40,78,71.7,5,7
40,79,73.2,5,7
40,92,70.7,5,7
40,93,73.9,5,7
40,106,71.2,5,7
40,107,75.9,5,7
40,120,84.3,5,7
40,121,77.0,5,7
40,134,74.0,5,7
40,135,77.3,5,7
40,140,82.1,5,7
40,141,65.5,5,7
41,144,81.1,5,9
41,145,89.5,5,9
41,146,80.3,5,10
41,147,83.1,5,10
41,142,84.9,5,8
41,143,83.9,5,8
41,0,79.0,5,0
41,1,79.7,5,0
41,16,73.3,5,0
41,17,70.4,5,0
41,32,82.6,5,0
41,33,78.3,5,0
41,48,77.4,5,0
41,49,82.3,5,0
41,64,79.6,5,0
41,65,82.9,5,0
41,2,261.2,5,2
41,3,257.9,5,2
41,18,263.3,5,2
41,19,260.1,5,2
41,34,263.3,5,2
41,35,265.3,5,2
41,50,267.1,5,2
41,51,261.7,5,2
41,66,263.2,5,2
41,67,267.3,5,2
41,80,266.8,5,2
41,81,261.6,5,2
41,94,268.5,5,2
41,95,265.4,5,2
41,108,269.7,5,2
41,109,269.3,5,2
41,122,267.6,5,2
41,123,271.1,5,2
41,4,267.0,5,3
41,5,274.6,5,3
41,20,273.7,5,3
41,21,267.5,5,3
41,36,277.2,5,3
41,37,275.3,5,3
41,52,266.3,5,3
41,53,276.8,5,3
41,68,269.5,5,3
41,69,273.0,5,3
41,82,277.5,5,3
41,83,263.0,5,3
41,96,268.1,5,3
41,97,264.8,5,3
41,110,268.0,5,3
41,111,269.5,5,3
41,124,267.6,5,3
41,125,272.1,5,3
41,6,273.0,5,4
41,7,267.9,5,4
41,22,267.8,5,4
41,23,273.3,5,4
41,38,272.5,5,4
41,39,270.6,5,4
41,54,273.7,5,4
41,55,273.4,5,4
41,70,272.8,5,4
41,71,273.2,5,4
41,84,270.7,5,4
41,85,265.4,5,4
41,98,268.8,5,4
41,99,267.9,5,4
41,112,267.0,5,4
41,113,267.6,5,4
41,126,267.5,5,4
41,127,264.6,5,4
41,8,69.1,5,5
41,9,79.3,5,5
41,24,84.2,5,5
41,25,79.0,5,5
41,40,71.4,5,5
41,41,0.0,5,5
41,56,57.7,5,5
41,57,69.0,5,5
41,72,63.8,5,5
41,73,62.4,5,5
41,86,63.8,5,5
41,87,68.8,5,5
41,100,68.8,5,5
41,101,67.6,5,5
41,114,73.6,5,5
41,115,65.4,5,5
41,128,69.3,5,5
41,129,79.7,5,5
41,10,267.2,5,1
41,11,266.0,5,1
41,26,266.1,5,1
41,27,264.7,5,1
41,42,261.0,5,1
41,43,263.7,5,1
41,58,267.9,5,1
41,59,266.6,5,1
41,74,265.8,5,1
41,75,265.7,5,1
41,88,268.4,5,1
41,89,273.4,5,1
41,102,264.8,5,1
41,103,272.1,5,1
41,116,272.5,5,1
41,117,262.7,5,1
41,130,269.9,5,1
41,131,266.0,5,1
41,136,265.2,5,1
41,137,267.7,5,1
41,12,87.4,5,6
41,13,78.9,5,6
41,28,80.1,5,6
41,29,77.3,5,6
41,44,84.1,5,6
41,45,98.3,5,6
41,60,87.8,5,6
41,61,84.2,5,6
41,76,90.7,5,6
41,77,83.9,5,6
41,90,86.8,5,6
41,91,81.1,5,6
41,104,83.7,5,6
41,105,85.9,5,6
41,118,86.2,5,6
41,119,78.5,5,6
41,132,78.5,5,6
41,133,80.6,5,6
41,138,71.4,5,6
41,139,82.6,5,6
41,14,72.6,5,7
41,15,73.0,5,7
41,30,81.8,5,7
41,31,72.9,5,7
41,46,76.5,5,7
41,47,71.4,5,7
41,62,72.2,5,7
41,63,80.3,5,7
41,78,77.1,5,7
41,79,76.5,5,7
41,92,76.3,5,7
41,93,77.8,5,7
41,106,73.0,5,7
41,107,79.6,5,7
41,120,84.8,5,7
41,121,81.5,5,7
41,134,78.5,5,7
41,135,69.0,5,7
41,140,80.2,5,7
41,141,76.3,5,7
56,144,91.9,5,9
56,145,95.7,5,9
56,146,76.8,5,10
56,147,87.7,5,10
56,142,82.1,5,8
56,143,86.6,5,8
56,0,82.1,5,0
56,1,82.0,5,0
56,16,65.5,5,0
56,17,82.7,5,0
56,32,84.8,5,0
56,33,77.8,5,0
56,48,75.8,5,0
56,49,91.1,5,0
56,64,87.8,5,0
56,65,88.7,5,0
56,2,266.1,5,2
56,3,264.5,5,2
56,18,269.6,5,2
56,19,267.0,5,2
56,34,270.1,5,2
56,35,271.3,5,2
56,50,272.6,5,2
56,51,270.3,5,2
56,66,268.6,5,2
56,67,273.5,5,2
56,80,273.3,5,2
56,81,268.6,5,2
56,94,273.4,5,2
56,95,271.7,5,2
56,108,275.4,5,2
56,109,275.4,5,2
56,122,273.0,5,2
56,123,276.1,5,2
56,4,273.0,5,3
56,5,279.5,5,3
56,20,278.7,5,3
56,21,273.2,5,3
56,36,282.4,5,3
56,37,280.8,5,3
56,52,271.8,5,3
56,53,282.3,5,3
56,68,275.2,5,3
56,69,278.7,5,3
56,82,282.9,5,3
56,83,269.6,5,3
56,96,274.5,5,3
56,97,271.1,5,3
56,110,273.8,5,3
56,111,274.3,5,3
56,124,273.0,5,3
56,125,275.9,5,3
56,6,278.3,5,4
56,7,273.5,5,4
56,22,273.2,5,4
56,23,278.3,5,4
56,38,277.6,5,4
56,39,276.7,5,4
56,54,279.5,5,4
56,55,278.8,5,4
56,70,278.1,5,4
56,71,278.8,5,4
56,84,275.8,5,4
56,85,272.0,5,4
56,98,275.1,5,4
56,99,273.2,5,4
56,112,272.8,5,4
56,113,273.3,5,4
56,126,273.6,5,4
56,127,271.4,5,4
56,8,68.0,5,5
56,9,84.1,5,5
56,24,84.1,5,5
56,25,78.1,5,5
56,40,65.6,5,5
56,41,57.7,5,5
56,56,0.0,5,5
56,57,59.0,5,5
56,72,60.3,5,5
56,73,64.5,5,5
56,86,67.5,5,5
56,87,67.2,5,5
56,100,63.7,5,5
56,101,69.9,5,5
56,114,71.0,5,5
56,115,64.3,5,5
56,128,70.7,5,5
56,129,77.6,5,5
56,10,272.5,5,1
56,11,272.1,5,1
56,26,272.5,5,1
56,27,271.5,5,1
56,42,267.7,5,1
56,43,270.2,5,1
56,58,274.1,5,1
56,59,271.2,5,1
56,74,271.4,5,1
56,75,271.4,5,1
56,88,274.0,5,1
56,89,278.3,5,1
56,102,270.5,5,1
56,103,277.6,5,1
56,116,277.5,5,1
56,117,270.2,5,1
56,130,275.4,5,1
56,131,272.4,5,1
56,136,271.4,5,1
56,137,273.3,5,1
56,12,93.1,5,6
56,13,80.3,5,6
56,28,81.0,5,6
56,29,69.1,5,6
56,44,90.5,5,6
56,45,110.5,5,6
56,60,89.8,5,6
56,61,87.0,5,6
56,76,96.4,5,6
56,77,89.1,5,6
56,90,92.5,5,6
56,91,86.7,5,6
56,104,86.8,5,6
56,105,90.8,5,6
56,118,89.1,5,6
56,119,80.4,5,6
56,132,87.4,5,6
56,133,89.3,5,6
56,138,81.7,5,6
56,139,85.4,5,6
56,14,77.8,5,7
56,15,82.2,5,7
56,30,76.1,5,7
56,31,71.9,5,7
56,46,68.8,5,7
56,47,85.1,5,7
56,62,75.2,5,7
56,63,83.9,5,7
56,78,79.8,5,7
56,79,78.5,5,7
56,92,77.2,5,7
56,93,81.0,5,7
56,106,68.5,5,7
56,107,82.2,5,7
56,120,90.7,5,7
56,121,82.4,5,7
56,134,82.2,5,7
56,135,81.4,5,7
56,140,79.4,5,7
56,141,76.7,5,7
57,144,96.0,5,9
57,145,96.1,5,9
57,146,81.9,5,10
57,147,76.0,5,10
57,142,69.8,5,8
57,143,83.4,5,8
57,0,88.2,5,0
57,1,85.5,5,0
57,16,79.1,5,0
57,17,87.4,5,0
57,32,89.6,5,0
57,33,86.5,5,0
57,48,82.8,5,0
57,49,96.6,5,0
57,64,82.1,5,0
57,65,93.5,5,0
57,2,263.3,5,2
57,3,261.4,5,2
57,18,267.1,5,2
57,19,263.7,5,2
57,34,266.0,5,2
57,35,268.0,5,2
57,50,269.3,5,2
57,51,264.7,5,2
57,66,266.9,5,2
57,67,268.7,5,2
57,80,269.6,5,2
57,81,263.4,5,2
57,94,270.7,5,2
57,95,268.3,5,2
57,108,272.9,5,2
57,109,272.9,5,2
57,122,271.3,5,2
57,123,274.3,5,2
57,4,269.9,5,3
57,5,277.2,5,3
57,20,276.0,5,3
57,21,269.8,5,3
57,36,279.9,5,3
57,37,278.7,5,3
57,52,267.3,5,3
57,53,279.2,5,3
57,68,272.3,5,3
57,69,276.0,5,3
57,82,281.2,5,3
57,83,264.1,5,3
57,96,271.7,5,3
57,97,267.2,5,3
57,110,271.4,5,3
57,111,272.4,5,3
57,124,268.3,5,3
57,125,274.9,5,3
57,6,276.8,5,4
57,7,271.1,5,4
57,22,270.0,5,4
57,23,276.5,5,4
57,38,276.2,5,4
57,39,274.2,5,4
57,54,277.6,5,4
57,55,275.0,5,4
57,70,275.8,5,4
57,71,276.4,5,4
57,84,273.0,5,4
57,85,268.1,5,4
57,98,271.9,5,4
57,99,269.0,5,4
57,112,266.1,5,4
57,113,270.5,5,4
57,126,269.7,5,4
57,127,267.1,5,4
57,8,69.3,5,5
57,9,89.4,5,5
57,24,83.8,5,5
57,25,77.3,5,5
57,40,63.4,5,5
57,41,69.0,5,5
57,56,59.0,5,5
57,57,0.0,5,5
57,72,70.4,5,5
57,73,70.1,5,5
57,86,70.6,5,5
57,87,70.7,5,5
57,100,74.0,5,5
57,101,75.6,5,5
57,114,80.8,5,5
57,115,74.4,5,5
57,128,80.0,5,5
57,129,88.0,5,5
57,10,269.6,5,1
57,11,269.5,5,1
57,26,270.1,5,1
57,27,268.0,5,1
57,42,265.2,5,1
57,43,265.9,5,1
57,58,269.6,5,1
57,59,268.0,5,1
57,74,268.9,5,1
57,75,268.8,5,1
57,88,272.7,5,1
57,89,276.8,5,1
57,102,266.9,5,1
57,103,275.8,5,1
57,116,275.7,5,1
57,117,266.3,5,1
57,130,273.3,5,1
57,131,269.0,5,1
57,136,268.3,5,1
57,137,271.0,5,1
57,12,93.8,5,6
57,13,86.2,5,6
57,28,76.3,5,6
57,29,78.3,5,6
57,44,90.5,5,6
57,45,108.3,5,6
57,60,100.2,5,6
57,61,97.6,5,6
57,76,105.5,5,6
57,77,91.1,5,6
57,90,98.6,5,6
57,91,92.5,5,6
57,104,96.5,5,6
57,105,88.8,5,6
57,118,93.9,5,6
57,119,88.1,5,6
57,132,94.6,5,6
57,133,97.1,5,6
57,138,85.9,5,6
57,139,92.9,5,6
57,14,79.9,5,7
57,15,87.3,5,7
57,30,83.4,5,7
57,31,71.5,5,7
57,46,74.3,5,7
57,47,81.3,5,7
57,62,76.9,5,7
57,63,83.4,5,7
57,78,78.0,5,7
57,79,80.7,5,7
57,92,76.0,5,7
57,93,81.7,5,7
57,106,76.8,5,7
57,107,80.2,5,7
57,120,90.9,5,7
57,121,87.6,5,7
57,134,73.1,5,7
57,135,88.1,5,7
57,140,82.4,5,7
57,141,69.0,5,7
72,144,86.6,5,9
72,145,86.6,5,9
72,146,75.4,5,10
72,147,85.9,5,10
72,142,81.0,5,8
72,143,85.8,5,8
72,0,79.6,5,0
72,1,78.7,5,0
72,16,77.3,5,0
72,17,79.4,5,0
72,32,81.8,5,0
72,33,76.0,5,0
72,48,78.4,5,0
72,49,83.2,5,0
72,64,80.1,5,0
72,65,79.8,5,0
72,2,260.7,5,2
72,3,258.1,5,2
72,18,263.2,5,2
72,19,260.6,5,2
72,34,262.8,5,2
72,35,266.3,5,2
72,50,267.1,5,2
72,51,263.1,5,2
72,66,263.9,5,2
72,67,268.3,5,2
72,80,266.6,5,2
72,81,262.8,5,2
72,94,267.9,5,2
72,95,266.9,5,2
72,108,269.7,5,2
72,109,270.6,5,2
72,122,268.3,5,2
72,123,270.8,5,2
72,4,267.1,5,3
72,5,274.8,5,3
72,20,273.1,5,3
72,21,267.2,5,3
72,36,276.7,5,3
72,37,275.6,5,3
72,52,265.7,5,3
72,53,277.3,5,3
72,68,269.9,5,3
72,69,273.6,5,3
72,82,278.1,5,3
72,83,262.6,5,3
72,96,268.6,5,3
72,97,265.0,5,3
72,110,268.9,5,3
72,111,269.4,5,3
72,124,267.2,5,3
72,125,272.0,5,3
72,6,272.8,5,4
72,7,268.6,5,4
72,22,267.3,5,4
72,23,273.1,5,4
72,38,272.1,5,4
72,39,270.3,5,4
72,54,273.3,5,4
72,55,273.4,5,4
72,70,272.8,5,4
72,71,271.7,5,4
72,84,270.5,5,4
72,85,264.3,5,4
72,98,268.9,5,4
72,99,267.0,5,4
72,112,266.3,5,4
72,113,267.8,5,4
72,126,267.7,5,4
72,127,264.3,5,4
72,8,64.7,5,5
72,9,74.6,5,5
72,24,78.6,5,5
72,25,66.0,5,5
72,40,71.1,5,5
72,41,63.8,5,5
72,56,60.3,5,5
72,57,70.4,5,5
72,72,0.0,5,5
72,73,65.3,5,5
72,86,66.3,5,5
72,87,73.3,5,5
72,100,60.0,5,5
72,101,69.0,5,5
72,114,66.2,5,5
72,115,65.7,5,5
72,128,67.9,5,5
72,129,69.9,5,5
72,10,266.8,5,1
72,11,265.4,5,1
72,26,267.0,5,1
72,27,264.9,5,1
72,42,261.2,5,1
72,43,264.1,5,1
72,58,267.6,5,1
72,59,266.3,5,1
72,74,265.1,5,1
72,75,265.8,5,1
72,88,268.2,5,1
72,89,273.6,5,1
72,102,264.1,5,1
72,103,273.0,5,1
72,116,272.0,5,1
72,117,264.0,5,1
72,130,270.3,5,1
72,131,266.5,5,1
72,136,265.6,5,1
72,137,267.6,5,1
72,12,84.8,5,6
72,13,82.1,5,6
72,28,78.3,5,6
72,29,75.0,5,6
72,44,82.6,5,6
72,45,96.6,5,6
72,60,82.7,5,6
72,61,85.3,5,6
72,76,91.3,5,6
72,77,83.1,5,6
72,90,86.8,5,6
72,91,84.7,5,6
72,104,83.8,5,6
72,105,86.6,5,6
72,118,84.2,5,6
72,119,79.8,5,6
72,132,81.3,5,6
72,133,78.3,5,6
72,138,76.8,5,6
72,139,81.7,5,6
72,14,80.0,5,7
72,15,79.0,5,7
72,30,78.4,5,7
72,31,68.7,5,7
72,46,64.9,5,7
72,47,79.1,5,7
72,62,78.3,5,7
72,63,73.4,5,7
72,78,67.8,5,7
72,79,67.2,5,7
72,92,77.2,5,7
72,93,67.5,5,7
72,106,72.4,5,7
72,107,75.2,5,7
72,120,85.0,5,7
72,121,80.3,5,7
72,134,79.0,5,7
72,135,81.8,5,7
72,140,75.0,5,7
72,141,77.1,5,7
73,144,85.7,5,9
73,145,88.9,5,9
73,146,76.0,5,10
73,147,85.0,5,10
73,142,83.3,5,8
73,143,83.6,5,8
73,0,83.5,5,0
73,1,74.8,5,0
73,16,78.2,5,0
73,17,79.2,5,0
73,32,84.6,5,0
73,33,75.2,5,0
73,48,75.0,5,0
73,49,89.5,5,0
73,64,87.0,5,0
73,65,87.3,5,0
73,2,263.9,5,2
73,3,261.2,5,2
73,18,266.2,5,2
73,19,263.0,5,2
73,34,266.3,5,2
73,35,268.4,5,2
73,50,269.7,5,2
73,51,265.4,5,2
73,66,266.4,5,2
73,67,269.8,5,2
73,80,269.7,5,2
73,81,265.2,5,2
73,94,271.1,5,2
73,95,268.7,5,2
73,108,273.0,5,2
73,109,273.0,5,2
73,122,271.1,5,2
73,123,274.3,5,2
73,4,270.2,5,3
73,5,277.2,5,3
73,20,276.3,5,3
73,21,269.8,5,3
73,36,280.2,5,3
73,37,278.5,5,3
73,52,269.0,5,3
73,53,280.3,5,3
73,68,272.5,5,3
73,69,276.8,5,3
73,82,281.0,5,3
73,83,265.7,5,3
73,96,271.9,5,3
73,97,267.6,5,3
73,110,272.1,5,3
73,111,272.7,5,3
73,124,270.9,5,3
73,125,275.0,5,3
73,6,276.6,5,4
73,7,271.6,5,4
73,22,269.5,5,4
73,23,276.3,5,4
73,38,275.2,5,4
73,39,273.5,5,4
73,54,276.6,5,4
73,55,276.1,5,4
73,70,274.9,5,4
73,71,275.5,5,4
73,84,273.7,5,4
73,85,268.7,5,4
73,98,271.4,5,4
73,99,271.2,5,4
73,112,269.4,5,4
73,113,271.3,5,4
73,126,270.2,5,4
73,127,267.4,5,4
73,8,58.8,5,5
73,9,83.8,5,5
73,24,82.4,5,5
73,25,79.0,5,5
73,40,71.1,5,5
73,41,62.4,5,5
73,56,64.5,5,5
73,57,70.1,5,5
73,72,65.3,5,5
73,73,0.0,5,5
73,86,66.9,5,5
73,87,71.7,5,5
73,100,68.5,5,5
73,101,64.4,5,5
73,114,79.6,5,5
73,115,68.1,5,5
73,128,72.4,5,5
73,129,81.1,5,5
73,10,269.3,5,1
73,11,268.2,5,1
73,26,268.0,5,1
73,27,267.3,5,1
73,42,262.6,5,1
73,43,267.1,5,1
73,58,271.2,5,1
73,59,268.7,5,1
73,74,268.5,5,1
73,75,268.8,5,1
73,88,270.6,5,1
73,89,276.8,5,1
73,102,267.1,5,1
73,103,275.0,5,1
73,116,275.5,5,1
73,117,266.7,5,1
73,130,273.1,5,1
73,131,269.1,5,1
73,136,268.9,5,1
73,137,270.0,5,1
73,12,81.0,5,6
73,13,81.2,5,6
73,28,82.7,5,6
73,29,78.3,5,6
73,44,80.7,5,6
73,45,102.9,5,6
73,60,90.0,5,6
73,61,90.0,5,6
73,76,95.6,5,6
73,77,88.3,5,6
73,90,89.4,5,6
73,91,87.9,5,6
73,104,86.3,5,6
73,105,88.6,5,6
73,118,92.2,5,6
73,119,78.3,5,6
73,132,83.0,5,6
73,133,86.1,5,6
73,138,82.4,5,6
73,139,86.0,5,6
73,14,80.6,5,7
73,15,80.1,5,7
73,30,80.9,5,7
73,31,66.6,5,7
73,46,73.8,5,7
73,47,73.6,5,7
73,62,79.2,5,7
73,63,82.4,5,7
73,78,75.6,5,7
73,79,76.9,5,7
73,92,82.8,5,7
73,93,78.6,5,7
73,106,77.8,5,7
73,107,73.0,5,7
73,120,91.4,5,7
73,121,83.5,5,7
73,134,67.9,5,7
73,135,73.8,5,7
73,140,80.9,5,7
73,141,63.4,5,7
86,144,84.2,5,9
86,145,88.7,5,9
86,146,69.3,5,10
86,147,80.7,5,10
86,142,77.5,5,8
86,143,75.8,5,8
86,0,72.2,5,0
86,1,78.2,5,0
86,16,79.6,5,0
86,17,79.6,5,0
86,32,86.9,5,0
86,33,78.4,5,0
86,48,70.2,5,0
86,49,92.5,5,0
86,64,86.7,5,0
86,65,88.7,5,0
86,2,264.3,5,2
86,3,262.0,5,2
86,18,265.7,5,2
86,19,262.9,5,2
86,34,266.5,5,2
86,35,267.7,5,2
86,50,268.9,5,2
86,51,264.8,5,2
86,66,266.2,5,2
86,67,269.7,5,2
86,80,269.4,5,2
86,81,265.0,5,2
86,94,270.4,5,2
86,95,268.3,5,2
86,108,271.7,5,2
86,109,271.5,5,2
86,122,270.6,5,2
86,123,273.7,5,2
86,4,270.2,5,3
86,5,276.8,5,3
86,20,275.5,5,3
86,21,270.3,5,3
86,36,279.9,5,3
86,37,277.7,5,3
86,52,267.8,5,3
86,53,279.7,5,3
86,68,272.5,5,3
86,69,276.0,5,3
86,82,280.7,5,3
86,83,265.3,5,3
86,96,271.6,5,3
86,97,267.6,5,3
86,110,271.1,5,3
86,111,272.2,5,3
86,124,269.9,5,3
86,125,275.0,5,3
86,6,275.6,5,4
86,7,271.2,5,4
86,22,270.8,5,4
86,23,276.1,5,4
86,38,274.6,5,4
86,39,273.3,5,4
86,54,276.7,5,4
86,55,275.6,5,4
86,70,275.3,5,4
86,71,275.9,5,4
86,84,271.7,5,4
86,85,268.5,5,4
86,98,271.0,5,4
86,99,270.1,5,4
86,112,268.0,5,4
86,113,270.7,5,4
86,126,269.3,5,4
86,127,267.2,5,4
86,8,66.2,5,5
86,9,76.8,5,5
86,24,82.8,5,5
86,25,71.6,5,5
86,40,70.1,5,5
86,41,63.8,5,5
86,56,67.5,5,5
86,57,70.6,5,5
86,72,66.3,5,5
86,73,66.9,5,5
86,86,0.0,5,5
86,87,67.0,5,5
86,100,61.9,5,5
86,101,67.3,5,5
86,114,76.3,5,5
86,115,67.0,5,5
86,128,71.6,5,5
86,129,85.2,5,5
86,10,269.9,5,1
86,11,268.4,5,1
86,26,269.0,5,1
86,27,267.7,5,1
86,42,263.7,5,1
86,43,266.4,5,1
86,58,270.5,5,1
86,59,268.8,5,1
86,74,267.8,5,1
86,75,268.4,5,1
86,88,270.6,5,1
86,89,275.8,5,1
86,102,265.7,5,1
86,103,274.9,5,1
86,116,275.0,5,1
86,117,266.2,5,1
86,130,272.8,5,1
86,131,267.9,5,1
86,136,267.7,5,1
86,137,269.6,5,1
86,12,90.3,5,6
86,13,81.4,5,6
86,28,81.0,5,6
86,29,79.3,5,6
86,44,88.5,5,6
86,45,89.6,5,6
86,60,93.5,5,6
86,61,90.1,5,6
86,76,97.6,5,6
86,77,74.8,5,6
86,90,94.9,5,6
86,91,87.3,5,6
86,104,82.5,5,6
86,105,92.3,5,6
86,118,79.1,5,6
86,119,83.1,5,6
86,132,83.3,5,6
86,133,91.4,5,6
86,138,77.4,5,6
86,139,86.0,5,6
86,14,78.4,5,7
86,15,83.2,5,7
86,30,84.8,5,7
86,31,77.0,5,7
86,46,77.8,5,7
86,47,83.1,5,7
86,62,75.9,5,7
86,63,77.6,5,7
86,78,71.2,5,7
86,79,78.9,5,7
86,92,67.9,5,7
86,93,71.7,5,7
86,106,74.9,5,7
86,107,73.0,5,7
86,120,88.4,5,7
86,121,75.5,5,7
86,134,76.0,5,7
86,135,77.8,5,7
86,140,78.8,5,7
86,141,73.5,5,7
87,144,88.5,5,9
87,145,92.3,5,9
87,146,72.7,5,10
87,147,79.1,5,10
87,142,80.4,5,8
87,143,77.6,5,8
87,0,78.2,5,0
87,1,75.0,5,0
87,16,69.6,5,0
87,17,80.7,5,0
87,32,81.0,5,0
87,33,73.0,5,0
87,48,70.7,5,0
87,49,83.7,5,0
87,64,84.2,5,0
87,65,90.2,5,0
87,2,265.4,5,2
87,3,263.5,5,2
87,18,267.6,5,2
87,19,265.2,5,2
87,34,268.4,5,2
87,35,268.8,5,2
87,50,270.3,5,2
87,51,265.3,5,2
87,66,267.4,5,2
87,67,271.8,5,2
87,80,270.5,5,2
87,81,266.6,5,2
87,94,271.8,5,2
87,95,270.2,5,2
87,108,274.0,5,2
87,109,273.5,5,2
87,122,273.3,5,2
87,123,275.3,5,2
87,4,272.6,5,3
87,5,277.6,5,3
87,20,277.5,5,3
87,21,272.0,5,3
87,36,280.8,5,3
87,37,279.2,5,3
87,52,269.3,5,3
87,53,280.7,5,3
87,68,274.5,5,3
87,69,277.2,5,3
87,82,281.1,5,3
87,83,267.8,5,3
87,96,273.6,5,3
87,97,270.4,5,3
87,110,272.8,5,3
87,111,273.7,5,3
87,124,272.4,5,3
87,125,276.4,5,3
87,6,276.6,5,4
87,7,273.0,5,4
87,22,272.0,5,4
87,23,276.8,5,4
87,38,276.0,5,4
87,39,274.0,5,4
87,54,277.2,5,4
87,55,277.1,5,4
87,70,276.3,5,4
87,71,277.6,5,4
87,84,273.7,5,4
87,85,268.9,5,4
87,98,272.9,5,4
87,99,271.6,5,4
87,112,269.8,5,4
87,113,271.5,5,4
87,126,270.6,5,4
87,127,268.9,5,4
87,8,73.0,5,5
87,9,75.5,5,5
87,24,79.0,5,5
87,25,78.6,5,5
87,40,67.6,5,5
87,41,68.8,5,5
87,56,67.2,5,5
87,57,70.7,5,5
87,72,73.3,5,5
87,73,71.7,5,5
87,86,67.0,5,5
87,87,0.0,5,5
87,100,66.2,5,5
87,101,70.9,5,5
87,114,75.7,5,5
87,115,63.4,5,5
87,128,71.2,5,5
87,129,79.7,5,5
87,10,271.2,5,1
87,11,270.4,5,1
87,26,269.5,5,1
87,27,268.2,5,1
87,42,265.3,5,1
87,43,268.6,5,1
87,58,271.2,5,1
87,59,270.7,5,1
87,74,270.5,5,1
87,75,270.5,5,1
87,88,273.4,5,1
87,89,277.0,5,1
87,102,268.4,5,1
87,103,276.7,5,1
87,116,276.4,5,1
87,117,268.3,5,1
87,130,273.7,5,1
87,131,269.7,5,1
87,136,269.5,5,1
87,137,271.2,5,1
87,12,93.9,5,6
87,13,82.7,5,6
87,28,81.1,5,6
87,29,75.7,5,6
87,44,85.3,5,6
87,45,102.2,5,6
87,60,85.9,5,6
87,61,84.4,5,6
87,76,97.0,5,6
87,77,75.4,5,6
87,90,85.4,5,6
87,91,85.2,5,6
87,104,84.8,5,6
87,105,89.3,5,6
87,118,84.8,5,6
87,119,76.2,5,6
87,132,85.7,5,6
87,133,80.2,5,6
87,138,76.5,5,6
87,139,77.3,5,6
87,14,76.3,5,7
87,15,85.4,5,7
87,30,83.7,5,7
87,31,75.0,5,7
87,46,76.8,5,7
87,47,81.6,5,7
87,62,68.6,5,7
87,63,76.6,5,7
87,78,77.9,5,7
87,79,72.9,5,7
87,92,67.4,5,7
87,93,68.2,5,7
87,106,74.9,5,7
87,107,76.0,5,7
87,120,89.1,5,7
87,121,77.4,5,7
87,134,79.5,5,7
87,135,78.6,5,7
87,140,76.7,5,7
87,141,76.0,5,7
100,144,86.1,5,9
100,145,93.1,5,9
100,146,72.0,5,10
100,147,86.8,5,10
100,142,84.6,5,8
100,143,78.5,5,8
100,0,76.1,5,0
100,1,74.8,5,0
100,16,80.3,5,0
100,17,82.2,5,0
100,32,83.0,5,0
100,33,74.8,5,0
100,48,74.7,5,0
100,49,84.2,5,0
100,64,85.7,5,0
100,65,83.8,5,0
100,2,267.4,5,2
100,3,265.1,5,2
100,18,268.0,5,2
100,19,265.9,5,2
100,34,268.6,5,2
100,35,270.9,5,2
100,50,272.4,5,2
100,51,269.6,5,2
100,66,270.0,5,2
100,67,273.9,5,2
100,80,271.6,5,2
100,81,268.5,5,2
100,94,273.6,5,2
100,95,271.8,5,2
100,108,275.9,5,2
100,109,275.8,5,2
100,122,274.5,5,2
100,123,276.6,5,2
100,4,273.6,5,3
100,5,279.8,5,3
100,20,278.7,5,3
100,21,273.5,5,3
100,36,281.5,5,3
100,37,280.4,5,3
100,52,272.2,5,3
100,53,283.0,5,3
100,68,275.8,5,3
100,69,278.9,5,3
100,82,283.3,5,3
100,83,268.2,5,3
100,96,274.0,5,3
100,97,270.1,5,3
100,110,273.4,5,3
100,111,274.4,5,3
100,124,273.2,5,3
100,125,277.3,5,3
100,6,278.0,5,4
100,7,274.4,5,4
100,22,273.9,5,4
100,23,278.6,5,4
100,38,277.2,5,4
100,39,275.2,5,4
100,54,278.4,5,4
100,55,279.0,5,4
100,70,277.7,5,4
100,71,278.3,5,4
100,84,274.5,5,4
100,85,272.2,5,4
100,98,274.1,5,4
100,99,273.7,5,4
100,112,272.9,5,4
100,113,273.2,5,4
100,126,273.7,5,4
100,127,270.7,5,4
100,8,63.0,5,5
100,9,72.0,5,5
100,24,86.5,5,5
100,25,61.9,5,5
100,40,70.1,5,5
100,41,68.8,5,5
100,56,63.7,5,5
100,57,74.0,5,5
100,72,60.0,5,5
100,73,68.5,5,5
100,86,61.9,5,5
100,87,66.2,5,5
100,100,0.0,5,5
100,101,60.3,5,5
100,114,68.9,5,5
100,115,58.5,5,5
100,128,64.9,5,5
100,129,69.9,5,5
100,10,272.3,5,1
100,11,270.2,5,1
100,26,272.5,5,1
100,27,271.8,5,1
100,42,267.4,5,1
100,43,269.9,5,1
100,58,274.0,5,1
100,59,272.2,5,1
100,74,270.5,5,1
100,75,272.2,5,1
100,88,273.9,5,1
100,89,278.5,5,1
100,102,269.8,5,1
100,103,278.3,5,1
100,116,276.9,5,1
100,117,270.0,5,1
100,130,275.2,5,1
100,131,271.5,5,1
100,136,271.5,5,1
100,137,272.6,5,1
100,12,93.4,5,6
100,13,77.8,5,6
100,28,80.1,5,6
100,29,75.2,5,6
100,44,89.1,5,6
100,45,102.3,5,6
100,60,87.3,5,6
100,61,84.0,5,6
100,76,94.4,5,6
100,77,85.5,5,6
100,90,93.6,5,6
100,91,87.6,5,6
100,104,81.9,5,6
100,105,93.9,5,6
100,118,89.1,5,6
100,119,81.3,5,6
100,132,82.5,5,6
100,133,85.8,5,6
100,138,79.8,5,6
100,139,80.8,5,6
100,14,82.6,5,7
100,15,79.3,5,7
100,30,78.0,5,7
100,31,71.8,5,7
100,46,72.5,5,7
100,47,84.1,5,7
100,62,72.7,5,7
100,63,78.7,5,7
100,78,66.9,5,7
100,79,70.9,5,7
100,92,75.9,5,7
100,93,74.0,5,7
100,106,65.9,5,7
100,107,71.1,5,7
100,120,88.0,5,7
100,121,69.7,5,7
100,134,80.6,5,7
100,135,79.6,5,7
100,140,75.1,5,7
100,141,77.9,5,7
101,144,86.1,5,9
101,145,92.7,5,9
101,146,82.5,5,10
101,147,90.1,5,10
101,142,86.6,5,8
101,143,83.9,5,8
101,0,78.6,5,0
101,1,79.3,5,0
101,16,78.4,5,0
101,17,72.0,5,0
101,32,83.4,5,0
101,33,79.9,5,0
101,48,74.3,5,0
101,49,80.6,5,0
101,64,84.7,5,0
101,65,79.3,5,0
101,2,264.7,5,2
101,3,262.7,5,2
101,18,267.5,5,2
101,19,264.7,5,2
101,34,268.3,5,2
101,35,270.2,5,2
101,50,270.8,5,2
101,51,267.1,5,2
101,66,268.4,5,2
101,67,272.0,5,2
101,80,271.3,5,2
101,81,267.1,5,2
101,94,272.4,5,2
101,95,270.0,5,2
101,108,274.6,5,2
101,109,274.3,5,2
101,122,272.6,5,2
101,123,275.6,5,2
101,4,271.5,5,3
101,5,278.8,5,3
101,20,277.0,5,3
101,21,271.3,5,3
101,36,281.6,5,3
101,37,279.6,5,3
101,52,270.1,5,3
101,53,281.1,5,3
101,68,272.3,5,3
101,69,278.2,5,3
101,82,281.7,5,3
101,83,266.4,5,3
101,96,271.7,5,3
101,97,267.8,5,3
101,110,272.7,5,3
101,111,273.8,5,3
101,124,271.3,5,3
101,125,276.6,5,3
101,6,277.8,5,4
101,7,273.6,5,4
101,22,272.4,5,4
101,23,277.5,5,4
101,38,276.6,5,4
101,39,273.9,5,4
101,54,276.9,5,4
101,55,277.2,5,4
101,70,276.3,5,4
101,71,276.0,5,4
101,84,274.4,5,4
101,85,270.0,5,4
101,98,273.9,5,4
101,99,273.1,5,4
101,112,271.3,5,4
101,113,272.6,5,4
101,126,272.5,5,4
101,127,269.8,5,4
101,8,70.6,5,5
101,9,85.8,5,5
101,24,85.0,5,5
101,25,82.0,5,5
101,40,73.5,5,5
101,41,67.6,5,5
101,56,69.9,5,5
101,57,75.6,5,5
101,72,69.0,5,5
101,73,64.4,5,5
101,86,67.3,5,5
101,87,70.9,5,5
101,100,60.3,5,5
101,101,0.0,5,5
101,114,76.5,5,5
101,115,61.8,5,5
101,128,62.6,5,5
101,129,75.0,5,5
101,10,271.4,5,1
101,11,270.4,5,1
101,26,270.6,5,1
101,27,268.8,5,1
101,42,264.6,5,1
101,43,268.5,5,1
101,58,273.0,5,1
101,59,268.9,5,1
101,74,269.0,5,1
101,75,269.7,5,1
101,88,272.6,5,1
101,89,278.2,5,1
101,102,268.4,5,1
101,103,276.8,5,1
101,116,277.0,5,1
101,117,268.2,5,1
101,130,273.8,5,1
101,131,269.3,5,1
101,136,270.6,5,1
101,137,270.8,5,1
101,12,79.5,5,6
101,13,81.1,5,6
101,28,84.1,5,6
101,29,77.2,5,6
101,44,82.1,5,6
101,45,99.4,5,6
101,60,91.2,5,6
101,61,90.8,5,6
101,76,93.2,5,6
101,77,87.7,5,6
101,90,86.4,5,6
101,91,91.1,5,6
101,104,84.7,5,6
101,105,82.7,5,6
101,118,88.7,5,6
101,119,72.6,5,6
101,132,87.0,5,6
101,133,82.5,5,6
101,138,74.8,5,6
101,139,84.2,5,6
101,14,83.7,5,7
101,15,76.8,5,7
101,30,82.1,5,7
101,31,68.4,5,7
101,46,76.5,5,7
101,47,82.0,5,7
101,62,78.2,5,7
101,63,84.8,5,7
101,78,77.5,5,7
101,79,75.3,5,7
101,92,81.4,5,7
101,93,72.2,5,7
101,106,79.3,5,7
101,107,74.7,5,7
101,120,91.5,5,7
101,121,86.2,5,7
101,134,83.3,5,7
101,135,83.8,5,7
101,140,80.9,5,7
101,141,81.5,5,7
114,144,88.0,5,9
114,145,93.5,5,9
114,146,83.0,5,10
114,147,87.8,5,10
114,142,86.3,5,8
114,143,75.4,5,8
114,0,81.4,5,0
114,1,80.2,5,0
114,16,81.5,5,0
114,17,85.5,5,0
114,32,80.1,5,0
114,33,89.0,5,0
114,48,83.0,5,0
114,49,89.5,5,0
114,64,82.3,5,0
114,65,81.8,5,0
114,2,263.0,5,2
114,3,260.4,5,2
114,18,265.9,5,2
114,19,262.4,5,2
114,34,266.1,5,2
114,35,267.9,5,2
114,50,269.5,5,2
114,51,261.1,5,2
114,66,266.0,5,2
114,67,270.4,5,2
114,80,268.5,5,2
114,81,262.7,5,2
114,94,270.6,5,2
114,95,268.5,5,2
114,108,273.1,5,2
114,109,271.1,5,2
114,122,271.5,5,2
114,123,273.7,5,2
114,4,269.4,5,3
114,5,277.2,5,3
114,20,275.5,5,3
114,21,270.4,5,3
114,36,278.9,5,3
114,37,278.9,5,3
114,52,268.7,5,3
114,53,280.4,5,3
114,68,271.4,5,3
114,69,275.9,5,3
114,82,281.0,5,3
114,83,265.2,5,3
114,96,271.4,5,3
114,97,267.7,5,3
114,110,271.0,5,3
114,111,270.5,5,3
114,124,270.3,5,3
114,125,275.0,5,3
114,6,276.4,5,4
114,7,270.4,5,4
114,22,270.6,5,4
114,23,276.1,5,4
114,38,275.4,5,4
114,39,270.8,5,4
114,54,276.7,5,4
114,55,275.8,5,4
114,70,275.3,5,4
114,71,275.2,5,4
114,84,272.4,5,4
114,85,265.3,5,4
114,98,272.1,5,4
114,99,270.9,5,4
114,112,268.1,5,4
114,113,269.7,5,4
114,126,268.3,5,4
114,127,267.4,5,4
114,8,69.7,5,5
114,9,79.5,5,5
114,24,85.4,5,5
114,25,75.5,5,5
114,40,75.5,5,5
114,41,73.6,5,5
114,56,71.0,5,5
114,57,80.8,5,5
114,72,66.2,5,5
114,73,79.6,5,5
114,86,76.3,5,5
114,87,75.7,5,5
114,100,68.9,5,5
114,101,76.5,5,5
114,114,0.0,5,5
114,115,66.9,5,5
114,128,71.7,5,5
114,129,82.0,5,5
114,10,268.9,5,1
114,11,268.7,5,1
114,26,269.9,5,1
114,27,266.5,5,1
114,42,263.8,5,1
114,43,266.5,5,1
114,58,270.8,5,1
114,59,269.6,5,1
114,74,269.0,5,1
114,75,267.8,5,1
114,88,272.3,5,1
114,89,276.7,5,1
114,102,267.3,5,1
114,103,276.5,5,1
114,116,275.4,5,1
114,117,265.2,5,1
114,130,272.4,5,1
114,131,267.3,5,1
114,136,268.8,5,1
114,137,270.5,5,1
114,12,98.8,5,6
114,13,77.2,5,6
114,28,76.7,5,6
114,29,86.5,5,6
114,44,85.4,5,6
114,45,98.1,5,6
114,60,93.6,5,6
114,61,91.5,5,6
114,76,102.5,5,6
114,77,92.4,5,6
114,90,97.8,5,6
114,91,83.6,5,6
114,104,76.3,5,6
114,105,86.4,5,6
114,118,85.9,5,6
114,119,83.9,5,6
114,132,91.2,5,6
114,133,91.2,5,6
114,138,80.2,5,6
114,139,79.7,5,6
114,14,71.9,5,7
114,15,77.1,5,7
114,30,80.4,5,7
114,31,82.3,5,7
114,46,78.1,5,7
114,47,80.3,5,7
114,62,78.8,5,7
114,63,72.5,5,7
114,78,79.2,5,7
114,79,78.0,5,7
114,92,72.5,5,7
114,93,79.9,5,7
114,106,79.0,5,7
114,107,75.5,5,7
114,120,84.3,5,7
114,121,81.3,5,7
114,134,87.5,5,7
114,135,80.3,5,7
114,140,89.8,5,7
114,141,83.1,5,7
115,144,88.1,5,9
115,145,86.7,5,9
115,146,76.1,5,10
115,147,85.3,5,10
115,142,83.0,5,8
115,143,77.6,5,8
115,0,67.9,5,0
115,1,75.5,5,0
115,16,72.4,5,0
115,17,81.3,5,0
115,32,77.8,5,0
115,33,77.8,5,0
115,48,71.3,5,0
115,49,86.9,5,0
115,64,84.5,5,0
115,65,81.2,5,0
115,2,263.9,5,2
115,3,261.8,5,2
115,18,266.7,5,2
115,19,264.2,5,2
115,34,267.3,5,2
115,35,268.7,5,2
115,50,269.8,5,2
115,51,263.7,5,2
115,66,265.6,5,2
115,67,270.7,5,2
115,80,270.0,5,2
115,81,265.8,5,2
115,94,271.1,5,2
115,95,269.2,5,2
115,108,273.3,5,2
115,109,272.8,5,2
115,122,271.8,5,2
115,123,274.3,5,2
115,4,270.4,5,3
115,5,277.3,5,3
115,20,275.5,5,3
115,21,270.5,5,3
115,36,279.7,5,3
115,37,278.6,5,3
115,52,268.8,5,3
115,53,280.1,5,3
115,68,272.8,5,3
115,69,276.5,5,3
115,82,280.6,5,3
115,83,266.1,5,3
115,96,271.6,5,3
115,97,268.4,5,3
115,110,270.7,5,3
115,111,272.2,5,3
115,124,270.7,5,3
115,125,274.7,5,3
115,6,276.2,5,4
115,7,272.0,5,4
115,22,270.6,5,4
115,23,276.3,5,4
115,38,275.6,5,4
115,39,272.9,5,4
115,54,277.0,5,4
115,55,276.4,5,4
115,70,275.9,5,4
115,71,275.8,5,4
115,84,273.2,5,4
115,85,267.8,5,4
115,98,272.8,5,4
115,99,272.0,5,4
115,112,269.8,5,4
115,113,271.7,5,4
115,126,270.4,5,4
115,127,268.7,5,4
115,8,65.8,5,5
115,9,63.2,5,5
115,24,83.5,5,5
115,25,72.6,5,5
115,40,72.4,5,5
115,41,65.4,5,5
115,56,64.3,5,5
115,57,74.4,5,5
115,72,65.7,5,5
115,73,68.1,5,5
115,86,67.0,5,5
115,87,63.4,5,5
115,100,58.5,5,5
115,101,61.8,5,5
115,114,66.9,5,5
115,115,0.0,5,5
115,128,67.5,5,5
115,129,73.1,5,5
115,10,269.4,5,1
115,11,269.8,5,1
115,26,269.2,5,1
115,27,267.8,5,1
115,42,263.9,5,1
115,43,268.2,5,1
115,58,271.2,5,1
115,59,269.6,5,1
115,74,269.1,5,1
115,75,269.1,5,1
115,88,272.1,5,1
115,89,277.1,5,1
115,102,267.8,5,1
115,103,276.2,5,1
115,116,275.2,5,1
115,117,267.4,5,1
115,130,272.9,5,1
115,131,269.4,5,1
115,136,268.9,5,1
115,137,270.3,5,1
115,12,90.9,5,6
115,13,83.7,5,6
115,28,78.1,5,6
115,29,75.6,5,6
115,44,88.0,5,6
115,45,100.7,5,6
115,60,87.3,5,6
115,61,82.9,5,6
115,76,85.3,5,6
115,77,82.5,5,6
115,90,86.9,5,6
115,91,85.5,5,6
115,104,79.2,5,6
115,105,86.9,5,6
115,118,83.1,5,6
115,119,75.7,5,6
115,132,75.7,5,6
115,133,81.1,5,6
115,138,74.9,5,6
115,139,80.2,5,6
115,14,80.2,5,7
115,15,81.8,5,7
115,30,80.6,5,7
115,31,72.5,5,7
115,46,72.6,5,7
115,47,81.4,5,7
115,62,64.9,5,7
115,63,69.0,5,7
115,78,76.8,5,7
115,79,71.6,5,7
115,92,70.1,5,7
115,93,71.8,5,7
115,106,72.0,5,7
115,107,71.9,5,7
115,120,87.3,5,7
115,121,82.4,5,7
115,134,83.7,5,7
115,135,81.7,5,7
115,140,81.3,5,7
115,141,77.4,5,7
128,144,86.5,5,9
128,145,92.0,5,9
128,146,76.5,5,10
128,147,84.0,5,10
128,142,80.2,5,8
128,143,81.7,5,8
128,0,73.2,5,0
128,1,74.6,5,0
128,16,78.2,5,0
128,17,71.9,5,0
128,32,76.9,5,0
128,33,80.0,5,0
128,48,75.1,5,0
128,49,78.8,5,0
128,64,78.4,5,0
128,65,80.1,5,0
128,2,262.5,5,2
128,3,260.4,5,2
128,18,265.1,5,2
128,19,262.9,5,2
128,34,265.9,5,2
128,35,268.0,5,2
128,50,269.0,5,2
128,51,264.6,5,2
128,66,265.7,5,2
128,67,270.6,5,2
128,80,268.8,5,2
128,81,265.2,5,2
128,94,270.2,5,2
128,95,268.9,5,2
128,108,272.5,5,2
128,109,272.5,5,2
128,122,271.1,5,2
128,123,273.2,5,2
128,4,270.6,5,3
128,5,276.3,5,3
128,20,275.7,5,3
128,21,269.8,5,3
128,36,278.7,5,3
128,37,278.8,5,3
128,52,269.4,5,3
128,53,279.8,5,3
128,68,271.7,5,3
128,69,275.4,5,3
128,82,280.2,5,3
128,83,266.2,5,3
128,96,270.8,5,3
128,97,267.9,5,3
128,110,270.8,5,3
128,111,271.9,5,3
128,124,270.3,5,3
128,125,274.1,5,3
128,6,276.0,5,4
128,7,271.1,5,4
128,22,270.6,5,4
128,23,275.6,5,4
128,38,275.2,5,4
128,39,272.2,5,4
128,54,275.7,5,4
128,55,275.4,5,4
128,70,274.7,5,4
128,71,275.4,5,4
128,84,273.0,5,4
128,85,267.6,5,4
128,98,271.4,5,4
128,99,270.2,5,4
128,112,269.4,5,4
128,113,269.8,5,4
128,126,269.8,5,4
128,127,267.6,5,4
128,8,66.6,5,5
128,9,76.5,5,5
128,24,85.3,5,5
128,25,77.3,5,5
128,40,68.4,5,5
128,41,69.3,5,5
128,56,70.7,5,5
128,57,80.0,5,5
128,72,67.9,5,5
128,73,72.4,5,5
128,86,71.6,5,5
128,87,71.2,5,5
128,100,64.9,5,5
128,101,62.6,5,5
128,114,71.7,5,5
128,115,67.5,5,5
128,128,0.0,5,5
128,129,58.7,5,5
128,10,268.6,5,1
128,11,268.1,5,1
128,26,268.7,5,1
128,27,267.0,5,1
128,42,262.4,5,1
128,43,266.5,5,1
128,58,270.5,5,1
128,59,269.0,5,1
128,74,268.5,5,1
128,75,267.9,5,1
128,88,270.9,5,1
128,89,275.8,5,1
128,102,267.5,5,1
128,103,275.2,5,1
128,116,274.3,5,1
128,117,266.0,5,1
128,130,271.6,5,1
128,131,268.2,5,1
128,136,268.3,5,1
128,137,269.8,5,1
128,12,83.8,5,6
128,13,65.5,5,6
128,28,76.8,5,6
128,29,75.1,5,6
128,44,76.8,5,6
128,45,98.8,5,6
128,60,87.4,5,6
128,61,87.4,5,6
128,76,97.7,5,6
128,77,81.3,5,6
128,90,86.2,5,6
128,91,84.3,5,6
128,104,83.3,5,6
128,105,83.1,5,6
128,118,83.8,5,6
128,119,79.2,5,6
128,132,87.1,5,6
128,133,83.9,5,6
128,138,77.0,5,6
128,139,77.8,5,6
128,14,78.1,5,7
128,15,73.7,5,7
128,30,78.5,5,7
128,31,72.4,5,7
128,46,71.5,5,7
128,47,76.5,5,7
128,62,67.7,5,7
128,63,76.4,5,7
128,78,74.4,5,7
128,79,71.8,5,7
128,92,73.1,5,7
128,93,71.4,5,7
128,106,75.2,5,7
128,107,73.0,5,7
128,120,82.8,5,7
128,121,75.1,5,7
128,134,81.7,5,7
128,135,74.5,5,7
128,140,81.1,5,7
128,141,77.4,5,7
129,144,93.4,5,9
129,145,89.4,5,9
129,146,77.0,5,10
129,147,87.5,5,10
129,142,89.3,5,8
129,143,87.2,5,8
129,0,80.1,5,0
129,1,78.8,5,0
129,16,82.0,5,0
129,17,79.5,5,0
129,32,77.4,5,0
129,33,83.1,5,0
129,48,83.8,5,0
129,49,77.3,5,0
129,64,78.6,5,0
129,65,81.3,5,0
129,2,260.2,5,2
129,3,257.7,5,2
129,18,262.4,5,2
129,19,260.5,5,2
129,34,262.9,5,2
129,35,266.3,5,2
129,50,266.7,5,2
129,51,263.1,5,2
129,66,263.8,5,2
129,67,269.5,5,2
129,80,267.2,5,2
129,81,262.2,5,2
129,94,267.8,5,2
129,95,267.7,5,2
129,108,270.7,5,2
129,109,271.7,5,2
129,122,269.8,5,2
129,123,271.7,5,2
129,4,268.0,5,3
129,5,275.1,5,3
129,20,274.2,5,3
129,21,266.8,5,3
129,36,277.5,5,3
129,37,276.2,5,3
129,52,266.3,5,3
129,53,278.0,5,3
129,68,269.9,5,3
129,69,274.8,5,3
129,82,277.4,5,3
129,83,263.2,5,3
129,96,268.2,5,3
129,97,265.3,5,3
129,110,269.1,5,3
129,111,269.5,5,3
129,124,268.1,5,3
129,125,272.3,5,3
129,6,273.1,5,4
129,7,269.2,5,4
129,22,267.3,5,4
129,23,272.5,5,4
129,38,272.1,5,4
129,39,270.0,5,4
129,54,272.3,5,4
129,55,274.4,5,4
129,70,272.1,5,4
129,71,271.8,5,4
129,84,270.8,5,4
129,85,264.2,5,4
129,98,268.8,5,4
129,99,267.8,5,4
129,112,267.9,5,4
129,113,265.4,5,4
129,126,268.6,5,4
129,127,264.7,5,4
129,8,73.9,5,5
129,9,69.1,5,5
129,24,85.5,5,5
129,25,77.2,5,5
129,40,75.6,5,5
129,41,79.7,5,5
129,56,77.6,5,5
129,57,88.0,5,5
129,72,69.9,5,5
129,73,81.1,5,5
129,86,85.2,5,5
129,87,79.7,5,5
129,100,69.9,5,5
129,101,75.0,5,5
129,114,82.0,5,5
129,115,73.1,5,5
129,128,58.7,5,5
129,129,0.0,5,5
129,10,266.9,5,1
129,11,265.6,5,1
129,26,266.5,5,1
129,27,265.5,5,1
129,42,260.2,5,1
129,43,264.4,5,1
129,58,268.3,5,1
129,59,266.6,5,1
129,74,265.3,5,1
129,75,266.3,5,1
129,88,269.5,5,1
129,89,274.1,5,1
129,102,265.1,5,1
129,103,274.2,5,1
129,116,270.9,5,1
129,117,264.1,5,1
129,130,269.4,5,1
129,131,266.6,5,1
129,136,265.7,5,1
129,137,267.4,5,1
129,12,86.7,5,6
129,13,80.8,5,6
129,28,84.8,5,6
129,29,73.2,5,6
129,44,82.7,5,6
129,45,98.5,5,6
129,60,77.5,5,6
129,61,82.3,5,6
129,76,88.5,5,6
129,77,84.4,5,6
129,90,86.6,5,6
129,91,84.8,5,6
129,104,84.4,5,6
129,105,88.4,5,6
129,118,85.6,5,6
129,119,80.1,5,6
129,132,85.7,5,6
129,133,77.2,5,6
129,138,81.4,5,6
129,139,72.4,5,6
129,14,81.1,5,7
129,15,77.4,5,7
129,30,76.8,5,7
129,31,73.2,5,7
129,46,72.9,5,7
129,47,83.3,5,7
129,62,79.0,5,7
129,63,83.0,5,7
129,78,82.4,5,7
129,79,69.2,5,7
129,92,81.3,5,7
129,93,71.8,5,7
129,106,77.7,5,7
129,107,82.2,5,7
129,120,84.6,5,7
129,121,82.6,5,7
129,134,91.3,5,7
129,135,88.4,5,7
129,140,82.7,5,7
129,141,83.8,5,7
10,144,269.4,1,9
10,145,261.9,1,9
10,146,270.9,1,10
10,147,268.7,1,10
10,142,271.3,1,8
10,143,269.7,1,8
10,0,267.9,1,0
10,1,272.5,1,0
10,16,274.0,1,0
10,17,269.1,1,0
10,32,270.1,1,0
10,33,271.9,1,0
10,48,278.4,1,0
10,49,270.9,1,0
10,64,264.3,1,0
10,65,263.1,1,0
10,2,83.5,1,2
10,3,79.6,1,2
10,18,75.6,1,2
10,19,75.2,1,2
10,34,81.7,1,2
10,35,77.9,1,2
10,50,77.4,1,2
10,51,97.9,1,2
10,66,79.5,1,2
10,67,81.7,1,2
10,80,80.1,1,2
10,81,98.2,1,2
10,94,80.2,1,2
10,95,78.6,1,2
10,108,82.4,1,2
10,109,80.8,1,2
10,122,76.8,1,2
10,123,74.3,1,2
10,4,87.9,1,3
10,5,72.1,1,3
10,20,74.9,1,3
10,21,84.2,1,3
10,36,74.4,1,3
10,37,82.9,1,3
10,52,99.0,1,3
10,53,82.4,1,3
10,68,84.7,1,3
10,69,74.0,1,3
10,82,79.3,1,3
10,83,84.3,1,3
10,96,89.1,1,3
10,97,79.7,1,3
10,110,76.1,1,3
10,111,85.5,1,3
10,124,84.4,1,3
10,125,71.0,1,3
10,6,78.8,1,4
10,7,77.5,1,4
10,22,79.6,1,4
10,23,76.1,1,4
10,38,76.1,1,4
10,39,77.8,1,4
10,54,80.8,1,4
10,55,75.2,1,4
10,70,75.2,1,4
10,71,85.1,1,4
10,84,76.7,1,4
10,85,93.1,1,4
10,98,73.3,1,4
10,99,74.1,1,4
10,112,81.9,1,4
10,113,80.4,1,4
10,126,76.2,1,4
10,127,86.0,1,4
10,8,266.2,1,5
10,9,264.0,1,5
10,24,266.1,1,5
10,25,266.4,1,5
10,40,270.4,1,5
10,41,267.2,1,5
10,56,272.5,1,5
10,57,269.6,1,5
10,72,266.8,1,5
10,73,269.3,1,5
10,86,269.9,1,5
10,87,271.2,1,5
10,100,272.3,1,5
10,101,271.4,1,5
10,114,268.9,1,5
10,115,269.4,1,5
10,128,268.6,1,5
10,129,266.9,1,5
10,10,0.0,1,1
10,11,65.9,1,1
10,26,69.9,1,1
10,27,66.0,1,1
10,42,71.2,1,1
10,43,81.5,1,1
10,58,74.3,1,1
10,59,76.7,1,1
10,74,77.3,1,1
10,75,78.2,1,1
10,88,82.4,1,1
10,89,68.6,1,1
10,102,76.6,1,1
10,103,72.8,1,1
10,116,60.8,1,1
10,117,74.6,1,1
10,130,70.3,1,1
10,131,79.3,1,1
10,136,72.8,1,1
10,137,69.4,1,1
10,12,262.9,1,6
10,13,264.5,1,6
10,28,262.2,1,6
10,29,268.0,1,6
10,44,261.1,1,6
10,45,258.8,1,6
10,60,266.7,1,6
10,61,266.4,1,6
10,76,265.4,1,6
10,77,263.0,1,6
10,90,267.8,1,6
10,91,265.6,1,6
10,104,268.1,1,6
10,105,265.7,1,6
10,118,264.4,1,6
10,119,271.1,1,6
10,132,267.6,1,6
10,133,269.2,1,6
10,138,268.6,1,6
10,139,269.9,1,6
10,14,270.4,1,7
10,15,269.3,1,7
10,30,273.4,1,7
10,31,272.9,1,7
10,46,272.2,1,7
10,47,268.2,1,7
10,62,273.7,1,7
10,63,269.4,1,7
10,78,271.9,1,7
10,79,272.1,1,7
10,92,269.1,1,7
10,93,268.1,1,7
10,106,274.0,1,7
10,107,271.7,1,7
10,120,267.4,1,7
10,121,270.7,1,7
10,134,268.1,1,7
10,135,269.3,1,7
10,140,268.9,1,7
10,141,266.6,1,7
11,144,267.7,1,9
11,145,261.1,1,9
11,146,270.3,1,10
11,147,268.5,1,10
11,142,271.4,1,8
11,143,270.0,1,8
11,0,267.2,1,0
11,1,272.8,1,0
11,16,274.3,1,0
11,17,267.6,1,0
11,32,269.5,1,0
11,33,270.7,1,0
11,48,278.3,1,0
11,49,270.1,1,0
11,64,264.3,1,0
11,65,262.4,1,0
11,2,86.6,1,2
11,3,86.4,1,2
11,18,72.3,1,2
11,19,74.2,1,2
11,34,78.3,1,2
11,35,76.7,1,2
11,50,78.3,1,2
11,51,100.4,1,2
11,66,80.8,1,2
11,67,82.9,1,2
11,80,75.0,1,2
11,81,95.5,1,2
11,94,76.2,1,2
11,95,78.4,1,2
11,108,82.2,1,2
11,109,86.8,1,2
11,122,81.4,1,2
11,123,78.3,1,2
11,4,91.3,1,3
11,5,70.2,1,3
11,20,80.0,1,3
11,21,84.0,1,3
11,36,81.7,1,3
11,37,73.0,1,3
11,52,95.0,1,3
11,53,82.1,1,3
11,68,87.0,1,3
11,69,79.7,1,3
11,82,78.8,1,3
11,83,86.6,1,3
11,96,88.6,1,3
11,97,75.8,1,3
11,110,80.4,1,3
11,111,88.4,1,3
11,124,79.0,1,3
11,125,76.3,1,3
11,6,72.0,1,4
11,7,80.2,1,4
11,22,84.1,1,4
11,23,77.9,1,4
11,38,70.3,1,4
11,39,78.6,1,4
11,54,72.0,1,4
11,55,80.2,1,4
11,70,79.0,1,4
11,71,83.6,1,4
11,84,79.5,1,4
11,85,93.4,1,4
11,98,67.3,1,4
11,99,70.5,1,4
11,112,84.2,1,4
11,113,76.5,1,4
11,126,81.0,1,4
11,127,73.6,1,4
11,8,266.7,1,5
11,9,264.9,1,5
11,24,265.9,1,5
11,25,265.4,1,5
11,40,269.6,1,5
11,41,266.0,1,5
11,56,272.1,1,5
11,57,269.5,1,5
11,72,265.4,1,5
11,73,268.2,1,5
11,86,268.4,1,5
11,87,270.4,1,5
11,100,270.2,1,5
11,101,270.4,1,5
11,114,268.7,1,5
11,115,269.8,1,5
11,128,268.1,1,5
11,129,265.6,1,5
11,10,65.9,1,1
11,11,0.0,1,1
11,26,66.0,1,1
11,27,72.9,1,1
11,42,68.4,1,1
11,43,78.6,1,1
11,58,81.3,1,1
11,59,79.2,1,1
11,74,73.4,1,1
11,75,79.5,1,1
11,88,77.0,1,1
11,89,64.3,1,1
11,102,75.1,1,1
11,103,68.9,1,1
11,116,65.8,1,1
11,117,82.3,1,1
11,130,81.3,1,1
11,131,79.0,1,1
11,136,77.1,1,1
11,137,71.8,1,1
11,12,260.1,1,6
11,13,264.3,1,6
11,28,262.2,1,6
11,29,268.0,1,6
11,44,260.7,1,6
11,45,258.4,1,6
11,60,265.6,1,6
11,61,267.1,1,6
11,76,264.8,1,6
11,77,261.9,1,6
11,90,267.9,1,6
11,91,264.2,1,6
11,104,268.4,1,6
11,105,265.0,1,6
11,118,264.2,1,6
11,119,271.7,1,6
11,132,265.9,1,6
11,133,268.2,1,6
11,138,268.4,1,6
11,139,270.0,1,6
11,14,270.4,1,7
11,15,268.9,1,7
11,30,272.5,1,7
11,31,272.3,1,7
11,46,272.9,1,7
11,47,267.9,1,7
11,62,273.8,1,7
11,63,268.8,1,7
11,78,270.6,1,7
11,79,271.6,1,7
11,92,268.9,1,7
11,93,267.2,1,7
11,106,272.7,1,7
11,107,271.7,1,7
11,120,265.9,1,7
11,121,270.0,1,7
11,134,267.2,1,7
11,135,269.0,1,7
11,140,266.4,1,7
11,141,265.2,1,7
26,144,269.3,1,9
26,145,261.3,1,9
26,146,271.3,1,10
26,147,268.0,1,10
26,142,271.3,1,8
26,143,269.7,1,8
26,0,267.1,1,0
26,1,272.4,1,0
26,16,272.5,1,0
26,17,267.6,1,0
26,32,269.4,1,0
26,33,270.3,1,0
26,48,278.5,1,0
26,49,269.5,1,0
26,64,263.6,1,0
26,65,262.7,1,0
26,2,86.3,1,2
26,3,88.2,1,2
26,18,73.2,1,2
26,19,81.8,1,2
26,34,86.9,1,2
26,35,78.0,1,2
26,50,78.7,1,2
26,51,98.6,1,2
26,66,75.1,1,2
26,67,81.0,1,2
26,80,76.1,1,2
26,81,98.8,1,2
26,94,78.6,1,2
26,95,78.4,1,2
26,108,83.1,1,2
26,109,89.2,1,2
26,122,80.7,1,2
26,123,79.8,1,2
26,4,92.1,1,3
26,5,76.3,1,3
26,20,82.8,1,3
26,21,85.4,1,3
26,36,84.2,1,3
26,37,80.5,1,3
26,52,93.7,1,3
26,53,76.3,1,3
26,68,84.6,1,3
26,69,74.0,1,3
26,82,66.6,1,3
26,83,90.0,1,3
26,96,87.8,1,3
26,97,83.3,1,3
26,110,84.3,1,3
26,111,95.2,1,3
26,124,88.8,1,3
26,125,73.6,1,3
26,6,74.8,1,4
26,7,77.1,1,4
26,22,70.0,1,4
26,23,67.8,1,4
26,38,73.2,1,4
26,39,84.9,1,4
26,54,61.9,1,4
26,55,81.3,1,4
26,70,69.1,1,4
26,71,76.9,1,4
26,84,84.7,1,4
26,85,98.8,1,4
26,98,79.8,1,4
26,99,79.5,1,4
26,112,90.2,1,4
26,113,82.4,1,4
26,126,86.4,1,4
26,127,83.6,1,4
26,8,268.0,1,5
26,9,265.6,1,5
26,24,265.7,1,5
26,25,267.7,1,5
26,40,271.1,1,5
26,41,266.1,1,5
26,56,272.5,1,5
26,57,270.1,1,5
26,72,267.0,1,5
26,73,268.0,1,5
26,86,269.0,1,5
26,87,269.5,1,5
26,100,272.5,1,5
26,101,270.6,1,5
26,114,269.9,1,5
26,115,269.2,1,5
26,128,268.7,1,5
26,129,266.5,1,5
26,10,69.9,1,1
26,11,66.0,1,1
26,26,0.0,1,1
26,27,73.1,1,1
26,42,62.3,1,1
26,43,83.4,1,1
26,58,81.3,1,1
26,59,76.7,1,1
26,74,78.8,1,1
26,75,78.8,1,1
26,88,76.9,1,1
26,89,72.2,1,1
26,102,77.8,1,1
26,103,68.7,1,1
26,116,73.8,1,1
26,117,83.9,1,1
26,130,75.1,1,1
26,131,83.2,1,1
26,136,76.5,1,1
26,137,67.6,1,1
26,12,259.4,1,6
26,13,264.6,1,6
26,28,263.1,1,6
26,29,267.9,1,6
26,44,260.6,1,6
26,45,258.3,1,6
26,60,264.8,1,6
26,61,266.8,1,6
26,76,263.5,1,6
26,77,261.9,1,6
26,90,265.9,1,6
26,91,264.6,1,6
26,104,268.1,1,6
26,105,264.2,1,6
26,118,263.7,1,6
26,119,271.3,1,6
26,132,265.6,1,6
26,133,266.8,1,6
26,138,267.4,1,6
26,139,269.9,1,6
26,14,269.9,1,7
26,15,269.3,1,7
26,30,272.6,1,7
26,31,272.8,1,7
26,46,273.4,1,7
26,47,266.9,1,7
26,62,273.8,1,7
26,63,269.6,1,7
26,78,272.3,1,7
26,79,272.5,1,7
26,92,268.9,1,7
26,93,266.7,1,7
26,106,274.2,1,7
26,107,272.4,1,7
26,120,267.2,1,7
26,121,271.8,1,7
26,134,267.1,1,7
26,135,269.5,1,7
26,140,267.8,1,7
26,141,265.6,1,7
27,144,267.2,1,9
27,145,258.1,1,9
27,146,269.9,1,10
27,147,265.9,1,10
27,142,268.9,1,8
27,143,266.9,1,8
27,0,266.0,1,0
27,1,271.6,1,0
27,16,271.1,1,0
27,17,266.5,1,0
27,32,267.6,1,0
27,33,270.7,1,0
27,48,276.3,1,0
27,49,269.8,1,0
27,64,261.7,1,0
27,65,260.9,1,0
27,2,84.1,1,2
27,3,82.5,1,2
27,18,86.0,1,2
27,19,83.1,1,2
27,34,93.9,1,2
27,35,85.1,1,2
27,50,82.8,1,2
27,51,86.8,1,2
27,66,84.4,1,2
27,67,79.6,1,2
27,80,94.8,1,2
27,81,101.3,1,2
27,94,90.7,1,2
27,95,82.5,1,2
27,108,82.6,1,2
27,109,74.0,1,2
27,122,84.9,1,2
27,123,84.0,1,2
27,4,84.7,1,3
27,5,81.0,1,3
27,20,80.0,1,3
27,21,82.3,1,3
27,36,93.4,1,3
27,37,90.5,1,3
27,52,87.4,1,3
27,53,83.8,1,3
27,68,83.5,1,3
27,69,76.6,1,3
27,82,85.0,1,3
27,83,88.1,1,3
27,96,92.2,1,3
27,97,80.6,1,3
27,110,89.5,1,3
27,111,84.5,1,3
27,124,87.6,1,3
27,125,82.9,1,3
27,6,89.4,1,4
27,7,80.8,1,4
27,22,84.2,1,4
27,23,82.0,1,4
27,38,81.4,1,4
27,39,74.6,1,4
27,54,87.6,1,4
27,55,70.0,1,4
27,70,85.4,1,4
27,71,81.2,1,4
27,84,91.5,1,4
27,85,81.2,1,4
27,98,83.1,1,4
27,99,78.8,1,4
27,112,78.9,1,4
27,113,84.2,1,4
27,126,73.1,1,4
27,127,82.9,1,4
27,8,265.9,1,5
27,9,263.2,1,5
27,24,261.3,1,5
27,25,265.8,1,5
27,40,269.2,1,5
27,41,264.7,1,5
27,56,271.5,1,5
27,57,268.0,1,5
27,72,264.9,1,5
27,73,267.3,1,5
27,86,267.7,1,5
27,87,268.2,1,5
27,100,271.8,1,5
27,101,268.8,1,5
27,114,266.5,1,5
27,115,267.8,1,5
27,128,267.0,1,5
27,129,265.5,1,5
27,10,66.0,1,1
27,11,72.9,1,1
27,26,73.1,1,1
27,27,0.0,1,1
27,42,66.0,1,1
27,43,83.1,1,1
27,58,76.4,1,1
27,59,79.5,1,1
27,74,82.3,1,1
27,75,69.0,1,1
27,88,90.1,1,1
27,89,78.7,1,1
27,102,74.7,1,1
27,103,75.7,1,1
27,116,81.8,1,1
27,117,74.6,1,1
27,130,77.2,1,1
27,131,79.0,1,1
27,136,81.3,1,1
27,137,74.2,1,1
27,12,258.1,1,6
27,13,262.9,1,6
27,28,260.4,1,6
27,29,267.2,1,6
27,44,257.0,1,6
27,45,255.4,1,6
27,60,264.7,1,6
27,61,265.7,1,6
27,76,263.4,1,6
27,77,260.9,1,6
27,90,262.9,1,6
27,91,263.6,1,6
27,104,264.3,1,6
27,105,261.6,1,6
27,118,261.6,1,6
27,119,269.3,1,6
27,132,263.4,1,6
27,133,265.7,1,6
27,138,265.2,1,6
27,139,267.5,1,6
27,14,268.7,1,7
27,15,268.0,1,7
27,30,272.6,1,7
27,31,271.6,1,7
27,46,271.7,1,7
27,47,266.1,1,7
27,62,272.7,1,7
27,63,267.8,1,7
27,78,270.1,1,7
27,79,270.6,1,7
27,92,267.9,1,7
27,93,265.7,1,7
27,106,273.1,1,7
27,107,269.5,1,7
27,120,264.8,1,7
27,121,270.6,1,7
27,134,265.3,1,7
27,135,268.4,1,7
27,140,266.9,1,7
27,141,264.6,1,7
42,144,263.3,1,9
42,145,254.0,1,9
42,146,266.0,1,10
42,147,262.1,1,10
42,142,265.7,1,8
42,143,263.5,1,8
42,0,260.3,1,0
42,1,267.2,1,0
42,16,267.7,1,0
42,17,261.6,1,0
42,32,262.0,1,0
42,33,265.6,1,0
42,48,272.4,1,0
42,49,264.2,1,0
42,64,257.3,1,0
42,65,255.9,1,0
42,2,81.7,1,2
42,3,80.6,1,2
42,18,74.3,1,2
42,19,81.1,1,2
42,34,86.1,1,2
42,35,84.9,1,2
42,50,75.4,1,2
42,51,93.8,1,2
42,66,78.7,1,2
42,67,85.1,1,2
42,80,88.9,1,2
42,81,94.8,1,2
42,94,79.1,1,2
42,95,82.6,1,2
42,108,88.4,1,2
42,109,86.9,1,2
42,122,85.8,1,2
42,123,83.1,1,2
42,4,89.6,1,3
42,5,80.1,1,3
42,20,87.7,1,3
42,21,83.3,1,3
42,36,95.7,1,3
42,37,89.8,1,3
42,52,92.7,1,3
42,53,86.8,1,3
42,68,80.7,1,3
42,69,81.7,1,3
42,82,84.6,1,3
42,83,90.3,1,3
42,96,81.6,1,3
42,97,82.7,1,3
42,110,87.2,1,3
42,111,91.6,1,3
42,124,87.9,1,3
42,125,83.5,1,3
42,6,84.1,1,4
42,7,78.1,1,4
42,22,75.8,1,4
42,23,78.7,1,4
42,38,76.0,1,4
42,39,75.5,1,4
42,54,77.8,1,4
42,55,74.7,1,4
42,70,75.0,1,4
42,71,82.8,1,4
42,84,89.9,1,4
42,85,81.4,1,4
42,98,83.3,1,4
42,99,80.7,1,4
42,112,86.9,1,4
42,113,77.6,1,4
42,126,82.0,1,4
42,127,78.8,1,4
42,8,262.3,1,5
42,9,260.3,1,5
42,24,259.2,1,5
42,25,262.2,1,5
42,40,265.5,1,5
42,41,261.0,1,5
42,56,267.7,1,5
42,57,265.2,1,5
42,72,261.2,1,5
42,73,262.6,1,5
42,86,263.7,1,5
42,87,265.3,1,5
42,100,267.4,1,5
42,101,264.6,1,5
42,114,263.8,1,5
42,115,263.9,1,5
42,128,262.4,1,5
42,129,260.2,1,5
42,10,71.2,1,1
42,11,68.4,1,1
42,26,62.3,1,1
42,27,66.0,1,1
42,42,0.0,1,1
42,43,78.5,1,1
42,58,85.9,1,1
42,59,80.5,1,1
42,74,78.3,1,1
42,75,73.2,1,1
42,88,79.0,1,1
42,89,78.5,1,1
42,102,77.5,1,1
42,103,75.6,1,1
42,116,80.2,1,1
42,117,74.6,1,1
42,130,74.5,1,1
42,131,74.5,1,1
42,136,77.6,1,1
42,137,69.6,1,1
42,12,251.8,1,6
42,13,257.5,1,6
42,28,256.3,1,6
42,29,261.9,1,6
42,44,253.3,1,6
42,45,250.4,1,6
42,60,259.5,1,6
42,61,261.2,1,6
42,76,258.2,1,6
42,77,256.7,1,6
42,90,259.9,1,6
42,91,258.7,1,6
42,104,261.1,1,6
42,105,257.1,1,6
42,118,256.7,1,6
42,119,265.3,1,6
42,132,260.2,1,6
42,133,262.3,1,6
42,138,261.9,1,6
42,139,263.7,1,6
42,14,264.5,1,7
42,15,262.8,1,7
42,30,266.8,1,7
42,31,267.4,1,7
42,46,267.3,1,7
42,47,261.3,1,7
42,62,268.7,1,7
42,63,264.0,1,7
42,78,266.6,1,7
42,79,267.1,1,7
42,92,263.4,1,7
42,93,261.6,1,7
42,106,268.7,1,7
42,107,266.2,1,7
42,120,258.9,1,7
42,121,265.9,1,7
42,134,261.0,1,7
42,135,263.2,1,7
42,140,262.7,1,7
42,141,260.0,1,7
43,144,262.9,1,9
43,145,257.6,1,9
43,146,268.3,1,10
43,147,264.3,1,10
43,142,268.2,1,8
43,143,267.3,1,8
43,0,264.0,1,0
43,1,270.2,1,0
43,16,271.8,1,0
43,17,265.1,1,0
43,32,265.3,1,0
43,33,268.2,1,0
43,48,276.8,1,0
43,49,267.2,1,0
43,64,260.6,1,0
43,65,259.1,1,0
43,2,83.1,1,2
43,3,89.6,1,2
43,18,82.1,1,2
43,19,76.0,1,2
43,34,86.6,1,2
43,35,85.9,1,2
43,50,85.3,1,2
43,51,98.5,1,2
43,66,87.8,1,2
43,67,84.5,1,2
43,80,90.5,1,2
43,81,89.5,1,2
43,94,90.0,1,2
43,95,82.5,1,2
43,108,85.3,1,2
43,109,86.5,1,2
43,122,84.0,1,2
43,123,82.2,1,2
43,4,88.1,1,3
43,5,85.1,1,3
43,20,88.1,1,3
43,21,88.1,1,3
43,36,93.4,1,3
43,37,85.0,1,3
43,52,98.7,1,3
43,53,91.0,1,3
43,68,81.2,1,3
43,69,86.5,1,3
43,82,89.3,1,3
43,83,89.2,1,3
43,96,87.2,1,3
43,97,72.8,1,3
43,110,82.6,1,3
43,111,89.9,1,3
43,124,78.1,1,3
43,125,84.8,1,3
43,6,80.2,1,4
43,7,77.7,1,4
43,22,84.7,1,4
43,23,80.8,1,4
43,38,80.2,1,4
43,39,81.7,1,4
43,54,83.7,1,4
43,55,83.5,1,4
43,70,78.0,1,4
43,71,84.7,1,4
43,84,82.8,1,4
43,85,91.1,1,4
43,98,80.6,1,4
43,99,72.0,1,4
43,112,82.5,1,4
43,113,74.4,1,4
43,126,87.2,1,4
43,127,83.5,1,4
43,8,264.8,1,5
43,9,263.4,1,5
43,24,263.4,1,5
43,25,263.5,1,5
43,40,268.2,1,5
43,41,263.7,1,5
43,56,270.2,1,5
43,57,265.9,1,5
43,72,264.1,1,5
43,73,267.1,1,5
43,86,266.4,1,5
43,87,268.6,1,5
43,100,269.9,1,5
43,101,268.5,1,5
43,114,266.5,1,5
43,115,268.2,1,5
43,128,266.5,1,5
43,129,264.4,1,5
43,10,81.5,1,1
43,11,78.6,1,1
43,26,83.4,1,1
43,27,83.1,1,1
43,42,78.5,1,1
43,43,0.0,1,1
43,58,76.2,1,1
43,59,64.3,1,1
43,74,63.8,1,1
43,75,63.4,1,1
43,88,72.0,1,1
43,89,72.8,1,1
43,102,74.0,1,1
43,103,73.3,1,1
43,116,80.0,1,1
43,117,68.8,1,1
43,130,74.3,1,1
43,131,71.9,1,1
43,136,79.4,1,1
43,137,75.5,1,1
43,12,256.7,1,6
43,13,259.8,1,6
43,28,257.9,1,6
43,29,265.8,1,6
43,44,257.4,1,6
43,45,253.8,1,6
43,60,263.5,1,6
43,61,264.0,1,6
43,76,262.3,1,6
43,77,260.5,1,6
43,90,265.8,1,6
43,91,261.4,1,6
43,104,266.0,1,6
43,105,260.5,1,6
43,118,260.9,1,6
43,119,269.5,1,6
43,132,264.6,1,6
43,133,266.5,1,6
43,138,264.5,1,6
43,139,267.2,1,6
43,14,266.7,1,7
43,15,265.8,1,7
43,30,269.5,1,7
43,31,270.0,1,7
43,46,271.0,1,7
43,47,264.6,1,7
43,62,271.2,1,7
43,63,267.4,1,7
43,78,268.1,1,7
43,79,270.4,1,7
43,92,266.6,1,7
43,93,264.4,1,7
43,106,270.5,1,7
43,107,269.5,1,7
43,120,261.2,1,7
43,121,267.1,1,7
43,134,263.9,1,7
43,135,265.7,1,7
43,140,263.1,1,7
43,141,263.9,1,7
58,144,269.4,1,9
58,145,262.1,1,9
58,146,271.6,1,10
58,147,268.3,1,10
58,142,270.0,1,8
58,143,270.8,1,8
58,0,269.1,1,0
58,1,274.0,1,0
58,16,274.7,1,0
58,17,270.2,1,0
58,32,271.4,1,0
58,33,272.4,1,0
58,48,280.0,1,0
58,49,271.5,1,0
58,64,265.7,1,0
58,65,263.6,1,0
58,2,92.7,1,2
58,3,82.0,1,2
58,18,85.4,1,2
58,19,85.0,1,2
58,34,85.6,1,2
58,35,86.8,1,2
58,50,85.9,1,2
58,51,99.6,1,2
58,66,87.2,1,2
58,67,84.2,1,2
58,80,83.0,1,2
58,81,102.6,1,2
58,94,87.4,1,2
58,95,84.8,1,2
58,108,79.7,1,2
58,109,89.9,1,2
58,122,83.0,1,2
58,123,82.4,1,2
58,4,90.6,1,3
58,5,78.5,1,3
58,20,78.8,1,3
58,21,81.5,1,3
58,36,82.6,1,3
58,37,87.5,1,3
58,52,91.3,1,3
58,53,85.1,1,3
58,68,89.0,1,3
58,69,78.2,1,3
58,82,85.4,1,3
58,83,78.8,1,3
58,96,89.7,1,3
58,97,85.3,1,3
58,110,86.9,1,3
58,111,92.2,1,3
58,124,88.7,1,3
58,125,79.6,1,3
58,6,79.3,1,4
58,7,77.8,1,4
58,22,82.6,1,4
58,23,81.5,1,4
58,38,81.9,1,4
58,39,86.5,1,4
58,54,83.0,1,4
58,55,79.3,1,4
58,70,85.0,1,4
58,71,84.6,1,4
58,84,84.0,1,4
58,85,92.5,1,4
58,98,71.6,1,4
58,99,72.3,1,4
58,112,75.6,1,4
58,113,85.3,1,4
58,126,77.9,1,4
58,127,83.8,1,4
58,8,268.4,1,5
58,9,264.3,1,5
58,24,265.9,1,5
58,25,266.2,1,5
58,40,271.3,1,5
58,41,267.9,1,5
58,56,274.1,1,5
58,57,269.6,1,5
58,72,267.6,1,5
58,73,271.2,1,5
58,86,270.5,1,5
58,87,271.2,1,5
58,100,274.0,1,5
58,101,273.0,1,5
58,114,270.8,1,5
58,115,271.2,1,5
58,128,270.5,1,5
58,129,268.3,1,5
58,10,74.3,1,1
58,11,81.3,1,1
58,26,81.3,1,1
58,27,76.4,1,1
58,42,85.9,1,1
58,43,76.2,1,1
58,58,0.0,1,1
58,59,72.6,1,1
58,74,73.7,1,1
58,75,74.8,1,1
58,88,79.8,1,1
58,89,71.2,1,1
58,102,70.4,1,1
58,103,70.0,1,1
58,116,69.2,1,1
58,117,80.1,1,1
58,130,77.4,1,1
58,131,84.2,1,1
58,136,79.2,1,1
58,137,73.9,1,1
58,12,263.5,1,6
58,13,266.0,1,6
58,28,264.4,1,6
58,29,269.6,1,6
58,44,261.8,1,6
58,45,259.4,1,6
58,60,268.2,1,6
58,61,268.4,1,6
58,76,267.6,1,6
58,77,264.1,1,6
58,90,267.7,1,6
58,91,267.2,1,6
58,104,269.7,1,6
58,105,266.6,1,6
58,118,265.4,1,6
58,119,273.3,1,6
58,132,267.9,1,6
58,133,269.2,1,6
58,138,269.6,1,6
58,139,271.5,1,6
58,14,272.3,1,7
58,15,272.0,1,7
58,30,275.2,1,7
58,31,273.7,1,7
58,46,274.1,1,7
58,47,269.8,1,7
58,62,275.2,1,7
58,63,270.6,1,7
58,78,272.0,1,7
58,79,273.2,1,7
58,92,270.0,1,7
58,93,269.0,1,7
58,106,275.8,1,7
58,107,273.5,1,7
58,120,268.0,1,7
58,121,272.4,1,7
58,134,269.5,1,7
58,135,272.4,1,7
58,140,269.3,1,7
58,141,267.8,1,7
59,144,267.0,1,9
59,145,258.8,1,9
59,146,270.8,1,10
59,147,267.5,1,10
59,142,269.9,1,8
59,143,269.5,1,8
59,0,267.1,1,0
59,1,272.4,1,0
59,16,272.9,1,0
59,17,267.6,1,0
59,32,269.0,1,0
59,33,270.8,1,0
59,48,277.9,1,0
59,49,269.8,1,0
59,64,263.7,1,0
59,65,260.9,1,0
59,2,76.6,1,2
59,3,89.0,1,2
59,18,78.0,1,2
59,19,81.4,1,2
59,34,87.4,1,2
59,35,84.6,1,2
59,50,80.7,1,2
59,51,102.8,1,2
59,66,81.4,1,2
59,67,71.6,1,2
59,80,88.7,1,2
59,81,88.3,1,2
59,94,86.2,1,2
59,95,78.9,1,2
59,108,82.0,1,2
59,109,85.1,1,2
59,122,76.4,1,2
59,123,79.5,1,2
59,4,77.5,1,3
59,5,79.2,1,3
59,20,81.1,1,3
59,21,83.9,1,3
59,36,85.7,1,3
59,37,83.4,1,3
59,52,90.1,1,3
59,53,79.5,1,3
59,68,78.7,1,3
59,69,79.8,1,3
59,82,78.3,1,3
59,83,84.8,1,3
59,96,81.7,1,3
59,97,71.5,1,3
59,110,80.4,1,3
59,111,87.3,1,3
59,124,76.5,1,3
59,125,76.0,1,3
59,6,75.8,1,4
59,7,76.9,1,4
59,22,74.6,1,4
59,23,77.5,1,4
59,38,72.0,1,4
59,39,86.8,1,4
59,54,75.3,1,4
59,55,81.0,1,4
59,70,74.5,1,4
59,71,78.0,1,4
59,84,83.4,1,4
59,85,90.5,1,4
59,98,80.3,1,4
59,99,69.7,1,4
59,112,77.9,1,4
59,113,74.3,1,4
59,126,87.1,1,4
59,127,85.6,1,4
59,8,267.1,1,5
59,9,265.5,1,5
59,24,264.2,1,5
59,25,266.4,1,5
59,40,270.3,1,5
59,41,266.6,1,5
59,56,271.2,1,5
59,57,268.0,1,5
59,72,266.3,1,5
59,73,268.7,1,5
59,86,268.8,1,5
59,87,270.7,1,5
59,100,272.2,1,5
59,101,268.9,1,5
59,114,269.6,1,5
59,115,269.6,1,5
59,128,269.0,1,5
59,129,266.6,1,5
59,10,76.7,1,1
59,11,79.2,1,1
59,26,76.7,1,1
59,27,79.5,1,1
59,42,80.5,1,1
59,43,64.3,1,1
59,58,72.6,1,1
59,59,0.0,1,1
59,74,62.9,1,1
59,75,66.7,1,1
59,88,68.7,1,1
59,89,70.3,1,1
59,102,70.9,1,1
59,103,62.5,1,1
59,116,72.3,1,1
59,117,76.2,1,1
59,130,74.7,1,1
59,131,70.8,1,1
59,136,74.6,1,1
59,137,69.0,1,1
59,12,259.2,1,6
59,13,263.5,1,6
59,28,261.1,1,6
59,29,267.2,1,6
59,44,259.6,1,6
59,45,257.0,1,6
59,60,265.4,1,6
59,61,266.6,1,6
59,76,262.6,1,6
59,77,261.9,1,6
59,90,267.1,1,6
59,91,263.3,1,6
59,104,268.3,1,6
59,105,262.7,1,6
59,118,262.3,1,6
59,119,270.1,1,6
59,132,266.2,1,6
59,133,267.5,1,6
59,138,267.1,1,6
59,139,269.0,1,6
59,14,269.7,1,7
59,15,268.1,1,7
59,30,271.8,1,7
59,31,271.5,1,7
59,46,272.8,1,7
59,47,267.6,1,7
59,62,273.7,1,7
59,63,269.8,1,7
59,78,271.0,1,7
59,79,272.0,1,7
59,92,269.3,1,7
59,93,267.1,1,7
59,106,273.2,1,7
59,107,271.3,1,7
59,120,266.3,1,7
59,121,271.1,1,7
59,134,266.3,1,7
59,135,269.6,1,7
59,140,266.1,1,7
59,141,265.8,1,7
74,144,266.1,1,9
74,145,259.2,1,9
74,146,270.2,1,10
74,147,268.4,1,10
74,142,271.4,1,8
74,143,269.4,1,8
74,0,266.7,1,0
74,1,272.5,1,0
74,16,273.3,1,0
74,17,267.4,1,0
74,32,268.1,1,0
74,33,270.4,1,0
74,48,278.4,1,0
74,49,269.6,1,0
74,64,263.1,1,0
74,65,261.4,1,0
74,2,82.7,1,2
74,3,81.8,1,2
74,18,78.5,1,2
74,19,72.2,1,2
74,34,83.4,1,2
74,35,84.3,1,2
74,50,83.5,1,2
74,51,101.1,1,2
74,66,83.9,1,2
74,67,81.5,1,2
74,80,86.1,1,2
74,81,85.4,1,2
74,94,87.8,1,2
74,95,79.6,1,2
74,108,78.1,1,2
74,109,83.8,1,2
74,122,79.0,1,2
74,123,77.0,1,2
74,4,82.7,1,3
74,5,80.8,1,3
74,20,80.3,1,3
74,21,77.0,1,3
74,36,86.4,1,3
74,37,72.4,1,3
74,52,87.2,1,3
74,53,85.1,1,3
74,68,79.8,1,3
74,69,81.0,1,3
74,82,81.0,1,3
74,83,74.0,1,3
74,96,82.2,1,3
74,97,76.9,1,3
74,110,77.7,1,3
74,111,86.1,1,3
74,124,77.6,1,3
74,125,76.9,1,3
74,6,64.8,1,4
74,7,78.5,1,4
74,22,79.6,1,4
74,23,72.2,1,4
74,38,73.5,1,4
74,39,83.5,1,4
74,54,72.9,1,4
74,55,84.8,1,4
74,70,74.7,1,4
74,71,64.7,1,4
74,84,79.0,1,4
74,85,86.1,1,4
74,98,79.7,1,4
74,99,71.6,1,4
74,112,84.8,1,4
74,113,76.6,1,4
74,126,88.2,1,4
74,127,80.1,1,4
74,8,266.5,1,5
74,9,264.9,1,5
74,24,264.8,1,5
74,25,265.8,1,5
74,40,270.6,1,5
74,41,265.8,1,5
74,56,271.4,1,5
74,57,268.9,1,5
74,72,265.1,1,5
74,73,268.5,1,5
74,86,267.8,1,5
74,87,270.5,1,5
74,100,270.5,1,5
74,101,269.0,1,5
74,114,269.0,1,5
74,115,269.1,1,5
74,128,268.5,1,5
74,129,265.3,1,5
74,10,77.3,1,1
74,11,73.4,1,1
74,26,78.8,1,1
74,27,82.3,1,1
74,42,78.3,1,1
74,43,63.8,1,1
74,58,73.7,1,1
74,59,62.9,1,1
74,74,0.0,1,1
74,75,58.5,1,1
74,88,64.9,1,1
74,89,67.3,1,1
74,102,60.5,1,1
74,103,69.2,1,1
74,116,68.2,1,1
74,117,75.4,1,1
74,130,74.8,1,1
74,131,79.1,1,1
74,136,78.6,1,1
74,137,67.1,1,1
74,12,257.9,1,6
74,13,263.6,1,6
74,28,261.6,1,6
74,29,267.2,1,6
74,44,259.4,1,6
74,45,256.0,1,6
74,60,265.0,1,6
74,61,266.6,1,6
74,76,263.2,1,6
74,77,262.3,1,6
74,90,267.3,1,6
74,91,264.1,1,6
74,104,268.0,1,6
74,105,263.4,1,6
74,118,263.4,1,6
74,119,271.2,1,6
74,132,266.1,1,6
74,133,267.4,1,6
74,138,267.4,1,6
74,139,269.3,1,6
74,14,270.1,1,7
74,15,267.9,1,7
74,30,270.9,1,7
74,31,271.5,1,7
74,46,272.5,1,7
74,47,267.4,1,7
74,62,273.4,1,7
74,63,269.3,1,7
74,78,270.6,1,7
74,79,271.5,1,7
74,92,268.8,1,7
74,93,266.2,1,7
74,106,271.7,1,7
74,107,270.8,1,7
74,120,264.4,1,7
74,121,270.1,1,7
74,134,267.2,1,7
74,135,269.2,1,7
74,140,265.0,1,7
74,141,265.4,1,7
75,144,266.8,1,9
75,145,258.1,1,9
75,146,270.9,1,10
75,147,268.2,1,10
75,142,271.0,1,8
75,143,269.2,1,8
75,0,266.8,1,0
75,1,272.6,1,0
75,16,273.0,1,0
75,17,267.4,1,0
75,32,268.2,1,0
75,33,271.1,1,0
75,48,278.2,1,0
75,49,269.8,1,0
75,64,262.1,1,0
75,65,260.8,1,0
75,2,77.6,1,2
75,3,76.9,1,2
75,18,81.6,1,2
75,19,79.8,1,2
75,34,84.8,1,2
75,35,83.5,1,2
75,50,82.4,1,2
75,51,86.5,1,2
75,66,83.0,1,2
75,67,79.6,1,2
75,80,92.9,1,2
75,81,83.9,1,2
75,94,88.7,1,2
75,95,76.3,1,2
75,108,75.8,1,2
75,109,67.0,1,2
75,122,79.4,1,2
75,123,75.3,1,2
75,4,72.4,1,3
75,5,78.7,1,3
75,20,77.9,1,3
75,21,73.3,1,3
75,36,89.0,1,3
75,37,86.4,1,3
75,52,87.6,1,3
75,53,85.7,1,3
75,68,74.7,1,3
75,69,77.5,1,3
75,82,81.0,1,3
75,83,79.6,1,3
75,96,78.1,1,3
75,97,76.1,1,3
75,110,81.0,1,3
75,111,73.0,1,3
75,124,77.3,1,3
75,125,74.5,1,3
75,6,80.4,1,4
75,7,72.4,1,4
75,22,79.0,1,4
75,23,67.7,1,4
75,38,75.7,1,4
75,39,77.8,1,4
75,54,80.4,1,4
75,55,80.4,1,4
75,70,77.8,1,4
75,71,62.0,1,4
75,84,87.4,1,4
75,85,75.3,1,4
75,98,82.2,1,4
75,99,76.9,1,4
75,112,78.7,1,4
75,113,74.9,1,4
75,126,71.9,1,4
75,127,77.2,1,4
75,8,266.9,1,5
75,9,265.2,1,5
75,24,262.8,1,5
75,25,266.5,1,5
75,40,270.3,1,5
75,41,265.7,1,5
75,56,271.4,1,5
75,57,268.8,1,5
75,72,265.8,1,5
75,73,268.8,1,5
75,86,268.4,1,5
75,87,270.5,1,5
75,100,272.2,1,5
75,101,269.7,1,5
75,114,267.8,1,5
75,115,269.1,1,5
75,128,267.9,1,5
75,129,266.3,1,5
75,10,78.2,1,1
75,11,79.5,1,1
75,26,78.8,1,1
75,27,69.0,1,1
75,42,73.2,1,1
75,43,63.4,1,1
75,58,74.8,1,1
75,59,66.7,1,1
75,74,58.5,1,1
75,75,0.0,1,1
75,88,71.7,1,1
75,89,70.6,1,1
75,102,65.7,1,1
75,103,69.6,1,1
75,116,76.8,1,1
75,117,60.5,1,1
75,130,72.3,1,1
75,131,75.4,1,1
75,136,74.7,1,1
75,137,70.9,1,1
75,12,257.5,1,6
75,13,262.5,1,6
75,28,261.5,1,6
75,29,267.5,1,6
75,44,257.9,1,6
75,45,255.9,1,6
75,60,265.0,1,6
75,61,266.4,1,6
75,76,264.2,1,6
75,77,262.5,1,6
75,90,266.2,1,6
75,91,264.2,1,6
75,104,266.6,1,6
75,105,261.9,1,6
75,118,262.5,1,6
75,119,270.9,1,6
75,132,265.4,1,6
75,133,267.1,1,6
75,138,266.8,1,6
75,139,268.8,1,6
75,14,269.9,1,7
75,15,267.3,1,7
75,30,271.3,1,7
75,31,272.0,1,7
75,46,272.8,1,7
75,47,267.1,1,7
75,62,273.4,1,7
75,63,269.2,1,7
75,78,270.7,1,7
75,79,272.4,1,7
75,92,268.6,1,7
75,93,265.8,1,7
75,106,273.2,1,7
75,107,270.2,1,7
75,120,263.9,1,7
75,121,270.4,1,7
75,134,267.2,1,7
75,135,268.8,1,7
75,140,266.1,1,7
75,141,265.8,1,7
88,144,265.2,1,9
88,145,262.0,1,9
88,146,272.8,1,10
88,147,270.9,1,10
88,142,275.2,1,8
88,143,273.1,1,8
88,0,269.5,1,0
88,1,275.9,1,0
88,16,276.6,1,0
88,17,269.8,1,0
88,32,271.5,1,0
88,33,269.9,1,0
88,48,281.4,1,0
88,49,272.3,1,0
88,64,266.3,1,0
88,65,264.5,1,0
88,2,91.8,1,2
88,3,93.2,1,2
88,18,81.1,1,2
88,19,84.2,1,2
88,34,86.3,1,2
88,35,86.9,1,2
88,50,85.1,1,2
88,51,108.7,1,2
88,66,80.5,1,2
88,67,86.1,1,2
88,80,95.6,1,2
88,81,100.1,1,2
88,94,87.1,1,2
88,95,82.3,1,2
88,108,83.4,1,2
88,109,89.6,1,2
88,122,79.7,1,2
88,123,78.3,1,2
88,4,90.2,1,3
88,5,81.2,1,3
88,20,86.2,1,3
88,21,85.9,1,3
88,36,87.8,1,3
88,37,79.5,1,3
88,52,102.3,1,3
88,53,84.9,1,3
88,68,82.6,1,3
88,69,86.3,1,3
88,82,79.8,1,3
88,83,92.7,1,3
88,96,81.2,1,3
88,97,81.9,1,3
88,110,85.9,1,3
88,111,87.9,1,3
88,124,89.3,1,3
88,125,75.0,1,3
88,6,71.8,1,4
88,7,81.4,1,4
88,22,83.4,1,4
88,23,76.5,1,4
88,38,71.4,1,4
88,39,90.8,1,4
88,54,77.2,1,4
88,55,91.0,1,4
88,70,79.1,1,4
88,71,82.6,1,4
88,84,90.2,1,4
88,85,98.7,1,4
88,98,80.0,1,4
88,99,80.7,1,4
88,112,94.6,1,4
88,113,84.0,1,4
88,126,90.6,1,4
88,127,84.8,1,4
88,8,269.3,1,5
88,9,269.3,1,5
88,24,268.9,1,5
88,25,268.9,1,5
88,40,273.7,1,5
88,41,268.4,1,5
88,56,274.0,1,5
88,57,272.7,1,5
88,72,268.2,1,5
88,73,270.6,1,5
88,86,270.6,1,5
88,87,273.4,1,5
88,100,273.9,1,5
88,101,272.6,1,5
88,114,272.3,1,5
88,115,272.1,1,5
88,128,270.9,1,5
88,129,269.5,1,5
88,10,82.4,1,1
88,11,77.0,1,1
88,26,76.9,1,1
88,27,90.1,1,1
88,42,79.0,1,1
88,43,72.0,1,1
88,58,79.8,1,1
88,59,68.7,1,1
88,74,64.9,1,1
88,75,71.7,1,1
88,88,0.0,1,1
88,89,67.5,1,1
88,102,78.7,1,1
88,103,60.6,1,1
88,116,73.0,1,1
88,117,84.5,1,1
88,130,79.2,1,1
88,131,80.3,1,1
88,136,69.1,1,1
88,137,71.6,1,1
88,12,261.9,1,6
88,13,266.7,1,6
88,28,266.0,1,6
88,29,269.6,1,6
88,44,262.8,1,6
88,45,260.1,1,6
88,60,267.6,1,6
88,61,268.5,1,6
88,76,264.8,1,6
88,77,265.7,1,6
88,90,270.2,1,6
88,91,266.3,1,6
88,104,270.8,1,6
88,105,266.9,1,6
88,118,266.3,1,6
88,119,273.9,1,6
88,132,268.4,1,6
88,133,270.9,1,6
88,138,270.7,1,6
88,139,272.3,1,6
88,14,273.5,1,7
88,15,271.2,1,7
88,30,274.6,1,7
88,31,274.8,1,7
88,46,276.0,1,7
88,47,271.1,1,7
88,62,276.6,1,7
88,63,273.0,1,7
88,78,273.4,1,7
88,79,275.5,1,7
88,92,272.4,1,7
88,93,270.0,1,7
88,106,273.6,1,7
88,107,274.9,1,7
88,120,266.3,1,7
88,121,271.5,1,7
88,134,269.5,1,7
88,135,270.7,1,7
88,140,265.9,1,7
88,141,268.6,1,7
89,144,274.4,1,9
89,145,269.3,1,9
89,146,276.7,1,10
89,147,275.6,1,10
89,142,278.0,1,8
89,143,277.3,1,8
89,0,274.4,1,0
89,1,278.5,1,0
89,16,280.5,1,0
89,17,275.7,1,0
89,32,276.4,1,0
89,33,276.6,1,0
89,48,284.6,1,0
89,49,276.4,1,0
89,64,272.0,1,0
89,65,270.3,1,0
89,2,84.9,1,2
89,3,91.3,1,2
89,18,76.6,1,2
89,19,79.5,1,2
89,34,86.4,1,2
89,35,73.6,1,2
89,50,74.4,1,2
89,51,105.2,1,2
89,66,77.8,1,2
89,67,79.5,1,2
89,80,75.9,1,2
89,81,94.5,1,2
89,94,73.4,1,2
89,95,68.9,1,2
89,108,76.9,1,2
89,109,76.7,1,2
89,122,76.7,1,2
89,123,68.6,1,2
89,4,89.5,1,3
89,5,69.0,1,3
89,20,73.3,1,3
89,21,85.7,1,3
89,36,77.6,1,3
89,37,75.3,1,3
89,52,96.4,1,3
89,53,72.0,1,3
89,68,84.4,1,3
89,69,68.0,1,3
89,82,67.7,1,3
89,83,89.5,1,3
89,96,86.6,1,3
89,97,79.9,1,3
89,110,77.3,1,3
89,111,81.9,1,3
89,124,76.7,1,3
89,125,66.4,1,3
89,6,69.3,1,4
89,7,75.2,1,4
89,22,80.7,1,4
89,23,70.2,1,4
89,38,63.7,1,4
89,39,76.3,1,4
89,54,68.8,1,4
89,55,75.1,1,4
89,70,65.1,1,4
89,71,78.2,1,4
89,84,72.6,1,4
89,85,97.1,1,4
89,98,67.1,1,4
89,99,70.1,1,4
89,112,84.8,1,4
89,113,72.7,1,4
89,126,81.5,1,4
89,127,83.8,1,4
89,8,274.5,1,5
89,9,272.9,1,5
89,24,273.9,1,5
89,25,273.9,1,5
89,40,276.7,1,5
89,41,273.4,1,5
89,56,278.3,1,5
89,57,276.8,1,5
89,72,273.6,1,5
89,73,276.8,1,5
89,86,275.8,1,5
89,87,277.0,1,5
89,100,278.5,1,5
89,101,278.2,1,5
89,114,276.7,1,5
89,115,277.1,1,5
89,128,275.8,1,5
89,129,274.1,1,5
89,10,68.6,1,1
89,11,64.3,1,1
89,26,72.2,1,1
89,27,78.7,1,1
89,42,78.5,1,1
89,43,72.8,1,1
89,58,71.2,1,1
89,59,70.3,1,1
89,74,67.3,1,1
89,75,70.6,1,1
89,88,67.5,1,1
89,89,0.0,1,1
89,102,63.3,1,1
89,103,56.3,1,1
89,116,62.3,1,1
89,117,78.7,1,1
89,130,72.9,1,1
89,131,75.0,1,1
89,136,73.0,1,1
89,137,68.6,1,1
89,12,270.0,1,6
89,13,271.6,1,6
89,28,269.6,1,6
89,29,274.3,1,6
89,44,269.1,1,6
89,45,268.2,1,6
89,60,273.0,1,6
89,61,273.4,1,6
89,76,273.9,1,6
89,77,270.0,1,6
89,90,276.2,1,6
89,91,273.3,1,6
89,104,275.8,1,6
89,105,273.6,1,6
89,118,271.8,1,6
89,119,278.2,1,6
89,132,275.1,1,6
89,133,276.6,1,6
89,138,275.4,1,6
89,139,277.0,1,6
89,14,277.8,1,7
89,15,276.9,1,7
89,30,280.8,1,7
89,31,279.9,1,7
89,46,280.3,1,7
89,47,275.8,1,7
89,62,280.3,1,7
89,63,277.3,1,7
89,78,278.8,1,7
89,79,279.9,1,7
89,92,276.4,1,7
89,93,274.9,1,7
89,106,279.4,1,7
89,107,279.0,1,7
89,120,274.3,1,7
89,121,277.1,1,7
89,134,274.3,1,7
89,135,276.3,1,7
89,140,274.2,1,7
89,141,273.8,1,7
102,144,265.9,1,9
102,145,257.0,1,9
102,146,268.6,1,10
102,147,265.9,1,10
102,142,267.4,1,8
102,143,266.9,1,8
102,0,265.1,1,0
102,1,270.7,1,0
102,16,271.6,1,0
102,17,266.1,1,0
102,32,267.0,1,0
102,33,269.0,1,0
102,48,276.1,1,0
102,49,268.6,1,0
102,64,261.7,1,0
102,65,260.8,1,0
102,2,85.0,1,2
102,3,76.5,1,2
102,18,84.3,1,2
102,19,83.7,1,2
102,34,90.9,1,2
102,35,84.2,1,2
102,50,83.4,1,2
102,51,96.9,1,2
102,66,84.6,1,2
102,67,82.9,1,2
102,80,86.7,1,2
102,81,91.7,1,2
102,94,87.5,1,2
102,95,80.6,1,2
102,108,80.3,1,2
102,109,85.9,1,2
102,122,81.7,1,2
102,123,81.5,1,2
102,4,86.5,1,3
102,5,83.8,1,3
102,20,74.7,1,3
102,21,76.4,1,3
102,36,90.7,1,3
102,37,83.1,1,3
102,52,71.7,1,3
102,53,85.0,1,3
102,68,84.1,1,3
102,69,75.9,1,3
102,82,84.6,1,3
102,83,71.5,1,3
102,96,90.9,1,3
102,97,83.2,1,3
102,110,83.2,1,3
102,111,92.1,1,3
102,124,82.2,1,3
102,125,79.6,1,3
102,6,77.3,1,4
102,7,80.2,1,4
102,22,82.2,1,4
102,23,73.3,1,4
102,38,80.2,1,4
102,39,82.0,1,4
102,54,78.9,1,4
102,55,74.2,1,4
102,70,78.8,1,4
102,71,74.2,1,4
102,84,69.0,1,4
102,85,77.9,1,4
102,98,77.3,1,4
102,99,75.0,1,4
102,112,68.8,1,4
102,113,76.3,1,4
102,126,77.6,1,4
102,127,70.7,1,4
102,8,265.2,1,5
102,9,263.0,1,5
102,24,260.4,1,5
102,25,264.3,1,5
102,40,268.6,1,5
102,41,264.8,1,5
102,56,270.5,1,5
102,57,266.9,1,5
102,72,264.1,1,5
102,73,267.1,1,5
102,86,265.7,1,5
102,87,268.4,1,5
102,100,269.8,1,5
102,101,268.4,1,5
102,114,267.3,1,5
102,115,267.8,1,5
102,128,267.5,1,5
102,129,265.1,1,5
102,10,76.6,1,1
102,11,75.1,1,1
102,26,77.8,1,1
102,27,74.7,1,1
102,42,77.5,1,1
102,43,74.0,1,1
102,58,70.4,1,1
102,59,70.9,1,1
102,74,60.5,1,1
102,75,65.7,1,1
102,88,78.7,1,1
102,89,63.3,1,1
102,102,0.0,1,1
102,103,69.1,1,1
102,116,69.4,1,1
102,117,64.2,1,1
102,130,76.6,1,1
102,131,74.9,1,1
102,136,80.8,1,1
102,137,70.3,1,1
102,12,257.0,1,6
102,13,262.8,1,6
102,28,259.9,1,6
102,29,266.2,1,6
102,44,256.9,1,6
102,45,253.3,1,6
102,60,264.0,1,6
102,61,265.1,1,6
102,76,263.8,1,6
102,77,259.7,1,6
102,90,264.9,1,6
102,91,263.5,1,6
102,104,265.7,1,6
102,105,262.5,1,6
102,118,260.9,1,6
102,119,269.4,1,6
102,132,264.6,1,6
102,133,266.5,1,6
102,138,265.9,1,6
102,139,268.1,1,6
102,14,268.8,1,7
102,15,267.6,1,7
102,30,271.0,1,7
102,31,270.8,1,7
102,46,271.5,1,7
102,47,266.1,1,7
102,62,272.3,1,7
102,63,267.0,1,7
102,78,269.5,1,7
102,79,270.2,1,7
102,92,266.5,1,7
102,93,264.0,1,7
102,106,271.6,1,7
102,107,268.2,1,7
102,120,263.8,1,7
102,121,268.9,1,7
102,134,264.4,1,7
102,135,267.5,1,7
102,140,265.3,1,7
102,141,263.9,1,7
103,144,274.6,1,9
103,145,268.2,1,9
103,146,276.6,1,10
103,147,274.7,1,10
103,142,277.2,1,8
103,143,276.6,1,8
103,0,273.5,1,0
103,1,279.0,1,0
103,16,278.7,1,0
103,17,274.1,1,0
103,32,276.0,1,0
103,33,276.3,1,0
103,48,284.0,1,0
103,49,276.8,1,0
103,64,271.3,1,0
103,65,270.0,1,0
103,2,84.3,1,2
103,3,90.9,1,2
103,18,76.6,1,2
103,19,84.7,1,2
103,34,87.1,1,2
103,35,79.7,1,2
103,50,75.6,1,2
103,51,108.0,1,2
103,66,76.7,1,2
103,67,76.1,1,2
103,80,86.0,1,2
103,81,99.3,1,2
103,94,74.7,1,2
103,95,71.9,1,2
103,108,76.4,1,2
103,109,81.7,1,2
103,122,75.0,1,2
103,123,71.7,1,2
103,4,86.8,1,3
103,5,71.0,1,3
103,20,76.2,1,3
103,21,82.1,1,3
103,36,79.4,1,3
103,37,75.1,1,3
103,52,91.8,1,3
103,53,66.5,1,3
103,68,75.2,1,3
103,69,70.9,1,3
103,82,66.9,1,3
103,83,91.9,1,3
103,96,78.8,1,3
103,97,82.2,1,3
103,110,81.3,1,3
103,111,87.1,1,3
103,124,82.5,1,3
103,125,69.9,1,3
103,6,71.4,1,4
103,7,74.5,1,4
103,22,76.5,1,4
103,23,71.0,1,4
103,38,65.9,1,4
103,39,85.8,1,4
103,54,74.5,1,4
103,55,75.5,1,4
103,70,72.7,1,4
103,71,81.2,1,4
103,84,82.8,1,4
103,85,98.9,1,4
103,98,76.9,1,4
103,99,73.9,1,4
103,112,84.0,1,4
103,113,82.0,1,4
103,126,82.1,1,4
103,127,86.8,1,4
103,8,273.3,1,5
103,9,272.9,1,5
103,24,273.2,1,5
103,25,273.9,1,5
103,40,275.7,1,5
103,41,272.1,1,5
103,56,277.6,1,5
103,57,275.8,1,5
103,72,273.0,1,5
103,73,275.0,1,5
103,86,274.9,1,5
103,87,276.7,1,5
103,100,278.3,1,5
103,101,276.8,1,5
103,114,276.5,1,5
103,115,276.2,1,5
103,128,275.2,1,5
103,129,274.2,1,5
103,10,72.8,1,1
103,11,68.9,1,1
103,26,68.7,1,1
103,27,75.7,1,1
103,42,75.6,1,1
103,43,73.3,1,1
103,58,70.0,1,1
103,59,62.5,1,1
103,74,69.2,1,1
103,75,69.6,1,1
103,88,60.6,1,1
103,89,56.3,1,1
103,102,69.1,1,1
103,103,0.0,1,1
103,116,63.7,1,1
103,117,79.4,1,1
103,130,70.9,1,1
103,131,76.5,1,1
103,136,70.2,1,1
103,137,62.7,1,1
103,12,267.5,1,6
103,13,271.5,1,6
103,28,269.7,1,6
103,29,273.2,1,6
103,44,267.3,1,6
103,45,267.0,1,6
103,60,273.1,1,6
103,61,273.8,1,6
103,76,273.0,1,6
103,77,268.9,1,6
103,90,274.0,1,6
103,91,271.9,1,6
103,104,274.7,1,6
103,105,271.7,1,6
103,118,270.8,1,6
103,119,278.0,1,6
103,132,273.3,1,6
103,133,275.8,1,6
103,138,274.4,1,6
103,139,276.4,1,6
103,14,277.1,1,7
103,15,275.8,1,7
103,30,279.7,1,7
103,31,279.2,1,7
103,46,279.8,1,7
103,47,275.3,1,7
103,62,279.9,1,7
103,63,276.8,1,7
103,78,278.3,1,7
103,79,279.4,1,7
103,92,275.9,1,7
103,93,274.3,1,7
103,106,279.5,1,7
103,107,278.6,1,7
103,120,274.3,1,7
103,121,277.9,1,7
103,134,274.5,1,7
103,135,276.2,1,7
103,140,274.1,1,7
103,141,272.3,1,7
116,144,274.3,1,9
116,145,267.8,1,9
116,146,275.6,1,10
116,147,273.9,1,10
116,142,276.9,1,8
116,143,276.1,1,8
116,0,273.6,1,0
116,1,278.8,1,0
116,16,279.6,1,0
116,17,274.7,1,0
116,32,275.8,1,0
116,33,276.5,1,0
116,48,283.9,1,0
116,49,276.1,1,0
116,64,270.8,1,0
116,65,269.1,1,0
116,2,89.9,1,2
116,3,82.5,1,2
116,18,79.7,1,2
116,19,83.7,1,2
116,34,80.1,1,2
116,35,80.6,1,2
116,50,80.4,1,2
116,51,109.7,1,2
116,66,83.4,1,2
116,67,85.1,1,2
116,80,81.9,1,2
116,81,102.3,1,2
116,94,82.6,1,2
116,95,81.8,1,2
116,108,78.9,1,2
116,109,85.5,1,2
116,122,76.9,1,2
116,123,73.8,1,2
116,4,87.8,1,3
116,5,71.0,1,3
116,20,71.4,1,3
116,21,82.5,1,3
116,36,72.7,1,3
116,37,69.0,1,3
116,52,94.2,1,3
116,53,80.6,1,3
116,68,86.1,1,3
116,69,74.3,1,3
116,82,74.6,1,3
116,83,85.0,1,3
116,96,86.8,1,3
116,97,82.9,1,3
116,110,74.5,1,3
116,111,86.4,1,3
116,124,83.1,1,3
116,125,70.3,1,3
116,6,63.7,1,4
116,7,77.7,1,4
116,22,80.7,1,4
116,23,67.0,1,4
116,38,69.7,1,4
116,39,79.6,1,4
116,54,72.5,1,4
116,55,74.9,1,4
116,70,77.5,1,4
116,71,79.9,1,4
116,84,75.5,1,4
116,85,97.0,1,4
116,98,74.7,1,4
116,99,75.0,1,4
116,112,84.1,1,4
116,113,81.9,1,4
116,126,82.5,1,4
116,127,84.1,1,4
116,8,272.9,1,5
116,9,269.3,1,5
116,24,272.3,1,5
116,25,271.7,1,5
116,40,276.1,1,5
116,41,272.5,1,5
116,56,277.5,1,5
116,57,275.7,1,5
116,72,272.0,1,5
116,73,275.5,1,5
116,86,275.0,1,5
116,87,276.4,1,5
116,100,276.9,1,5
116,101,277.0,1,5
116,114,275.4,1,5
116,115,275.2,1,5
116,128,274.3,1,5
116,129,270.9,1,5
116,10,60.8,1,1
116,11,65.8,1,1
116,26,73.8,1,1
116,27,81.8,1,1
116,42,80.2,1,1
116,43,80.0,1,1
116,58,69.2,1,1
116,59,72.3,1,1
116,74,68.2,1,1
116,75,76.8,1,1
116,88,73.0,1,1
116,89,62.3,1,1
116,102,69.4,1,1
116,103,63.7,1,1
116,116,0.0,1,1
116,117,80.8,1,1
116,130,65.1,1,1
116,131,83.9,1,1
116,136,75.6,1,1
116,137,66.2,1,1
116,12,268.3,1,6
116,13,270.9,1,6
116,28,268.5,1,6
116,29,273.1,1,6
116,44,267.4,1,6
116,45,265.2,1,6
116,60,271.5,1,6
116,61,272.6,1,6
116,76,271.5,1,6
116,77,269.0,1,6
116,90,273.5,1,6
116,91,271.5,1,6
116,104,274.4,1,6
116,105,271.6,1,6
116,118,270.4,1,6
116,119,277.2,1,6
116,132,273.4,1,6
116,133,274.3,1,6
116,138,274.5,1,6
116,139,275.2,1,6
116,14,277.1,1,7
116,15,275.4,1,7
116,30,278.7,1,7
116,31,278.9,1,7
116,46,278.6,1,7
116,47,274.9,1,7
116,62,279.7,1,7
116,63,275.8,1,7
116,78,277.5,1,7
116,79,277.3,1,7
116,92,275.4,1,7
116,93,273.8,1,7
116,106,279.3,1,7
116,107,278.3,1,7
116,120,273.6,1,7
116,121,276.8,1,7
116,134,274.4,1,7
116,135,276.2,1,7
116,140,273.6,1,7
116,141,273.1,1,7
117,144,265.4,1,9
117,145,255.7,1,9
117,146,268.4,1,10
117,147,264.6,1,10
117,142,267.5,1,8
117,143,266.3,1,8
117,0,264.2,1,0
117,1,269.2,1,0
117,16,270.9,1,0
117,17,264.4,1,0
117,32,265.9,1,0
117,33,269.0,1,0
117,48,275.9,1,0
117,49,267.0,1,0
117,64,259.9,1,0
117,65,258.3,1,0
117,2,83.4,1,2
117,3,77.8,1,2
117,18,83.7,1,2
117,19,75.6,1,2
117,34,86.8,1,2
117,35,86.6,1,2
117,50,84.8,1,2
117,51,77.4,1,2
117,66,85.9,1,2
117,67,82.6,1,2
117,80,91.2,1,2
117,81,88.3,1,2
117,94,90.5,1,2
117,95,83.4,1,2
117,108,85.8,1,2
117,109,78.6,1,2
117,122,85.9,1,2
117,123,83.6,1,2
117,4,80.7,1,3
117,5,84.2,1,3
117,20,85.2,1,3
117,21,76.1,1,3
117,36,94.4,1,3
117,37,93.7,1,3
117,52,89.8,1,3
117,53,90.9,1,3
117,68,76.4,1,3
117,69,82.1,1,3
117,82,90.4,1,3
117,83,79.0,1,3
117,96,87.1,1,3
117,97,82.7,1,3
117,110,81.8,1,3
117,111,88.1,1,3
117,124,81.6,1,3
117,125,85.9,1,3
117,6,87.5,1,4
117,7,74.5,1,4
117,22,84.2,1,4
117,23,77.4,1,4
117,38,86.0,1,4
117,39,78.8,1,4
117,54,83.4,1,4
117,55,81.2,1,4
117,70,76.5,1,4
117,71,81.4,1,4
117,84,79.1,1,4
117,85,76.7,1,4
117,98,79.9,1,4
117,99,77.3,1,4
117,112,80.1,1,4
117,113,74.4,1,4
117,126,71.2,1,4
117,127,66.1,1,4
117,8,264.2,1,5
117,9,262.2,1,5
117,24,260.4,1,5
117,25,263.4,1,5
117,40,267.5,1,5
117,41,262.7,1,5
117,56,270.2,1,5
117,57,266.3,1,5
117,72,264.0,1,5
117,73,266.7,1,5
117,86,266.2,1,5
117,87,268.3,1,5
117,100,270.0,1,5
117,101,268.2,1,5
117,114,265.2,1,5
117,115,267.4,1,5
117,128,266.0,1,5
117,129,264.1,1,5
117,10,74.6,1,1
117,11,82.3,1,1
117,26,83.9,1,1
117,27,74.6,1,1
117,42,74.6,1,1
117,43,68.8,1,1
117,58,80.1,1,1
117,59,76.2,1,1
117,74,75.4,1,1
117,75,60.5,1,1
117,88,84.5,1,1
117,89,78.7,1,1
117,102,64.2,1,1
117,103,79.4,1,1
117,116,80.8,1,1
117,117,0.0,1,1
117,130,73.3,1,1
117,131,74.9,1,1
117,136,83.2,1,1
117,137,79.5,1,1
117,12,255.9,1,6
117,13,260.1,1,6
117,28,258.6,1,6
117,29,265.5,1,6
117,44,254.4,1,6
117,45,252.4,1,6
117,60,263.1,1,6
117,61,263.1,1,6
117,76,262.3,1,6
117,77,259.6,1,6
117,90,263.9,1,6
117,91,261.4,1,6
117,104,264.6,1,6
117,105,259.4,1,6
117,118,259.7,1,6
117,119,268.4,1,6
117,132,263.5,1,6
117,133,265.7,1,6
117,138,264.3,1,6
117,139,266.4,1,6
117,14,266.2,1,7
117,15,263.7,1,7
117,30,268.9,1,7
117,31,269.6,1,7
117,46,270.5,1,7
117,47,263.7,1,7
117,62,270.8,1,7
117,63,266.7,1,7
117,78,268.2,1,7
117,79,270.0,1,7
117,92,265.8,1,7
117,93,264.0,1,7
117,106,271.3,1,7
117,107,267.3,1,7
117,120,262.1,1,7
117,121,266.9,1,7
117,134,264.5,1,7
117,135,264.8,1,7
117,140,265.3,1,7
117,141,263.6,1,7
130,144,272.8,1,9
130,145,264.5,1,9
130,146,274.7,1,10
130,147,272.0,1,10
130,142,275.1,1,8
130,143,273.7,1,8
130,0,270.3,1,0
130,1,275.1,1,0
130,16,276.8,1,0
130,17,271.4,1,0
130,32,272.6,1,0
130,33,275.0,1,0
130,48,282.1,1,0
130,49,272.1,1,0
130,64,266.9,1,0
130,65,265.1,1,0
130,2,82.4,1,2
130,3,80.2,1,2
130,18,76.8,1,2
130,19,82.6,1,2
130,34,83.5,1,2
130,35,84.8,1,2
130,50,81.0,1,2
130,51,99.9,1,2
130,66,83.2,1,2
130,67,86.1,1,2
130,80,89.6,1,2
130,81,96.5,1,2
130,94,87.0,1,2
130,95,83.5,1,2
130,108,86.5,1,2
130,109,84.5,1,2
130,122,86.2,1,2
130,123,82.1,1,2
130,4,87.2,1,3
130,5,74.6,1,3
130,20,83.5,1,3
130,21,87.5,1,3
130,36,79.9,1,3
130,37,85.8,1,3
130,52,91.0,1,3
130,53,83.0,1,3
130,68,78.3,1,3
130,69,73.7,1,3
130,82,75.2,1,3
130,83,90.6,1,3
130,96,83.5,1,3
130,97,85.2,1,3
130,110,74.5,1,3
130,111,87.2,1,3
130,124,85.8,1,3
130,125,77.7,1,3
130,6,78.1,1,4
130,7,78.4,1,4
130,22,80.1,1,4
130,23,74.4,1,4
130,38,77.6,1,4
130,39,76.9,1,4
130,54,76.8,1,4
130,55,73.2,1,4
130,70,63.2,1,4
130,71,82.8,1,4
130,84,76.9,1,4
130,85,94.7,1,4
130,98,81.5,1,4
130,99,84.4,1,4
130,112,87.9,1,4
130,113,83.5,1,4
130,126,85.9,1,4
130,127,94.0,1,4
130,8,271.1,1,5
130,9,268.5,1,5
130,24,268.9,1,5
130,25,270.6,1,5
130,40,274.0,1,5
130,41,269.9,1,5
130,56,275.4,1,5
130,57,273.3,1,5
130,72,270.3,1,5
130,73,273.1,1,5
130,86,272.8,1,5
130,87,273.7,1,5
130,100,275.2,1,5
130,101,273.8,1,5
130,114,272.4,1,5
130,115,272.9,1,5
130,128,271.6,1,5
130,129,269.4,1,5
130,10,70.3,1,1
130,11,81.3,1,1
130,26,75.1,1,1
130,27,77.2,1,1
130,42,74.5,1,1
130,43,74.3,1,1
130,58,77.4,1,1
130,59,74.7,1,1
130,74,74.8,1,1
130,75,72.3,1,1
130,88,79.2,1,1
130,89,72.9,1,1
130,102,76.6,1,1
130,103,70.9,1,1
130,116,65.1,1,1
130,117,73.3,1,1
130,130,0.0,1,1
130,131,70.4,1,1
130,136,79.6,1,1
130,137,71.5,1,1
130,12,264.0,1,6
130,13,264.6,1,6
130,28,266.1,1,6
130,29,270.1,1,6
130,44,263.5,1,6
130,45,259.8,1,6
130,60,268.5,1,6
130,61,268.5,1,6
130,76,267.7,1,6
130,77,266.0,1,6
130,90,269.1,1,6
130,91,268.0,1,6
130,104,270.8,1,6
130,105,267.4,1,6
130,118,266.2,1,6
130,119,274.3,1,6
130,132,270.0,1,6
130,133,271.3,1,6
130,138,270.8,1,6
130,139,272.7,1,6
130,14,273.2,1,7
130,15,272.0,1,7
130,30,275.3,1,7
130,31,275.9,1,7
130,46,275.8,1,7
130,47,271.0,1,7
130,62,276.5,1,7
130,63,273.5,1,7
130,78,275.5,1,7
130,79,276.1,1,7
130,92,272.6,1,7
130,93,270.5,1,7
130,106,277.0,1,7
130,107,274.8,1,7
130,120,269.3,1,7
130,121,274.1,1,7
130,134,271.9,1,7
130,135,273.4,1,7
130,140,272.1,1,7
130,141,270.7,1,7
131,144,267.3,1,9
131,145,259.9,1,9
131,146,270.0,1,10
131,147,267.1,1,10
131,142,268.8,1,8
131,143,268.4,1,8
131,0,265.8,1,0
131,1,271.8,1,0
131,16,273.1,1,0
131,17,267.3,1,0
131,32,268.3,1,0
131,33,271.2,1,0
131,48,278.2,1,0
131,49,269.3,1,0
131,64,262.4,1,0
131,65,259.3,1,0
131,2,82.4,1,2
131,3,86.2,1,2
131,18,79.7,1,2
131,19,82.5,1,2
131,34,88.4,1,2
131,35,82.7,1,2
131,50,79.4,1,2
131,51,94.8,1,2
131,66,80.8,1,2
131,67,82.5,1,2
131,80,87.0,1,2
131,81,89.3,1,2
131,94,84.2,1,2
131,95,75.9,1,2
131,108,85.2,1,2
131,109,80.3,1,2
131,122,84.9,1,2
131,123,81.2,1,2
131,4,87.9,1,3
131,5,81.9,1,3
131,20,76.7,1,3
131,21,88.5,1,3
131,36,90.9,1,3
131,37,90.9,1,3
131,52,88.0,1,3
131,53,83.7,1,3
131,68,78.6,1,3
131,69,76.2,1,3
131,82,84.9,1,3
131,83,87.3,1,3
131,96,84.0,1,3
131,97,74.9,1,3
131,110,81.4,1,3
131,111,85.3,1,3
131,124,82.9,1,3
131,125,85.6,1,3
131,6,81.2,1,4
131,7,76.1,1,4
131,22,80.1,1,4
131,23,83.8,1,4
131,38,79.5,1,4
131,39,80.1,1,4
131,54,82.0,1,4
131,55,73.7,1,4
131,70,75.1,1,4
131,71,87.4,1,4
131,84,77.8,1,4
131,85,84.8,1,4
131,98,81.5,1,4
131,99,77.7,1,4
131,112,76.1,1,4
131,113,72.0,1,4
131,126,79.7,1,4
131,127,83.5,1,4
131,8,267.1,1,5
131,9,264.4,1,5
131,24,263.4,1,5
131,25,265.7,1,5
131,40,269.5,1,5
131,41,266.0,1,5
131,56,272.4,1,5
131,57,269.0,1,5
131,72,266.5,1,5
131,73,269.1,1,5
131,86,267.9,1,5
131,87,269.7,1,5
131,100,271.5,1,5
131,101,269.3,1,5
131,114,267.3,1,5
131,115,269.4,1,5
131,128,268.2,1,5
131,129,266.6,1,5
131,10,79.3,1,1
131,11,79.0,1,1
131,26,83.2,1,1
131,27,79.0,1,1
131,42,74.5,1,1
131,43,71.9,1,1
131,58,84.2,1,1
131,59,70.8,1,1
131,74,79.1,1,1
131,75,75.4,1,1
131,88,80.3,1,1
131,89,75.0,1,1
131,102,74.9,1,1
131,103,76.5,1,1
131,116,83.9,1,1
131,117,74.9,1,1
131,130,70.4,1,1
131,131,0.0,1,1
131,136,70.4,1,1
131,137,66.2,1,1
131,12,259.3,1,6
131,13,260.7,1,6
131,28,260.6,1,6
131,29,266.4,1,6
131,44,258.8,1,6
131,45,254.9,1,6
131,60,265.8,1,6
131,61,266.0,1,6
131,76,264.6,1,6
131,77,261.9,1,6
131,90,266.8,1,6
131,91,264.1,1,6
131,104,266.8,1,6
131,105,263.4,1,6
131,118,261.4,1,6
131,119,269.5,1,6
131,132,266.0,1,6
131,133,268.1,1,6
131,138,266.5,1,6
131,139,268.9,1,6
131,14,267.7,1,7
131,15,268.1,1,7
131,30,272.2,1,7
131,31,272.1,1,7
131,46,272.9,1,7
131,47,267.3,1,7
131,62,273.1,1,7
131,63,268.0,1,7
131,78,271.1,1,7
131,79,272.0,1,7
131,92,267.7,1,7
131,93,266.5,1,7
131,106,273.7,1,7
131,107,271.4,1,7
131,120,264.3,1,7
131,121,269.7,1,7
131,134,267.1,1,7
131,135,268.4,1,7
131,140,267.7,1,7
131,141,266.0,1,7
136,144,265.2,1,9
136,145,259.2,1,9
136,146,269.4,1,10
136,147,265.2,1,10
136,142,270.1,1,8
136,143,268.2,1,8
136,0,266.0,1,0
136,1,271.9,1,0
136,16,271.8,1,0
136,17,267.3,1,0
136,32,268.4,1,0
136,33,268.8,1,0
136,48,277.3,1,0
136,49,269.3,1,0
136,64,261.3,1,0
136,65,261.0,1,0
136,2,83.5,1,2
136,3,86.4,1,2
136,18,75.9,1,2
136,19,86.1,1,2
136,34,83.0,1,2
136,35,80.1,1,2
136,50,78.1,1,2
136,51,100.5,1,2
136,66,69.6,1,2
136,67,78.9,1,2
136,80,91.2,1,2
136,81,92.0,1,2
136,94,82.1,1,2
136,95,75.9,1,2
136,108,82.1,1,2
136,109,82.7,1,2
136,122,79.4,1,2
136,123,78.7,1,2
136,4,85.4,1,3
136,5,78.1,1,3
136,20,82.1,1,3
136,21,81.8,1,3
136,36,85.7,1,3
136,37,86.3,1,3
136,52,95.0,1,3
136,53,80.8,1,3
136,68,83.5,1,3
136,69,80.2,1,3
136,82,83.1,1,3
136,83,89.9,1,3
136,96,81.3,1,3
136,97,83.1,1,3
136,110,84.8,1,3
136,111,84.3,1,3
136,124,83.6,1,3
136,125,78.6,1,3
136,6,77.5,1,4
136,7,76.0,1,4
136,22,70.7,1,4
136,23,79.5,1,4
136,38,67.2,1,4
136,39,92.0,1,4
136,54,84.3,1,4
136,55,78.5,1,4
136,70,85.0,1,4
136,71,86.7,1,4
136,84,86.1,1,4
136,85,87.9,1,4
136,98,76.7,1,4
136,99,74.3,1,4
136,112,81.1,1,4
136,113,75.9,1,4
136,126,80.0,1,4
136,127,85.1,1,4
136,8,265.9,1,5
136,9,264.1,1,5
136,24,263.9,1,5
136,25,265.5,1,5
136,40,269.5,1,5
136,41,265.2,1,5
136,56,271.4,1,5
136,57,268.3,1,5
136,72,265.6,1,5
136,73,268.9,1,5
136,86,267.7,1,5
136,87,269.5,1,5
136,100,271.5,1,5
136,101,270.6,1,5
136,114,268.8,1,5
136,115,268.9,1,5
136,128,268.3,1,5
136,129,265.7,1,5
136,10,72.8,1,1
136,11,77.1,1,1
136,26,76.5,1,1
136,27,81.3,1,1
136,42,77.6,1,1
136,43,79.4,1,1
136,58,79.2,1,1
136,59,74.6,1,1
136,74,78.6,1,1
136,75,74.7,1,1
136,88,69.1,1,1
136,89,73.0,1,1
136,102,80.8,1,1
136,103,70.2,1,1
136,116,75.6,1,1
136,117,83.2,1,1
136,130,79.6,1,1
136,131,70.4,1,1
136,136,0.0,1,1
136,137,56.7,1,1
136,12,260.4,1,6
136,13,263.0,1,6
136,28,261.2,1,6
136,29,265.9,1,6
136,44,259.3,1,6
136,45,256.6,1,6
136,60,264.0,1,6
136,61,264.6,1,6
136,76,260.3,1,6
136,77,260.8,1,6
136,90,265.1,1,6
136,91,262.9,1,6
136,104,265.8,1,6
136,105,263.1,1,6
136,118,262.0,1,6
136,119,269.7,1,6
136,132,264.2,1,6
136,133,266.2,1,6
136,138,266.5,1,6
136,139,268.3,1,6
136,14,269.5,1,7
136,15,268.0,1,7
136,30,271.7,1,7
136,31,271.8,1,7
136,46,272.3,1,7
136,47,267.3,1,7
136,62,272.3,1,7
136,63,268.6,1,7
136,78,270.9,1,7
136,79,271.6,1,7
136,92,268.3,1,7
136,93,266.7,1,7
136,106,272.5,1,7
136,107,271.7,1,7
136,120,263.9,1,7
136,121,269.1,1,7
136,134,266.9,1,7
136,135,268.5,1,7
136,140,265.6,1,7
136,141,265.8,1,7
137,144,269.2,1,9
137,145,262.1,1,9
137,146,271.5,1,10
137,147,268.2,1,10
137,142,272.1,1,8
137,143,270.2,1,8
137,0,267.4,1,0
137,1,273.7,1,0
137,16,273.7,1,0
137,17,268.8,1,0
137,32,269.9,1,0
137,33,271.9,1,0
137,48,278.9,1,0
137,49,270.6,1,0
137,64,264.2,1,0
137,65,262.7,1,0
137,2,80.7,1,2
137,3,81.0,1,2
137,18,72.9,1,2
137,19,81.9,1,2
137,34,83.9,1,2
137,35,80.2,1,2
137,50,76.7,1,2
137,51,99.7,1,2
137,66,73.2,1,2
137,67,77.7,1,2
137,80,84.2,1,2
137,81,94.0,1,2
137,94,78.2,1,2
137,95,74.8,1,2
137,108,72.2,1,2
137,109,82.2,1,2
137,122,78.1,1,2
137,123,72.6,1,2
137,4,84.8,1,3
137,5,74.9,1,3
137,20,76.8,1,3
137,21,71.7,1,3
137,36,75.9,1,3
137,37,80.3,1,3
137,52,90.1,1,3
137,53,75.8,1,3
137,68,79.1,1,3
137,69,73.5,1,3
137,82,73.3,1,3
137,83,82.7,1,3
137,96,79.5,1,3
137,97,77.2,1,3
137,110,78.5,1,3
137,111,84.2,1,3
137,124,81.6,1,3
137,125,72.0,1,3
137,6,71.5,1,4
137,7,69.0,1,4
137,22,74.6,1,4
137,23,70.0,1,4
137,38,68.1,1,4
137,39,82.5,1,4
137,54,73.5,1,4
137,55,74.0,1,4
137,70,78.2,1,4
137,71,78.9,1,4
137,84,76.5,1,4
137,85,90.0,1,4
137,98,74.2,1,4
137,99,75.2,1,4
137,112,80.7,1,4
137,113,74.3,1,4
137,126,77.9,1,4
137,127,83.9,1,4
137,8,269.0,1,5
137,9,266.2,1,5
137,24,266.6,1,5
137,25,268.5,1,5
137,40,271.2,1,5
137,41,267.7,1,5
137,56,273.3,1,5
137,57,271.0,1,5
137,72,267.6,1,5
137,73,270.0,1,5
137,86,269.6,1,5
137,87,271.2,1,5
137,100,272.6,1,5
137,101,270.8,1,5
137,114,270.5,1,5
137,115,270.3,1,5
137,128,269.8,1,5
137,129,267.4,1,5
137,10,69.4,1,1
137,11,71.8,1,1
137,26,67.6,1,1
137,27,74.2,1,1
137,42,69.6,1,1
137,43,75.5,1,1
137,58,73.9,1,1
137,59,69.0,1,1
137,74,67.1,1,1
137,75,70.9,1,1
137,88,71.6,1,1
137,89,68.6,1,1
137,102,70.3,1,1
137,103,62.7,1,1
137,116,66.2,1,1
137,117,79.5,1,1
137,130,71.5,1,1
137,131,66.2,1,1
137,136,56.7,1,1
137,137,0.0,1,1
137,12,261.3,1,6
137,13,264.8,1,6
137,28,263.0,1,6
137,29,267.5,1,6
137,44,261.0,1,6
137,45,258.7,1,6
137,60,265.6,1,6
137,61,267.4,1,6
137,76,265.0,1,6
137,77,263.4,1,6
137,90,267.7,1,6
137,91,266.0,1,6
137,104,268.0,1,6
137,105,265.3,1,6
137,118,264.2,1,6
137,119,271.4,1,6
137,132,267.6,1,6
137,133,268.8,1,6
137,138,268.6,1,6
137,139,270.4,1,6
137,14,271.6,1,7
137,15,270.2,1,7
137,30,272.8,1,7
137,31,272.9,1,7
137,46,274.2,1,7
137,47,268.8,1,7
137,62,274.3,1,7
137,63,270.1,1,7
137,78,273.0,1,7
137,79,272.7,1,7
137,92,270.2,1,7
137,93,268.2,1,7
137,106,274.7,1,7
137,107,273.2,1,7
137,120,267.0,1,7
137,121,272.1,1,7
137,134,268.8,1,7
137,135,270.9,1,7
137,140,269.2,1,7
137,141,267.4,1,7
12,144,95.2,6,9
12,145,80.9,6,9
12,146,91.7,6,10
12,147,95.1,6,10
12,142,94.5,6,8
12,143,94.5,6,8
12,0,85.9,6,0
12,1,91.5,6,0
12,16,89.0,6,0
12,17,74.5,6,0
12,32,85.1,6,0
12,33,87.5,6,0
12,48,87.0,6,0
12,49,90.7,6,0
12,64,77.8,6,0
12,65,83.3,6,0
12,2,253.2,6,2
12,3,250.7,6,2
12,18,258.8,6,2
12,19,255.0,6,2
12,34,258.2,6,2
12,35,262.4,6,2
12,50,263.0,6,2
12,51,255.6,6,2
12,66,259.4,6,2
12,67,262.7,6,2
12,80,263.4,6,2
12,81,255.9,6,2
12,94,265.0,6,2
12,95,262.0,6,2
12,108,264.7,6,2
12,109,265.6,6,2
12,122,262.9,6,2
12,123,266.2,6,2
12,4,260.7,6,3
12,5,270.8,6,3
12,20,269.2,6,3
12,21,259.6,6,3
12,36,274.5,6,3
12,37,270.4,6,3
12,52,257.9,6,3
12,53,273.2,6,3
12,68,261.9,6,3
12,69,270.3,6,3
12,82,273.5,6,3
12,83,255.2,6,3
12,96,262.3,6,3
12,97,258.8,6,3
12,110,265.1,6,3
12,111,265.3,6,3
12,124,261.2,6,3
12,125,268.1,6,3
12,6,267.8,6,4
12,7,262.6,6,4
12,22,260.4,6,4
12,23,266.3,6,4
12,38,267.3,6,4
12,39,264.6,6,4
12,54,267.3,6,4
12,55,267.3,6,4
12,70,265.2,6,4
12,71,263.9,6,4
12,84,266.3,6,4
12,85,255.7,6,4
12,98,265.1,6,4
12,99,262.9,6,4
12,112,261.0,6,4
12,113,261.6,6,4
12,126,262.4,6,4
12,127,256.0,6,4
12,8,89.7,6,5
12,9,102.0,6,5
12,24,82.4,6,5
12,25,98.2,6,5
12,40,88.0,6,5
12,41,87.4,6,5
12,56,93.1,6,5
12,57,93.8,6,5
12,72,84.8,6,5
12,73,81.0,6,5
12,86,90.3,6,5
12,87,93.9,6,5
12,100,93.4,6,5
12,101,79.5,6,5
12,114,98.8,6,5
12,115,90.9,6,5
12,128,83.8,6,5
12,129,86.7,6,5
12,10,262.9,6,1
12,11,260.1,6,1
12,26,259.4,6,1
12,27,258.1,6,1
12,42,251.8,6,1
12,43,256.7,6,1
12,58,263.5,6,1
12,59,259.2,6,1
12,74,257.9,6,1
12,75,257.5,6,1
12,88,261.9,6,1
12,89,270.0,6,1
12,102,257.0,6,1
12,103,267.5,6,1
12,116,268.3,6,1
12,117,255.9,6,1
12,130,264.0,6,1
12,131,259.3,6,1
12,136,260.4,6,1
12,137,261.3,6,1
12,12,0.0,6,6
12,13,82.8,6,6
12,28,79.3,6,6
12,29,78.1,6,6
12,44,67.1,6,6
12,45,91.7,6,6
12,60,88.3,6,6
12,61,95.1,6,6
12,76,94.0,6,6
12,77,85.6,6,6
12,90,86.1,6,6
12,91,88.8,6,6
12,104,94.4,6,6
12,105,77.0,6,6
12,118,87.9,6,6
12,119,87.4,6,6
12,132,88.4,6,6
12,133,85.3,6,6
12,138,84.8,6,6
12,139,91.4,6,6
12,14,91.0,6,7
12,15,88.4,6,7
12,30,94.4,6,7
12,31,88.0,6,7
12,46,93.4,6,7
12,47,86.1,6,7
12,62,98.0,6,7
12,63,99.7,6,7
12,78,94.6,6,7
12,79,93.4,6,7
12,92,97.8,6,7
12,93,79.4,6,7
12,106,98.3,6,7
12,107,88.7,6,7
12,120,94.1,6,7
12,121,101.8,6,7
12,134,81.3,6,7
12,135,86.5,6,7
12,140,90.8,6,7
12,141,78.0,6,7
13,144,84.9,6,9
13,145,92.0,6,9
13,146,79.8,6,10
13,147,82.7,6,10
13,142,81.5,6,8
13,143,78.6,6,8
13,0,76.2,6,0
13,1,67.8,6,0
13,16,79.4,6,0
13,17,77.1,6,0
13,32,76.0,6,0
13,33,82.1,6,0
13,48,77.5,6,0
13,49,71.8,6,0
13,64,76.4,6,0
13,65,78.7,6,0
13,2,258.6,6,2
13,3,256.9,6,2
13,18,261.0,6,2
13,19,257.9,6,2
13,34,261.7,6,2
13,35,264.2,6,2
13,50,265.4,6,2
13,51,259.5,6,2
13,66,261.7,6,2
13,67,266.4,6,2
13,80,265.3,6,2
13,81,259.4,6,2
13,94,266.9,6,2
13,95,265.1,6,2
13,108,269.3,6,2
13,109,268.1,6,2
13,122,267.1,6,2
13,123,269.4,6,2
13,4,266.0,6,3
13,5,272.8,6,3
13,20,272.1,6,3
13,21,266.2,6,3
13,36,275.3,6,3
13,37,274.8,6,3
13,52,265.5,6,3
13,53,276.7,6,3
13,68,267.5,6,3
13,69,271.7,6,3
13,82,276.9,6,3
13,83,261.8,6,3
13,96,266.4,6,3
13,97,262.9,6,3
13,110,266.4,6,3
13,111,267.5,6,3
13,124,266.0,6,3
13,125,270.7,6,3
13,6,271.0,6,4
13,7,265.4,6,4
13,22,265.3,6,4
13,23,271.1,6,4
13,38,270.1,6,4
13,39,266.1,6,4
13,54,271.0,6,4
13,55,270.4,6,4
13,70,268.1,6,4
13,71,270.9,6,4
13,84,267.7,6,4
13,85,262.3,6,4
13,98,266.0,6,4
13,99,265.4,6,4
13,112,263.9,6,4
13,113,264.1,6,4
13,126,264.5,6,4
13,127,262.5,6,4
13,8,77.2,6,5
13,9,88.5,6,5
13,24,93.4,6,5
13,25,87.3,6,5
13,40,81.2,6,5
13,41,78.9,6,5
13,56,80.3,6,5
13,57,86.2,6,5
13,72,82.1,6,5
13,73,81.2,6,5
13,86,81.4,6,5
13,87,82.7,6,5
13,100,77.8,6,5
13,101,81.1,6,5
13,114,77.2,6,5
13,115,83.7,6,5
13,128,65.5,6,5
13,129,80.8,6,5
13,10,264.5,6,1
13,11,264.3,6,1
13,26,264.6,6,1
13,27,262.9,6,1
13,42,257.5,6,1
13,43,259.8,6,1
13,58,266.0,6,1
13,59,263.5,6,1
13,74,263.6,6,1
13,75,262.5,6,1
13,88,266.7,6,1
13,89,271.6,6,1
13,102,262.8,6,1
13,103,271.5,6,1
13,116,270.9,6,1
13,117,260.1,6,1
13,130,264.6,6,1
13,131,260.7,6,1
13,136,263.0,6,1
13,137,264.8,6,1
13,12,82.8,6,6
13,13,0.0,6,6
13,28,68.4,6,6
13,29,70.3,6,6
13,44,73.4,6,6
13,45,91.4,6,6
13,60,86.6,6,6
13,61,87.1,6,6
13,76,101.0,6,6
13,77,87.0,6,6
13,90,92.8,6,6
13,91,78.4,6,6
13,104,84.7,6,6
13,105,82.8,6,6
13,118,83.0,6,6
13,119,79.8,6,6
13,132,91.2,6,6
13,133,88.9,6,6
13,138,71.8,6,6
13,139,77.5,6,6
13,14,75.4,6,7
13,15,78.3,6,7
13,30,81.0,6,7
13,31,79.6,6,7
13,46,80.3,6,7
13,47,77.5,6,7
13,62,81.1,6,7
13,63,88.6,6,7
13,78,83.5,6,7
13,79,85.1,6,7
13,92,81.0,6,7
13,93,82.7,6,7
13,106,82.0,6,7
13,107,83.0,6,7
13,120,86.9,6,7
13,121,84.4,6,7
13,134,86.9,6,7
13,135,79.8,6,7
13,140,89.6,6,7
13,141,83.2,6,7
28,144,88.1,6,9
28,145,89.7,6,9
28,146,75.6,6,10
28,147,73.4,6,10
28,142,77.9,6,8
28,143,80.5,6,8
28,0,77.2,6,0
28,1,76.0,6,0
28,16,84.4,6,0
28,17,80.5,6,0
28,32,72.3,6,0
28,33,82.6,6,0
28,48,80.5,6,0
28,49,88.8,6,0
28,64,74.8,6,0
28,65,78.5,6,0
28,2,255.0,6,2
28,3,254.7,6,2
28,18,260.2,6,2
28,19,256.9,6,2
28,34,260.4,6,2
28,35,261.9,6,2
28,50,263.1,6,2
28,51,258.6,6,2
28,66,259.3,6,2
28,67,263.8,6,2
28,80,262.6,6,2
28,81,256.6,6,2
28,94,264.6,6,2
28,95,262.8,6,2
28,108,267.8,6,2
28,109,266.8,6,2
28,122,264.9,6,2
28,123,267.8,6,2
28,4,263.9,6,3
28,5,271.5,6,3
28,20,269.5,6,3
28,21,264.6,6,3
28,36,274.4,6,3
28,37,272.4,6,3
28,52,262.1,6,3
28,53,273.7,6,3
28,68,265.4,6,3
28,69,270.2,6,3
28,82,275.2,6,3
28,83,259.4,6,3
28,96,266.0,6,3
28,97,261.0,6,3
28,110,264.9,6,3
28,111,266.5,6,3
28,124,262.4,6,3
28,125,269.6,6,3
28,6,269.5,6,4
28,7,263.7,6,4
28,22,263.6,6,4
28,23,269.9,6,4
28,38,269.0,6,4
28,39,265.8,6,4
28,54,270.7,6,4
28,55,268.3,6,4
28,70,269.0,6,4
28,71,269.5,6,4
28,84,266.0,6,4
28,85,260.8,6,4
28,98,265.3,6,4
28,99,263.0,6,4
28,112,260.5,6,4
28,113,262.7,6,4
28,126,262.9,6,4
28,127,260.4,6,4
28,8,74.4,6,5
28,9,85.0,6,5
28,24,87.9,6,5
28,25,76.1,6,5
28,40,77.7,6,5
28,41,80.1,6,5
28,56,81.0,6,5
28,57,76.3,6,5
28,72,78.3,6,5
28,73,82.7,6,5
28,86,81.0,6,5
28,87,81.1,6,5
28,100,80.1,6,5
28,101,84.1,6,5
28,114,76.7,6,5
28,115,78.1,6,5
28,128,76.8,6,5
28,129,84.8,6,5
28,10,262.2,6,1
28,11,262.2,6,1
28,26,263.1,6,1
28,27,260.4,6,1
28,42,256.3,6,1
28,43,257.9,6,1
28,58,264.4,6,1
28,59,261.1,6,1
28,74,261.6,6,1
28,75,261.5,6,1
28,88,266.0,6,1
28,89,269.6,6,1
28,102,259.9,6,1
28,103,269.7,6,1
28,116,268.5,6,1
28,117,258.6,6,1
28,130,266.1,6,1
28,131,260.6,6,1
28,136,261.2,6,1
28,137,263.0,6,1
28,12,79.3,6,6
28,13,68.4,6,6
28,28,0.0,6,6
28,29,73.0,6,6
28,44,73.7,6,6
28,45,94.6,6,6
28,60,89.9,6,6
28,61,91.5,6,6
28,76,96.6,6,6
28,77,85.4,6,6
28,90,95.2,6,6
28,91,82.7,6,6
28,104,84.0,6,6
28,105,75.4,6,6
28,118,84.0,6,6
28,119,84.5,6,6
28,132,90.4,6,6
28,133,94.1,6,6
28,138,78.8,6,6
28,139,84.3,6,6
28,14,81.2,6,7
28,15,83.5,6,7
28,30,85.3,6,7
28,31,83.7,6,7
28,46,82.0,6,7
28,47,84.0,6,7
28,62,85.8,6,7
28,63,86.6,6,7
28,78,79.8,6,7
28,79,84.5,6,7
28,92,79.6,6,7
28,93,83.2,6,7
28,106,81.6,6,7
28,107,83.0,6,7
28,120,88.5,6,7
28,121,86.2,6,7
28,134,74.2,6,7
28,135,81.7,6,7
28,140,85.6,6,7
28,141,74.1,6,7
29,144,87.9,6,9
29,145,84.4,6,9
29,146,72.2,6,10
29,147,82.3,6,10
29,142,81.1,6,8
29,143,76.5,6,8
29,0,72.4,6,0
29,1,77.2,6,0
29,16,62.9,6,0
29,17,75.1,6,0
29,32,74.4,6,0
29,33,74.2,6,0
29,48,73.1,6,0
29,49,79.6,6,0
29,64,75.2,6,0
29,65,76.6,6,0
29,2,261.4,6,2
29,3,260.2,6,2
29,18,265.3,6,2
29,19,263.5,6,2
29,34,265.3,6,2
29,35,268.1,6,2
29,50,268.7,6,2
29,51,266.3,6,2
29,66,265.1,6,2
29,67,269.8,6,2
29,80,269.9,6,2
29,81,263.0,6,2
29,94,268.7,6,2
29,95,268.5,6,2
29,108,272.1,6,2
29,109,272.6,6,2
29,122,271.0,6,2
29,123,271.5,6,2
29,4,269.9,6,3
29,5,276.0,6,3
29,20,275.8,6,3
29,21,269.0,6,3
29,36,279.0,6,3
29,37,278.2,6,3
29,52,267.3,6,3
29,53,279.3,6,3
29,68,271.9,6,3
29,69,275.3,6,3
29,82,278.9,6,3
29,83,266.0,6,3
29,96,270.3,6,3
29,97,267.6,6,3
29,110,270.5,6,3
29,111,270.9,6,3
29,124,269.6,6,3
29,125,273.7,6,3
29,6,273.9,6,4
29,7,269.3,6,4
29,22,268.0,6,4
29,23,273.7,6,4
29,38,273.3,6,4
29,39,272.2,6,4
29,54,274.2,6,4
29,55,273.9,6,4
29,70,273.2,6,4
29,71,273.8,6,4
29,84,271.6,6,4
29,85,266.8,6,4
29,98,270.3,6,4
29,99,268.6,6,4
29,112,268.2,6,4
29,113,267.4,6,4
29,126,268.9,6,4
29,127,266.4,6,4
29,8,77.7,6,5
29,9,87.1,6,5
29,24,86.7,6,5
29,25,84.2,6,5
29,40,77.1,6,5
29,41,77.3,6,5
29,56,69.1,6,5
29,57,78.3,6,5
29,72,75.0,6,5
29,73,78.3,6,5
29,86,79.3,6,5
29,87,75.7,6,5
29,100,75.2,6,5
29,101,77.2,6,5
29,114,86.5,6,5
29,115,75.6,6,5
29,128,75.1,6,5
29,129,73.2,6,5
29,10,268.0,6,1
29,11,268.0,6,1
29,26,267.9,6,1
29,27,267.2,6,1
29,42,261.9,6,1
29,43,265.8,6,1
29,58,269.6,6,1
29,59,267.2,6,1
29,74,267.2,6,1
29,75,267.5,6,1
29,88,269.6,6,1
29,89,274.3,6,1
29,102,266.2,6,1
29,103,273.2,6,1
29,116,273.1,6,1
29,117,265.5,6,1
29,130,270.1,6,1
29,131,266.4,6,1
29,136,265.9,6,1
29,137,267.5,6,1
29,12,78.1,6,6
29,13,70.3,6,6
29,28,73.0,6,6
29,29,0.0,6,6
29,44,76.0,6,6
29,45,97.9,6,6
29,60,76.2,6,6
29,61,69.8,6,6
29,76,84.4,6,6
29,77,79.3,6,6
29,90,83.2,6,6
29,91,79.4,6,6
29,104,71.4,6,6
29,105,82.8,6,6
29,118,78.5,6,6
29,119,66.2,6,6
29,132,80.6,6,6
29,133,80.0,6,6
29,138,76.0,6,6
29,139,76.0,6,6
29,14,75.4,6,7
29,15,77.6,6,7
29,30,69.6,6,7
29,31,72.1,6,7
29,46,72.1,6,7
29,47,86.0,6,7
29,62,78.7,6,7
29,63,87.5,6,7
29,78,84.8,6,7
29,79,78.7,6,7
29,92,80.5,6,7
29,93,80.0,6,7
29,106,73.5,6,7
29,107,85.2,6,7
29,120,89.2,6,7
29,121,82.0,6,7
29,134,87.5,6,7
29,135,85.6,6,7
29,140,82.6,6,7
29,141,77.4,6,7
44,144,89.9,6,9
44,145,69.4,6,9
44,146,85.9,6,10
44,147,87.2,6,10
44,142,86.2,6,8
44,143,83.3,6,8
44,0,82.2,6,0
44,1,83.4,6,0
44,16,80.5,6,0
44,17,73.8,6,0
44,32,75.2,6,0
44,33,86.3,6,0
44,48,77.0,6,0
44,49,83.7,6,0
44,64,70.6,6,0
44,65,74.3,6,0
44,2,253.8,6,2
44,3,250.6,6,2
44,18,258.3,6,2
44,19,255.0,6,2
44,34,257.0,6,2
44,35,260.9,6,2
44,50,262.0,6,2
44,51,251.5,6,2
44,66,257.8,6,2
44,67,262.2,6,2
44,80,262.5,6,2
44,81,254.8,6,2
44,94,263.5,6,2
44,95,261.7,6,2
44,108,265.6,6,2
44,109,265.1,6,2
44,122,263.4,6,2
44,123,266.5,6,2
44,4,261.2,6,3
44,5,270.0,6,3
44,20,268.9,6,3
44,21,260.5,6,3
44,36,273.3,6,3
44,37,271.5,6,3
44,52,258.7,6,3
44,53,272.9,6,3
44,68,263.4,6,3
44,69,268.8,6,3
44,82,273.5,6,3
44,83,256.3,6,3
44,96,263.1,6,3
44,97,259.9,6,3
44,110,264.9,6,3
44,111,264.6,6,3
44,124,261.5,6,3
44,125,267.8,6,3
44,6,267.9,6,4
44,7,262.0,6,4
44,22,261.6,6,4
44,23,267.2,6,4
44,38,267.0,6,4
44,39,263.5,6,4
44,54,267.7,6,4
44,55,266.8,6,4
44,70,266.6,6,4
44,71,265.7,6,4
44,84,265.2,6,4
44,85,254.9,6,4
44,98,263.6,6,4
44,99,262.0,6,4
44,112,259.7,6,4
44,113,260.8,6,4
44,126,259.6,6,4
44,127,255.8,6,4
44,8,77.4,6,5
44,9,92.1,6,5
44,24,69.0,6,5
44,25,89.8,6,5
44,40,84.6,6,5
44,41,84.1,6,5
44,56,90.5,6,5
44,57,90.5,6,5
44,72,82.6,6,5
44,73,80.7,6,5
44,86,88.5,6,5
44,87,85.3,6,5
44,100,89.1,6,5
44,101,82.1,6,5
44,114,85.4,6,5
44,115,88.0,6,5
44,128,76.8,6,5
44,129,82.7,6,5
44,10,261.1,6,1
44,11,260.7,6,1
44,26,260.6,6,1
44,27,257.0,6,1
44,42,253.3,6,1
44,43,257.4,6,1
44,58,261.8,6,1
44,59,259.6,6,1
44,74,259.4,6,1
44,75,257.9,6,1
44,88,262.8,6,1
44,89,269.1,6,1
44,102,256.9,6,1
44,103,267.3,6,1
44,116,267.4,6,1
44,117,254.4,6,1
44,130,263.5,6,1
44,131,258.8,6,1
44,136,259.3,6,1
44,137,261.0,6,1
44,12,67.1,6,6
44,13,73.4,6,6
44,28,73.7,6,6
44,29,76.0,6,6
44,44,0.0,6,6
44,45,80.7,6,6
44,60,85.1,6,6
44,61,90.7,6,6
44,76,96.0,6,6
44,77,85.1,6,6
44,90,78.3,6,6
44,91,81.7,6,6
44,104,83.0,6,6
44,105,74.4,6,6
44,118,79.8,6,6
44,119,80.4,6,6
44,132,86.9,6,6
44,133,82.8,6,6
44,138,79.1,6,6
44,139,80.6,6,6
44,14,82.9,6,7
44,15,74.8,6,7
44,30,87.1,6,7
44,31,82.6,6,7
44,46,84.2,6,7
44,47,85.0,6,7
44,62,89.3,6,7
44,63,90.8,6,7
44,78,86.8,6,7
44,79,85.6,6,7
44,92,87.7,6,7
44,93,77.7,6,7
44,106,93.9,6,7
44,107,73.7,6,7
44,120,88.7,6,7
44,121,93.4,6,7
44,134,87.0,6,7
44,135,88.8,6,7
44,140,92.3,6,7
44,141,85.0,6,7
45,144,102.7,6,9
45,145,76.6,6,9
45,146,102.4,6,10
45,147,95.3,6,10
45,142,99.6,6,8
45,143,93.5,6,8
45,0,91.0,6,0
45,1,100.0,6,0
45,16,99.4,6,0
45,17,91.0,6,0
45,32,95.4,6,0
45,33,106.5,6,0
45,48,100.4,6,0
45,49,100.0,6,0
45,64,83.2,6,0
45,65,85.8,6,0
45,2,251.1,6,2
45,3,247.6,6,2
45,18,256.0,6,2
45,19,251.8,6,2
45,34,253.3,6,2
45,35,258.0,6,2
45,50,259.8,6,2
45,51,246.8,6,2
45,66,255.2,6,2
45,67,259.0,6,2
45,80,260.2,6,2
45,81,250.0,6,2
45,94,261.9,6,2
45,95,259.5,6,2
45,108,263.4,6,2
45,109,263.0,6,2
45,122,261.1,6,2
45,123,265.4,6,2
45,4,257.4,6,3
45,5,268.5,6,3
45,20,265.7,6,3
45,21,257.3,6,3
45,36,271.1,6,3
45,37,268.7,6,3
45,52,253.8,6,3
45,53,271.6,6,3
45,68,260.6,6,3
45,69,267.4,6,3
45,82,272.0,6,3
45,83,252.0,6,3
45,96,260.0,6,3
45,97,256.7,6,3
45,110,261.7,6,3
45,111,261.4,6,3
45,124,259.3,6,3
45,125,266.1,6,3
45,6,265.0,6,4
45,7,260.0,6,4
45,22,258.4,6,4
45,23,265.7,6,4
45,38,264.6,6,4
45,39,260.5,6,4
45,54,265.5,6,4
45,55,264.5,6,4
45,70,264.2,6,4
45,71,262.2,6,4
45,84,260.1,6,4
45,85,249.9,6,4
45,98,260.8,6,4
45,99,259.8,6,4
45,112,255.0,6,4
45,113,257.4,6,4
45,126,257.1,6,4
45,127,253.6,6,4
45,8,97.4,6,5
45,9,101.4,6,5
45,24,85.9,6,5
45,25,96.6,6,5
45,40,104.4,6,5
45,41,98.3,6,5
45,56,110.5,6,5
45,57,108.3,6,5
45,72,96.6,6,5
45,73,102.9,6,5
45,86,89.6,6,5
45,87,102.2,6,5
45,100,102.3,6,5
45,101,99.4,6,5
45,114,98.1,6,5
45,115,100.7,6,5
45,128,98.8,6,5
45,129,98.5,6,5
45,10,258.8,6,1
45,11,258.4,6,1
45,26,258.3,6,1
45,27,255.4,6,1
45,42,250.4,6,1
45,43,253.8,6,1
45,58,259.4,6,1
45,59,257.0,6,1
45,74,256.0,6,1
45,75,255.9,6,1
45,88,260.1,6,1
45,89,268.2,6,1
45,102,253.3,6,1
45,103,267.0,6,1
45,116,265.2,6,1
45,117,252.4,6,1
45,130,259.8,6,1
45,131,254.9,6,1
45,136,256.6,6,1
45,137,258.7,6,1
45,12,91.7,6,6
45,13,91.4,6,6
45,28,94.6,6,6
45,29,97.9,6,6
45,44,80.7,6,6
45,45,0.0,6,6
45,60,81.7,6,6
45,61,86.6,6,6
45,76,86.0,6,6
45,77,74.0,6,6
45,90,81.8,6,6
45,91,76.3,6,6
45,104,81.2,6,6
45,105,81.7,6,6
45,118,72.3,6,6
45,119,89.6,6,6
45,132,88.4,6,6
45,133,91.7,6,6
45,138,82.8,6,6
45,139,88.4,6,6
45,14,88.2,6,7
45,15,94.3,6,7
45,30,95.6,6,7
45,31,97.6,6,7
45,46,94.8,6,7
45,47,98.0,6,7
45,62,102.2,6,7
45,63,95.5,6,7
45,78,100.0,6,7
45,79,101.0,6,7
45,92,93.1,6,7
45,93,86.3,6,7
45,106,108.8,6,7
45,107,89.9,6,7
45,120,94.4,6,7
45,121,104.5,6,7
45,134,101.6,6,7
45,135,105.2,6,7
45,140,107.1,6,7
45,141,102.9,6,7
60,144,87.6,6,9
60,145,79.9,6,9
60,146,84.2,6,10
60,147,90.3,6,10
60,142,94.4,6,8
60,143,87.6,6,8
60,0,82.8,6,0
60,1,80.4,6,0
60,16,84.0,6,0
60,17,79.8,6,0
60,32,78.2,6,0
60,33,74.8,6,0
60,48,84.0,6,0
60,49,69.9,6,0
60,64,78.2,6,0
60,65,82.9,6,0
60,2,259.3,6,2
60,3,257.5,6,2
60,18,262.9,6,2
60,19,260.7,6,2
60,34,261.6,6,2
60,35,266.6,6,2
60,50,267.6,6,2
60,51,262.0,6,2
60,66,263.6,6,2
60,67,268.7,6,2
60,80,268.8,6,2
60,81,260.7,6,2
60,94,268.4,6,2
60,95,268.0,6,2
60,108,270.4,6,2
60,109,271.6,6,2
60,122,269.0,6,2
60,123,271.6,6,2
60,4,266.7,6,3
60,5,275.6,6,3
60,20,275.3,6,3
60,21,266.1,6,3
60,36,278.5,6,3
60,37,276.4,6,3
60,52,266.0,6,3
60,53,278.9,6,3
60,68,269.4,6,3
60,69,275.2,6,3
60,82,277.1,6,3
60,83,263.1,6,3
60,96,268.3,6,3
60,97,265.2,6,3
60,110,269.6,6,3
60,111,269.3,6,3
60,124,267.3,6,3
60,125,272.3,6,3
60,6,272.0,6,4
60,7,267.3,6,4
60,22,266.0,6,4
60,23,271.0,6,4
60,38,271.4,6,4
60,39,270.1,6,4
60,54,271.3,6,4
60,55,273.6,6,4
60,70,271.7,6,4
60,71,270.3,6,4
60,84,270.5,6,4
60,85,262.0,6,4
60,98,267.4,6,4
60,99,266.8,6,4
60,112,266.6,6,4
60,113,264.7,6,4
60,126,267.3,6,4
60,127,263.0,6,4
60,8,87.7,6,5
60,9,88.0,6,5
60,24,91.3,6,5
60,25,92.1,6,5
60,40,89.4,6,5
60,41,87.8,6,5
60,56,89.8,6,5
60,57,100.2,6,5
60,72,82.7,6,5
60,73,90.0,6,5
60,86,93.5,6,5
60,87,85.9,6,5
60,100,87.3,6,5
60,101,91.2,6,5
60,114,93.6,6,5
60,115,87.3,6,5
60,128,87.4,6,5
60,129,77.5,6,5
60,10,266.7,6,1
60,11,265.6,6,1
60,26,264.8,6,1
60,27,264.7,6,1
60,42,259.5,6,1
60,43,263.5,6,1
60,58,268.2,6,1
60,59,265.4,6,1
60,74,265.0,6,1
60,75,265.0,6,1
60,88,267.6,6,1
60,89,273.0,6,1
60,102,264.0,6,1
60,103,273.1,6,1
60,116,271.5,6,1
60,117,263.1,6,1
60,130,268.5,6,1
60,131,265.8,6,1
60,136,264.0,6,1
60,137,265.6,6,1
60,12,88.3,6,6
60,13,86.6,6,6
60,28,89.9,6,6
60,29,76.2,6,6
60,44,85.1,6,6
60,45,81.7,6,6
60,60,0.0,6,6
60,61,64.5,6,6
60,76,75.4,6,6
60,77,75.4,6,6
60,90,74.9,6,6
60,91,69.7,6,6
60,104,70.2,6,6
60,105,77.0,6,6
60,118,77.3,6,6
60,119,73.6,6,6
60,132,75.5,6,6
60,133,65.2,6,6
60,138,75.0,6,6
60,139,69.9,6,6
60,14,83.3,6,7
60,15,81.2,6,7
60,30,75.8,6,7
60,31,78.4,6,7
60,46,82.1,6,7
60,47,87.6,6,7
60,62,87.1,6,7
60,63,89.8,6,7
60,78,88.7,6,7
60,79,86.2,6,7
60,92,89.0,6,7
60,93,77.5,6,7
60,106,82.4,6,7
60,107,90.7,6,7
60,120,89.1,6,7
60,121,93.4,6,7
60,134,92.0,6,7
60,135,92.9,6,7
60,140,84.2,6,7
60,141,91.8,6,7
61,144,84.9,6,9
61,145,84.4,6,9
61,146,78.9,6,10
61,147,85.9,6,10
61,142,96.3,6,8
61,143,77.7,6,8
61,0,81.0,6,0
61,1,77.2,6,0
61,16,79.8,6,0
61,17,80.3,6,0
61,32,82.4,6,0
61,33,76.8,6,0
61,48,81.9,6,0
61,49,79.7,6,0
61,64,83.2,6,0
61,65,85.0,6,0
61,2,261.5,6,2
61,3,260.1,6,2
61,18,264.3,6,2
61,19,261.2,6,2
61,34,264.5,6,2
61,35,266.8,6,2
61,50,268.8,6,2
61,51,262.9,6,2
61,66,264.4,6,2
61,67,269.4,6,2
61,80,269.2,6,2
61,81,262.6,6,2
61,94,270.1,6,2
61,95,268.6,6,2
61,108,272.0,6,2
61,109,271.6,6,2
61,122,271.0,6,2
61,123,272.0,6,2
61,4,269.0,6,3
61,5,276.1,6,3
61,20,275.7,6,3
61,21,269.0,6,3
61,36,278.1,6,3
61,37,277.7,6,3
61,52,268.0,6,3
61,53,279.8,6,3
61,68,271.6,6,3
61,69,274.7,6,3
61,82,278.9,6,3
61,83,265.8,6,3
61,96,270.5,6,3
61,97,267.0,6,3
61,110,269.6,6,3
61,111,270.6,6,3
61,124,269.4,6,3
61,125,273.7,6,3
61,6,273.6,6,4
61,7,269.7,6,4
61,22,268.1,6,4
61,23,273.5,6,4
61,38,272.3,6,4
61,39,270.3,6,4
61,54,273.4,6,4
61,55,273.9,6,4
61,70,272.1,6,4
61,71,272.9,6,4
61,84,269.5,6,4
61,85,264.4,6,4
61,98,267.9,6,4
61,99,268.2,6,4
61,112,267.2,6,4
61,113,266.2,6,4
61,126,267.6,6,4
61,127,265.2,6,4
61,8,87.5,6,5
61,9,85.0,6,5
61,24,95.9,6,5
61,25,90.4,6,5
61,40,90.6,6,5
61,41,84.2,6,5
61,56,87.0,6,5
61,57,97.6,6,5
61,72,85.3,6,5
61,73,90.0,6,5
61,86,90.1,6,5
61,87,84.4,6,5
61,100,84.0,6,5
61,101,90.8,6,5
61,114,91.5,6,5
61,115,82.9,6,5
61,128,87.4,6,5
61,129,82.3,6,5
61,10,266.4,6,1
61,11,267.1,6,1
61,26,266.8,6,1
61,27,265.7,6,1
61,42,261.2,6,1
61,43,264.0,6,1
61,58,268.4,6,1
61,59,266.6,6,1
61,74,266.6,6,1
61,75,266.4,6,1
61,88,268.5,6,1
61,89,273.4,6,1
61,102,265.1,6,1
61,103,273.8,6,1
61,116,272.6,6,1
61,117,263.1,6,1
61,130,268.5,6,1
61,131,266.0,6,1
61,136,264.6,6,1
61,137,267.4,6,1
61,12,95.1,6,6
61,13,87.1,6,6
61,28,91.5,6,6
61,29,69.8,6,6
61,44,90.7,6,6
61,45,86.6,6,6
61,60,64.5,6,6
61,61,0.0,6,6
61,76,72.4,6,6
61,77,74.2,6,6
61,90,68.7,6,6
61,91,72.4,6,6
61,104,60.6,6,6
61,105,78.5,6,6
61,118,75.6,6,6
61,119,64.8,6,6
61,132,75.1,6,6
61,133,75.0,6,6
61,138,73.1,6,6
61,139,69.0,6,6
61,14,81.0,6,7
61,15,81.6,6,7
61,30,84.6,6,7
61,31,78.4,6,7
61,46,81.6,6,7
61,47,90.5,6,7
61,62,78.5,6,7
61,63,93.7,6,7
61,78,93.5,6,7
61,79,84.7,6,7
61,92,89.2,6,7
61,93,84.2,6,7
61,106,85.7,6,7
61,107,87.1,6,7
61,120,93.8,6,7
61,121,73.6,6,7
61,134,96.1,6,7
61,135,87.9,6,7
61,140,85.7,6,7
61,141,94.1,6,7
76,144,92.5,6,9
76,145,84.9,6,9
76,146,96.6,6,10
76,147,98.1,6,10
76,142,109.4,6,8
76,143,97.1,6,8
76,0,86.4,6,0
76,1,97.4,6,0
76,16,89.3,6,0
76,17,90.8,6,0
76,32,93.0,6,0
76,33,91.5,6,0
76,48,95.5,6,0
76,49,96.7,6,0
76,64,90.8,6,0
76,65,78.9,6,0
76,2,257.7,6,2
76,3,257.2,6,2
76,18,260.4,6,2
76,19,259.0,6,2
76,34,260.3,6,2
76,35,264.8,6,2
76,50,266.5,6,2
76,51,258.9,6,2
76,66,260.1,6,2
76,67,265.1,6,2
76,80,267.3,6,2
76,81,256.7,6,2
76,94,268.3,6,2
76,95,265.9,6,2
76,108,269.7,6,2
76,109,270.0,6,2
76,122,267.8,6,2
76,123,271.3,6,2
76,4,263.6,6,3
76,5,274.5,6,3
76,20,273.4,6,3
76,21,265.4,6,3
76,36,277.2,6,3
76,37,274.4,6,3
76,52,262.5,6,3
76,53,277.3,6,3
76,68,267.7,6,3
76,69,274.2,6,3
76,82,277.1,6,3
76,83,261.8,6,3
76,96,266.1,6,3
76,97,263.4,6,3
76,110,266.2,6,3
76,111,267.4,6,3
76,124,264.9,6,3
76,125,271.1,6,3
76,6,270.2,6,4
76,7,267.1,6,4
76,22,262.6,6,4
76,23,271.9,6,4
76,38,268.4,6,4
76,39,269.2,6,4
76,54,270.8,6,4
76,55,273.3,6,4
76,70,271.0,6,4
76,71,268.3,6,4
76,84,267.6,6,4
76,85,260.4,6,4
76,98,267.6,6,4
76,99,266.9,6,4
76,112,264.4,6,4
76,113,262.3,6,4
76,126,266.5,6,4
76,127,262.7,6,4
76,8,94.8,6,5
76,9,101.2,6,5
76,24,100.1,6,5
76,25,101.3,6,5
76,40,104.2,6,5
76,41,90.7,6,5
76,56,96.4,6,5
76,57,105.5,6,5
76,72,91.3,6,5
76,73,95.6,6,5
76,86,97.6,6,5
76,87,97.0,6,5
76,100,94.4,6,5
76,101,93.2,6,5
76,114,102.5,6,5
76,115,85.3,6,5
76,128,97.7,6,5
76,129,88.5,6,5
76,10,265.4,6,1
76,11,264.8,6,1
76,26,263.5,6,1
76,27,263.4,6,1
76,42,258.2,6,1
76,43,262.3,6,1
76,58,267.6,6,1
76,59,262.6,6,1
76,74,263.2,6,1
76,75,264.2,6,1
76,88,264.8,6,1
76,89,273.9,6,1
76,102,263.8,6,1
76,103,273.0,6,1
76,116,271.5,6,1
76,117,262.3,6,1
76,130,267.7,6,1
76,131,264.6,6,1
76,136,260.3,6,1
76,137,265.0,6,1
76,12,94.0,6,6
76,13,101.0,6,6
76,28,96.6,6,6
76,29,84.4,6,6
76,44,96.0,6,6
76,45,86.0,6,6
76,60,75.4,6,6
76,61,72.4,6,6
76,76,0.0,6,6
76,77,78.2,6,6
76,90,80.7,6,6
76,91,71.4,6,6
76,104,80.3,6,6
76,105,83.3,6,6
76,118,84.7,6,6
76,119,77.2,6,6
76,132,78.4,6,6
76,133,82.0,6,6
76,138,84.3,6,6
76,139,84.0,6,6
76,14,86.9,6,7
76,15,88.7,6,7
76,30,85.7,6,7
76,31,87.7,6,7
76,46,93.0,6,7
76,47,102.2,6,7
76,62,97.3,6,7
76,63,102.5,6,7
76,78,103.7,6,7
76,79,97.0,6,7
76,92,100.1,6,7
76,93,91.3,6,7
76,106,97.2,6,7
76,107,99.3,6,7
76,120,100.7,6,7
76,121,104.2,6,7
76,134,106.1,6,7
76,135,102.9,6,7
76,140,94.2,6,7
76,141,100.6,6,7
77,144,96.1,6,9
77,145,88.7,6,9
77,146,83.3,6,10
77,147,82.0,6,10
77,142,81.7,6,8
77,143,84.2,6,8
77,0,78.0,6,0
77,1,80.3,6,0
77,16,77.4,6,0
77,17,81.3,6,0
77,32,86.2,6,0
77,33,85.4,6,0
77,48,80.9,6,0
77,49,84.7,6,0
77,64,84.7,6,0
77,65,85.0,6,0
77,2,256.6,6,2
77,3,255.4,6,2
77,18,259.9,6,2
77,19,257.7,6,2
77,34,260.1,6,2
77,35,262.7,6,2
77,50,263.8,6,2
77,51,257.4,6,2
77,66,259.6,6,2
77,67,264.1,6,2
77,80,263.9,6,2
77,81,257.9,6,2
77,94,265.1,6,2
77,95,263.7,6,2
77,108,267.4,6,2
77,109,267.8,6,2
77,122,265.3,6,2
77,123,268.8,6,2
77,4,264.3,6,3
77,5,271.2,6,3
77,20,269.9,6,3
77,21,264.2,6,3
77,36,274.7,6,3
77,37,272.4,6,3
77,52,260.5,6,3
77,53,274.2,6,3
77,68,266.1,6,3
77,69,270.6,6,3
77,82,274.9,6,3
77,83,260.1,6,3
77,96,265.6,6,3
77,97,262.9,6,3
77,110,265.4,6,3
77,111,266.9,6,3
77,124,264.2,6,3
77,125,268.9,6,3
77,6,269.2,6,4
77,7,265.0,6,4
77,22,263.1,6,4
77,23,269.9,6,4
77,38,268.5,6,4
77,39,266.8,6,4
77,54,269.6,6,4
77,55,269.6,6,4
77,70,268.7,6,4
77,71,268.6,6,4
77,84,265.3,6,4
77,85,259.0,6,4
77,98,265.1,6,4
77,99,263.6,6,4
77,112,260.7,6,4
77,113,262.6,6,4
77,126,262.8,6,4
77,127,260.4,6,4
77,8,84.5,6,5
77,9,85.1,6,5
77,24,88.4,6,5
77,25,87.4,6,5
77,40,81.6,6,5
77,41,83.9,6,5
77,56,89.1,6,5
77,57,91.1,6,5
77,72,83.1,6,5
77,73,88.3,6,5
77,86,74.8,6,5
77,87,75.4,6,5
77,100,85.5,6,5
77,101,87.7,6,5
77,114,92.4,6,5
77,115,82.5,6,5
77,128,81.3,6,5
77,129,84.4,6,5
77,10,263.0,6,1
77,11,261.9,6,1
77,26,261.9,6,1
77,27,260.9,6,1
77,42,256.7,6,1
77,43,260.5,6,1
77,58,264.1,6,1
77,59,261.9,6,1
77,74,262.3,6,1
77,75,262.5,6,1
77,88,265.7,6,1
77,89,270.0,6,1
77,102,259.7,6,1
77,103,268.9,6,1
77,116,269.0,6,1
77,117,259.6,6,1
77,130,266.0,6,1
77,131,261.9,6,1
77,136,260.8,6,1
77,137,263.4,6,1
77,12,85.6,6,6
77,13,87.0,6,6
77,28,85.4,6,6
77,29,79.3,6,6
77,44,85.1,6,6
77,45,74.0,6,6
77,60,75.4,6,6
77,61,74.2,6,6
77,76,78.2,6,6
77,77,0.0,6,6
77,90,72.8,6,6
77,91,70.9,6,6
77,104,79.4,6,6
77,105,79.2,6,6
77,118,63.3,6,6
77,119,73.1,6,6
77,132,75.6,6,6
77,133,77.8,6,6
77,138,70.9,6,6
77,139,70.4,6,6
77,14,76.2,6,7
77,15,82.1,6,7
77,30,85.0,6,7
77,31,78.6,6,7
77,46,81.2,6,7
77,47,85.3,6,7
77,62,78.6,6,7
77,63,83.2,6,7
77,78,88.8,6,7
77,79,83.0,6,7
77,92,74.0,6,7
77,93,73.1,6,7
77,106,87.6,6,7
77,107,85.0,6,7
77,120,98.5,6,7
77,121,94.5,6,7
77,134,90.2,6,7
77,135,88.9,6,7
77,140,92.6,6,7
77,141,82.6,6,7
90,144,104.9,6,9
90,145,84.9,6,9
90,146,91.2,6,10
90,147,90.7,6,10
90,142,92.1,6,8
90,143,90.5,6,8
90,0,89.4,6,0
90,1,90.4,6,0
90,16,72.9,6,0
90,17,70.4,6,0
90,32,88.0,6,0
90,33,91.7,6,0
90,48,81.2,6,0
90,49,91.8,6,0
90,64,84.4,6,0
90,65,88.5,6,0
90,2,261.2,6,2
90,3,258.6,6,2
90,18,265.1,6,2
90,19,263.5,6,2
90,34,264.5,6,2
90,35,268.3,6,2
90,50,269.4,6,2
90,51,259.5,6,2
90,66,264.5,6,2
90,67,269.5,6,2
90,80,271.0,6,2
90,81,264.3,6,2
90,94,271.3,6,2
90,95,269.7,6,2
90,108,272.6,6,2
90,109,272.2,6,2
90,122,271.0,6,2
90,123,274.1,6,2
90,4,268.3,6,3
90,5,276.0,6,3
90,20,275.6,6,3
90,21,267.6,6,3
90,36,278.7,6,3
90,37,277.4,6,3
90,52,264.8,6,3
90,53,278.6,6,3
90,68,269.8,6,3
90,69,274.5,6,3
90,82,278.5,6,3
90,83,265.0,6,3
90,96,269.8,6,3
90,97,268.1,6,3
90,110,271.0,6,3
90,111,271.0,6,3
90,124,269.7,6,3
90,125,274.1,6,3
90,6,273.9,6,4
90,7,269.0,6,4
90,22,268.2,6,4
90,23,273.8,6,4
90,38,273.2,6,4
90,39,270.9,6,4
90,54,274.4,6,4
90,55,273.4,6,4
90,70,273.8,6,4
90,71,272.5,6,4
90,84,271.8,6,4
90,85,261.0,6,4
90,98,270.7,6,4
90,99,269.1,6,4
90,112,265.6,6,4
90,113,268.1,6,4
90,126,266.9,6,4
90,127,264.6,6,4
90,8,90.7,6,5
90,9,93.9,6,5
90,24,81.2,6,5
90,25,99.5,6,5
90,40,95.5,6,5
90,41,86.8,6,5
90,56,92.5,6,5
90,57,98.6,6,5
90,72,86.8,6,5
90,73,89.4,6,5
90,86,94.9,6,5
90,87,85.4,6,5
90,100,93.6,6,5
90,101,86.4,6,5
90,114,97.8,6,5
90,115,86.9,6,5
90,128,86.2,6,5
90,129,86.6,6,5
90,10,267.8,6,1
90,11,267.9,6,1
90,26,265.9,6,1
90,27,262.9,6,1
90,42,259.9,6,1
90,43,265.8,6,1
90,58,267.7,6,1
90,59,267.1,6,1
90,74,267.3,6,1
90,75,266.2,6,1
90,88,270.2,6,1
90,89,276.2,6,1
90,102,264.9,6,1
90,103,274.0,6,1
90,116,273.5,6,1
90,117,263.9,6,1
90,130,269.1,6,1
90,131,266.8,6,1
90,136,265.1,6,1
90,137,267.7,6,1
90,12,86.1,6,6
90,13,92.8,6,6
90,28,95.2,6,6
90,29,83.2,6,6
90,44,78.3,6,6
90,45,81.8,6,6
90,60,74.9,6,6
90,61,68.7,6,6
90,76,80.7,6,6
90,77,72.8,6,6
90,90,0.0,6,6
90,91,79.8,6,6
90,104,75.5,6,6
90,105,70.5,6,6
90,118,75.7,6,6
90,119,73.5,6,6
90,132,69.4,6,6
90,133,71.6,6,6
90,138,77.3,6,6
90,139,78.8,6,6
90,14,81.7,6,7
90,15,90.6,6,7
90,30,92.6,6,7
90,31,82.1,6,7
90,46,86.8,6,7
90,47,94.5,6,7
90,62,88.4,6,7
90,63,93.4,6,7
90,78,100.1,6,7
90,79,86.4,6,7
90,92,95.3,6,7
90,93,86.1,6,7
90,106,99.3,6,7
90,107,87.6,6,7
90,120,101.3,6,7
90,121,102.5,6,7
90,134,98.5,6,7
90,135,103.0,6,7
90,140,99.2,6,7
90,141,98.1,6,7
91,144,89.5,6,9
91,145,77.3,6,9
91,146,85.3,6,10
91,147,79.6,6,10
91,142,87.3,6,8
91,143,79.7,6,8
91,0,77.5,6,0
91,1,78.2,6,0
91,16,75.6,6,0
91,17,78.4,6,0
91,32,75.9,6,0
91,33,85.7,6,0
91,48,82.3,6,0
91,49,82.1,6,0
91,64,76.0,6,0
91,65,78.3,6,0
91,2,258.4,6,2
91,3,257.7,6,2
91,18,261.6,6,2
91,19,258.8,6,2
91,34,259.9,6,2
91,35,263.8,6,2
91,50,265.9,6,2
91,51,258.2,6,2
91,66,261.3,6,2
91,67,265.1,6,2
91,80,266.6,6,2
91,81,256.5,6,2
91,94,267.5,6,2
91,95,265.0,6,2
91,108,270.1,6,2
91,109,269.5,6,2
91,122,267.7,6,2
91,123,271.3,6,2
91,4,264.7,6,3
91,5,274.3,6,3
91,20,273.2,6,3
91,21,266.2,6,3
91,36,277.3,6,3
91,37,275.4,6,3
91,52,264.9,6,3
91,53,277.6,6,3
91,68,267.7,6,3
91,69,273.9,6,3
91,82,277.6,6,3
91,83,262.7,6,3
91,96,266.9,6,3
91,97,264.7,6,3
91,110,267.8,6,3
91,111,268.3,6,3
91,124,266.8,6,3
91,125,271.7,6,3
91,6,271.8,6,4
91,7,267.3,6,4
91,22,265.2,6,4
91,23,272.2,6,4
91,38,270.2,6,4
91,39,268.6,6,4
91,54,271.7,6,4
91,55,272.6,6,4
91,70,271.2,6,4
91,71,270.1,6,4
91,84,267.9,6,4
91,85,260.6,6,4
91,98,267.3,6,4
91,99,265.7,6,4
91,112,264.2,6,4
91,113,263.0,6,4
91,126,264.6,6,4
91,127,262.8,6,4
91,8,82.2,6,5
91,9,89.5,6,5
91,24,89.8,6,5
91,25,89.1,6,5
91,40,84.3,6,5
91,41,81.1,6,5
91,56,86.7,6,5
91,57,92.5,6,5
91,72,84.7,6,5
91,73,87.9,6,5
91,86,87.3,6,5
91,87,85.2,6,5
91,100,87.6,6,5
91,101,91.1,6,5
91,114,83.6,6,5
91,115,85.5,6,5
91,128,84.3,6,5
91,129,84.8,6,5
91,10,265.6,6,1
91,11,264.2,6,1
91,26,264.6,6,1
91,27,263.6,6,1
91,42,258.7,6,1
91,43,261.4,6,1
91,58,267.2,6,1
91,59,263.3,6,1
91,74,264.1,6,1
91,75,264.2,6,1
91,88,266.3,6,1
91,89,273.3,6,1
91,102,263.5,6,1
91,103,271.9,6,1
91,116,271.5,6,1
91,117,261.4,6,1
91,130,268.0,6,1
91,131,264.1,6,1
91,136,262.9,6,1
91,137,266.0,6,1
91,12,88.8,6,6
91,13,78.4,6,6
91,28,82.7,6,6
91,29,79.4,6,6
91,44,81.7,6,6
91,45,76.3,6,6
91,60,69.7,6,6
91,61,72.4,6,6
91,76,71.4,6,6
91,77,70.9,6,6
91,90,79.8,6,6
91,91,0.0,6,6
91,104,67.6,6,6
91,105,58.5,6,6
91,118,73.3,6,6
91,119,72.4,6,6
91,132,76.8,6,6
91,133,77.0,6,6
91,138,64.9,6,6
91,139,72.3,6,6
91,14,67.2,6,7
91,15,76.0,6,7
91,30,70.6,6,7
91,31,78.4,6,7
91,46,76.5,6,7
91,47,83.8,6,7
91,62,82.6,6,7
91,63,86.7,6,7
91,78,87.7,6,7
91,79,87.5,6,7
91,92,82.5,6,7
91,93,82.0,6,7
91,106,84.5,6,7
91,107,88.9,6,7
91,120,85.5,6,7
91,121,91.0,6,7
91,134,92.1,6,7
91,135,88.5,6,7
91,140,92.2,6,7
91,141,86.0,6,7
104,144,79.4,6,9
104,145,76.7,6,9
104,146,75.5,6,10
104,147,81.9,6,10
104,142,90.7,6,8
104,143,59.6,6,8
104,0,78.2,6,0
104,1,79.2,6,0
104,16,78.6,6,0
104,17,79.1,6,0
104,32,75.5,6,0
104,33,80.9,6,0
104,48,76.3,6,0
104,49,84.9,6,0
104,64,79.2,6,0
104,65,82.6,6,0
104,2,262.1,6,2
104,3,260.8,6,2
104,18,266.2,6,2
104,19,263.6,6,2
104,34,266.1,6,2
104,35,267.5,6,2
104,50,269.0,6,2
104,51,259.9,6,2
104,66,264.8,6,2
104,67,270.2,6,2
104,80,270.4,6,2
104,81,263.4,6,2
104,94,269.8,6,2
104,95,269.3,6,2
104,108,273.3,6,2
104,109,271.6,6,2
104,122,271.8,6,2
104,123,272.9,6,2
104,4,268.8,6,3
104,5,276.9,6,3
104,20,275.4,6,3
104,21,269.2,6,3
104,36,279.9,6,3
104,37,279.3,6,3
104,52,268.5,6,3
104,53,280.4,6,3
104,68,271.9,6,3
104,69,276.3,6,3
104,82,280.3,6,3
104,83,266.2,6,3
104,96,271.8,6,3
104,97,268.4,6,3
104,110,272.1,6,3
104,111,270.7,6,3
104,124,271.0,6,3
104,125,275.2,6,3
104,6,275.6,6,4
104,7,270.8,6,4
104,22,269.5,6,4
104,23,274.6,6,4
104,38,273.7,6,4
104,39,269.9,6,4
104,54,275.7,6,4
104,55,274.7,6,4
104,70,274.9,6,4
104,71,273.6,6,4
104,84,271.9,6,4
104,85,262.7,6,4
104,98,270.3,6,4
104,99,269.9,6,4
104,112,266.9,6,4
104,113,268.1,6,4
104,126,267.0,6,4
104,127,266.1,6,4
104,8,79.0,6,5
104,9,82.5,6,5
104,24,87.5,6,5
104,25,86.1,6,5
104,40,85.8,6,5
104,41,83.7,6,5
104,56,86.8,6,5
104,57,96.5,6,5
104,72,83.8,6,5
104,73,86.3,6,5
104,86,82.5,6,5
104,87,84.8,6,5
104,100,81.9,6,5
104,101,84.7,6,5
104,114,76.3,6,5
104,115,79.2,6,5
104,128,83.3,6,5
104,129,84.4,6,5
104,10,268.1,6,1
104,11,268.4,6,1
104,26,268.1,6,1
104,27,264.3,6,1
104,42,261.1,6,1
104,43,266.0,6,1
104,58,269.7,6,1
104,59,268.3,6,1
104,74,268.0,6,1
104,75,266.6,6,1
104,88,270.8,6,1
104,89,275.8,6,1
104,102,265.7,6,1
104,103,274.7,6,1
104,116,274.4,6,1
104,117,264.6,6,1
104,130,270.8,6,1
104,131,266.8,6,1
104,136,265.8,6,1
104,137,268.0,6,1
104,12,94.4,6,6
104,13,84.7,6,6
104,28,84.0,6,6
104,29,71.4,6,6
104,44,83.0,6,6
104,45,81.2,6,6
104,60,70.2,6,6
104,61,60.6,6,6
104,76,80.3,6,6
104,77,79.4,6,6
104,90,75.5,6,6
104,91,67.6,6,6
104,104,0.0,6,6
104,105,72.4,6,6
104,118,73.5,6,6
104,119,67.8,6,6
104,132,72.8,6,6
104,133,79.2,6,6
104,138,69.4,6,6
104,139,63.9,6,6
104,14,79.1,6,7
104,15,79.0,6,7
104,30,80.1,6,7
104,31,80.8,6,7
104,46,79.9,6,7
104,47,90.3,6,7
104,62,83.3,6,7
104,63,88.0,6,7
104,78,88.1,6,7
104,79,86.6,6,7
104,92,84.5,6,7
104,93,85.5,6,7
104,106,85.5,6,7
104,107,82.0,6,7
104,120,89.3,6,7
104,121,81.4,6,7
104,134,90.7,6,7
104,135,89.3,6,7
104,140,89.4,6,7
104,141,89.0,6,7
105,144,97.2,6,9
105,145,81.1,6,9
105,146,92.5,6,10
105,147,75.9,6,10
105,142,83.2,6,8
105,143,82.3,6,8
105,0,80.9,6,0
105,1,82.4,6,0
105,16,78.5,6,0
105,17,72.9,6,0
105,32,75.8,6,0
105,33,93.4,6,0
105,48,84.3,6,0
105,49,87.0,6,0
105,64,74.2,6,0
105,65,79.1,6,0
105,2,256.9,6,2
105,3,256.2,6,2
105,18,261.8,6,2
105,19,258.8,6,2
105,34,260.4,6,2
105,35,264.6,6,2
105,50,265.9,6,2
105,51,257.0,6,2
105,66,261.4,6,2
105,67,265.4,6,2
105,80,267.4,6,2
105,81,258.2,6,2
105,94,268.1,6,2
105,95,265.2,6,2
105,108,269.9,6,2
105,109,268.9,6,2
105,122,267.7,6,2
105,123,271.3,6,2
105,4,265.0,6,3
105,5,274.4,6,3
105,20,272.7,6,3
105,21,265.2,6,3
105,36,277.7,6,3
105,37,275.1,6,3
105,52,263.5,6,3
105,53,276.6,6,3
105,68,265.3,6,3
105,69,273.3,6,3
105,82,277.1,6,3
105,83,262.0,6,3
105,96,266.5,6,3
105,97,263.7,6,3
105,110,268.2,6,3
105,111,268.4,6,3
105,124,264.7,6,3
105,125,271.9,6,3
105,6,272.2,6,4
105,7,266.9,6,4
105,22,265.7,6,4
105,23,271.8,6,4
105,38,270.5,6,4
105,39,267.7,6,4
105,54,271.7,6,4
105,55,270.9,6,4
105,70,270.5,6,4
105,71,269.4,6,4
105,84,268.5,6,4
105,85,259.6,6,4
105,98,268.1,6,4
105,99,265.0,6,4
105,112,262.3,6,4
105,113,263.9,6,4
105,126,263.3,6,4
105,127,262.2,6,4
105,8,85.3,6,5
105,9,96.3,6,5
105,24,83.5,6,5
105,25,95.6,6,5
105,40,90.9,6,5
105,41,85.9,6,5
105,56,90.8,6,5
105,57,88.8,6,5
105,72,86.6,6,5
105,73,88.6,6,5
105,86,92.3,6,5
105,87,89.3,6,5
105,100,93.9,6,5
105,101,82.7,6,5
105,114,86.4,6,5
105,115,86.9,6,5
105,128,83.1,6,5
105,129,88.4,6,5
105,10,265.7,6,1
105,11,265.0,6,1
105,26,264.2,6,1
105,27,261.6,6,1
105,42,257.1,6,1
105,43,260.5,6,1
105,58,266.6,6,1
105,59,262.7,6,1
105,74,263.4,6,1
105,75,261.9,6,1
105,88,266.9,6,1
105,89,273.6,6,1
105,102,262.5,6,1
105,103,271.7,6,1
105,116,271.6,6,1
105,117,259.4,6,1
105,130,267.4,6,1
105,131,263.4,6,1
105,136,263.1,6,1
105,137,265.3,6,1
105,12,77.0,6,6
105,13,82.8,6,6
105,28,75.4,6,6
105,29,82.8,6,6
105,44,74.4,6,6
105,45,81.7,6,6
105,60,77.0,6,6
105,61,78.5,6,6
105,76,83.3,6,6
105,77,79.2,6,6
105,90,70.5,6,6
105,91,58.5,6,6
105,104,72.4,6,6
105,105,0.0,6,6
105,118,75.8,6,6
105,119,72.5,6,6
105,132,82.0,6,6
105,133,79.8,6,6
105,138,72.5,6,6
105,139,78.2,6,6
105,14,75.1,6,7
105,15,75.7,6,7
105,30,75.5,6,7
105,31,82.5,6,7
105,46,82.1,6,7
105,47,86.0,6,7
105,62,90.5,6,7
105,63,94.4,6,7
105,78,92.0,6,7
105,79,92.6,6,7
105,92,90.3,6,7
105,93,83.4,6,7
105,106,94.1,6,7
105,107,87.6,6,7
105,120,92.2,6,7
105,121,100.3,6,7
105,134,87.1,6,7
105,135,95.9,6,7
105,140,94.8,6,7
105,141,91.2,6,7
118,144,93.5,6,9
118,145,80.1,6,9
118,146,79.8,6,10
118,147,86.0,6,10
118,142,82.3,6,8
118,143,80.8,6,8
118,0,66.6,6,0
118,1,81.1,6,0
118,16,78.7,6,0
118,17,75.3,6,0
118,32,70.9,6,0
118,33,86.9,6,0
118,48,80.8,6,0
118,49,80.3,6,0
118,64,81.4,6,0
118,65,79.9,6,0
118,2,257.2,6,2
118,3,255.9,6,2
118,18,261.5,6,2
118,19,258.9,6,2
118,34,261.1,6,2
118,35,264.1,6,2
118,50,265.4,6,2
118,51,257.3,6,2
118,66,260.8,6,2
118,67,265.9,6,2
118,80,266.0,6,2
118,81,257.9,6,2
118,94,266.6,6,2
118,95,265.4,6,2
118,108,268.3,6,2
118,109,268.1,6,2
118,122,267.1,6,2
118,123,269.7,6,2
118,4,264.9,6,3
118,5,273.6,6,3
118,20,271.5,6,3
118,21,265.3,6,3
118,36,276.4,6,3
118,37,274.8,6,3
118,52,261.8,6,3
118,53,276.4,6,3
118,68,266.8,6,3
118,69,272.0,6,3
118,82,276.3,6,3
118,83,261.2,6,3
118,96,266.2,6,3
118,97,263.8,6,3
118,110,267.2,6,3
118,111,267.5,6,3
118,124,265.7,6,3
118,125,270.8,6,3
118,6,270.9,6,4
118,7,265.7,6,4
118,22,264.4,6,4
118,23,270.7,6,4
118,38,269.8,6,4
118,39,265.8,6,4
118,54,270.8,6,4
118,55,270.2,6,4
118,70,269.4,6,4
118,71,269.5,6,4
118,84,266.2,6,4
118,85,257.9,6,4
118,98,265.9,6,4
118,99,264.0,6,4
118,112,261.4,6,4
118,113,262.7,6,4
118,126,263.0,6,4
118,127,260.8,6,4
118,8,86.1,6,5
118,9,87.6,6,5
118,24,83.1,6,5
118,25,88.5,6,5
118,40,86.6,6,5
118,41,86.2,6,5
118,56,89.1,6,5
118,57,93.9,6,5
118,72,84.2,6,5
118,73,92.2,6,5
118,86,79.1,6,5
118,87,84.8,6,5
118,100,89.1,6,5
118,101,88.7,6,5
118,114,85.9,6,5
118,115,83.1,6,5
118,128,83.8,6,5
118,129,85.6,6,5
118,10,264.4,6,1
118,11,264.2,6,1
118,26,263.7,6,1
118,27,261.6,6,1
118,42,256.7,6,1
118,43,260.9,6,1
118,58,265.4,6,1
118,59,262.3,6,1
118,74,263.4,6,1
118,75,262.5,6,1
118,88,266.3,6,1
118,89,271.8,6,1
118,102,260.9,6,1
118,103,270.8,6,1
118,116,270.4,6,1
118,117,259.7,6,1
118,130,266.2,6,1
118,131,261.4,6,1
118,136,262.0,6,1
118,137,264.2,6,1
118,12,87.9,6,6
118,13,83.0,6,6
118,28,84.0,6,6
118,29,78.5,6,6
118,44,79.8,6,6
118,45,72.3,6,6
118,60,77.3,6,6
118,61,75.6,6,6
118,76,84.7,6,6
118,77,63.3,6,6
118,90,75.7,6,6
118,91,73.3,6,6
118,104,73.5,6,6
118,105,75.8,6,6
118,118,0.0,6,6
118,119,66.4,6,6
118,132,71.2,6,6
118,133,76.8,6,6
118,138,67.4,6,6
118,139,70.8,6,6
118,14,72.3,6,7
118,15,78.2,6,7
118,30,79.0,6,7
118,31,78.9,6,7
118,46,82.5,6,7
118,47,88.1,6,7
118,62,82.1,6,7
118,63,81.0,6,7
118,78,89.3,6,7
118,79,85.8,6,7
118,92,66.7,6,7
118,93,75.8,6,7
118,106,87.9,6,7
118,107,87.0,6,7
118,120,85.1,6,7
118,121,93.9,6,7
118,134,94.8,6,7
118,135,89.6,6,7
118,140,96.1,6,7
118,141,89.0,6,7
119,144,85.1,6,9
119,145,81.4,6,9
119,146,76.6,6,10
119,147,81.2,6,10
119,142,83.1,6,8
119,143,75.7,6,8
119,0,76.1,6,0
119,1,73.1,6,0
119,16,70.1,6,0
119,17,72.4,6,0
119,32,71.6,6,0
119,33,76.8,6,0
119,48,70.3,6,0
119,49,76.9,6,0
119,64,77.4,6,0
119,65,72.0,6,0
119,2,266.4,6,2
119,3,264.4,6,2
119,18,269.3,6,2
119,19,266.9,6,2
119,34,269.5,6,2
119,35,271.6,6,2
119,50,272.9,6,2
119,51,268.0,6,2
119,66,268.8,6,2
119,67,273.8,6,2
119,80,273.8,6,2
119,81,267.8,6,2
119,94,274.4,6,2
119,95,272.9,6,2
119,108,276.4,6,2
119,109,275.5,6,2
119,122,275.1,6,2
119,123,277.1,6,2
119,4,273.6,6,3
119,5,280.2,6,3
119,20,279.8,6,3
119,21,273.4,6,3
119,36,283.0,6,3
119,37,282.2,6,3
119,52,272.2,6,3
119,53,283.4,6,3
119,68,275.7,6,3
119,69,279.3,6,3
119,82,283.1,6,3
119,83,269.5,6,3
119,96,274.3,6,3
119,97,270.6,6,3
119,110,274.6,6,3
119,111,274.7,6,3
119,124,273.8,6,3
119,125,277.7,6,3
119,6,278.2,6,4
119,7,273.9,6,4
119,22,272.4,6,4
119,23,277.9,6,4
119,38,276.8,6,4
119,39,274.9,6,4
119,54,278.0,6,4
119,55,277.8,6,4
119,70,277.1,6,4
119,71,277.7,6,4
119,84,275.1,6,4
119,85,268.9,6,4
119,98,273.8,6,4
119,99,272.5,6,4
119,112,271.0,6,4
119,113,270.8,6,4
119,126,271.9,6,4
119,127,269.8,6,4
119,8,80.4,6,5
119,9,85.9,6,5
119,24,86.9,6,5
119,25,89.4,6,5
119,40,83.7,6,5
119,41,78.5,6,5
119,56,80.4,6,5
119,57,88.1,6,5
119,72,79.8,6,5
119,73,78.3,6,5
119,86,83.1,6,5
119,87,76.2,6,5
119,100,81.3,6,5
119,101,72.6,6,5
119,114,83.9,6,5
119,115,75.7,6,5
119,128,79.2,6,5
119,129,80.1,6,5
119,10,271.1,6,1
119,11,271.7,6,1
119,26,271.3,6,1
119,27,269.3,6,1
119,42,265.3,6,1
119,43,269.5,6,1
119,58,273.3,6,1
119,59,270.1,6,1
119,74,271.2,6,1
119,75,270.9,6,1
119,88,273.9,6,1
119,89,278.2,6,1
119,102,269.4,6,1
119,103,278.0,6,1
119,116,277.2,6,1
119,117,268.4,6,1
119,130,274.3,6,1
119,131,269.5,6,1
119,136,269.7,6,1
119,137,271.4,6,1
119,12,87.4,6,6
119,13,79.8,6,6
119,28,84.5,6,6
119,29,66.2,6,6
119,44,80.4,6,6
119,45,89.6,6,6
119,60,73.6,6,6
119,61,64.8,6,6
119,76,77.2,6,6
119,77,73.1,6,6
119,90,73.5,6,6
119,91,72.4,6,6
119,104,67.8,6,6
119,105,72.5,6,6
119,118,66.4,6,6
119,119,0.0,6,6
119,132,68.6,6,6
119,133,69.5,6,6
119,138,63.3,6,6
119,139,68.0,6,6
119,14,71.9,6,7
119,15,73.7,6,7
119,30,75.4,6,7
119,31,69.9,6,7
119,46,73.9,6,7
119,47,84.1,6,7
119,62,80.5,6,7
119,63,85.9,6,7
119,78,87.1,6,7
119,79,78.1,6,7
119,92,82.7,6,7
119,93,79.6,6,7
119,106,84.3,6,7
119,107,78.9,6,7
119,120,91.5,6,7
119,121,90.1,6,7
119,134,88.0,6,7
119,135,85.7,6,7
119,140,89.2,6,7
119,141,84.9,6,7
132,144,86.2,6,9
132,145,73.6,6,9
132,146,81.1,6,10
132,147,86.8,6,10
132,142,91.8,6,8
132,143,82.6,6,8
132,0,80.4,6,0
132,1,83.5,6,0
132,16,77.9,6,0
132,17,71.4,6,0
132,32,80.2,6,0
132,33,79.0,6,0
132,48,80.2,6,0
132,49,88.4,6,0
132,64,84.0,6,0
132,65,89.1,6,0
132,2,261.3,6,2
132,3,259.3,6,2
132,18,264.5,6,2
132,19,261.8,6,2
132,34,263.6,6,2
132,35,266.3,6,2
132,50,268.6,6,2
132,51,258.6,6,2
132,66,263.5,6,2
132,67,268.0,6,2
132,80,269.0,6,2
132,81,263.0,6,2
132,94,270.2,6,2
132,95,267.8,6,2
132,108,271.2,6,2
132,109,270.4,6,2
132,122,269.7,6,2
132,123,272.9,6,2
132,4,267.1,6,3
132,5,275.0,6,3
132,20,274.3,6,3
132,21,267.4,6,3
132,36,278.3,6,3
132,37,275.8,6,3
132,52,265.6,6,3
132,53,277.7,6,3
132,68,269.9,6,3
132,69,274.4,6,3
132,82,278.6,6,3
132,83,263.8,6,3
132,96,268.6,6,3
132,97,265.6,6,3
132,110,270.1,6,3
132,111,269.7,6,3
132,124,268.8,6,3
132,125,273.7,6,3
132,6,273.1,6,4
132,7,268.2,6,4
132,22,267.4,6,4
132,23,274.0,6,4
132,38,272.1,6,4
132,39,270.0,6,4
132,54,274.3,6,4
132,55,273.9,6,4
132,70,273.8,6,4
132,71,272.2,6,4
132,84,271.0,6,4
132,85,261.9,6,4
132,98,269.4,6,4
132,99,269.0,6,4
132,112,265.5,6,4
132,113,267.8,6,4
132,126,266.4,6,4
132,127,264.2,6,4
132,8,83.1,6,5
132,9,83.7,6,5
132,24,88.2,6,5
132,25,86.8,6,5
132,40,90.1,6,5
132,41,78.5,6,5
132,56,87.4,6,5
132,57,94.6,6,5
132,72,81.3,6,5
132,73,83.0,6,5
132,86,83.3,6,5
132,87,85.7,6,5
132,100,82.5,6,5
132,101,87.0,6,5
132,114,91.2,6,5
132,115,75.7,6,5
132,128,87.1,6,5
132,129,85.7,6,5
132,10,267.6,6,1
132,11,265.9,6,1
132,26,265.6,6,1
132,27,263.4,6,1
132,42,260.2,6,1
132,43,264.6,6,1
132,58,267.9,6,1
132,59,266.2,6,1
132,74,266.1,6,1
132,75,265.4,6,1
132,88,268.4,6,1
132,89,275.1,6,1
132,102,264.6,6,1
132,103,273.3,6,1
132,116,273.4,6,1
132,117,263.5,6,1
132,130,270.0,6,1
132,131,266.0,6,1
132,136,264.2,6,1
132,137,267.6,6,1
132,12,88.4,6,6
132,13,91.2,6,6
132,28,90.4,6,6
132,29,80.6,6,6
132,44,86.9,6,6
132,45,88.4,6,6
132,60,75.5,6,6
132,61,75.1,6,6
132,76,78.4,6,6
132,77,75.6,6,6
132,90,69.4,6,6
132,91,76.8,6,6
132,104,72.8,6,6
132,105,82.0,6,6
132,118,71.2,6,6
132,119,68.6,6,6
132,132,0.0,6,6
132,133,65.2,6,6
132,138,68.4,6,6
132,139,77.2,6,6
132,14,75.9,6,7
132,15,83.9,6,7
132,30,88.2,6,7
132,31,79.5,6,7
132,46,85.7,6,7
132,47,90.0,6,7
132,62,80.9,6,7
132,63,78.9,6,7
132,78,83.1,6,7
132,79,83.9,6,7
132,92,85.1,6,7
132,93,82.4,6,7
132,106,83.8,6,7
132,107,87.6,6,7
132,120,88.4,6,7
132,121,92.5,6,7
132,134,90.4,6,7
132,135,89.6,6,7
132,140,83.0,6,7
132,141,87.3,6,7
133,144,87.7,6,9
133,145,81.9,6,9
133,146,84.7,6,10
133,147,86.9,6,10
133,142,89.6,6,8
133,143,84.5,6,8
133,0,83.1,6,0
133,1,77.8,6,0
133,16,71.4,6,0
133,17,78.5,6,0
133,32,82.6,6,0
133,33,76.8,6,0
133,48,77.0,6,0
133,49,69.9,6,0
133,64,81.1,6,0
133,65,86.8,6,0
133,2,262.4,6,2
133,3,260.6,6,2
133,18,265.1,6,2
133,19,263.3,6,2
133,34,265.2,6,2
133,35,269.0,6,2
133,50,269.9,6,2
133,51,262.3,6,2
133,66,265.2,6,2
133,67,270.2,6,2
133,80,269.4,6,2
133,81,264.5,6,2
133,94,271.6,6,2
133,95,269.3,6,2
133,108,272.5,6,2
133,109,272.6,6,2
133,122,270.1,6,2
133,123,274.3,6,2
133,4,268.4,6,3
133,5,277.0,6,3
133,20,276.4,6,3
133,21,268.8,6,3
133,36,279.3,6,3
133,37,277.8,6,3
133,52,267.1,6,3
133,53,280.2,6,3
133,68,271.5,6,3
133,69,276.8,6,3
133,82,279.4,6,3
133,83,264.8,6,3
133,96,269.5,6,3
133,97,267.6,6,3
133,110,271.6,6,3
133,111,272.0,6,3
133,124,270.3,6,3
133,125,274.8,6,3
133,6,273.8,6,4
133,7,270.4,6,4
133,22,268.1,6,4
133,23,274.4,6,4
133,38,273.2,6,4
133,39,271.7,6,4
133,54,272.8,6,4
133,55,275.9,6,4
133,70,274.2,6,4
133,71,272.6,6,4
133,84,272.6,6,4
133,85,263.9,6,4
133,98,270.8,6,4
133,99,269.9,6,4
133,112,268.0,6,4
133,113,268.5,6,4
133,126,269.0,6,4
133,127,266.2,6,4
133,8,88.8,6,5
133,9,85.2,6,5
133,24,85.9,6,5
133,25,95.7,6,5
133,40,92.3,6,5
133,41,80.6,6,5
133,56,89.3,6,5
133,57,97.1,6,5
133,72,78.3,6,5
133,73,86.1,6,5
133,86,91.4,6,5
133,87,80.2,6,5
133,100,85.8,6,5
133,101,82.5,6,5
133,114,91.2,6,5
133,115,81.1,6,5
133,128,83.9,6,5
133,129,77.2,6,5
133,10,269.2,6,1
133,11,268.2,6,1
133,26,266.8,6,1
133,27,265.7,6,1
133,42,262.3,6,1
133,43,266.5,6,1
133,58,269.2,6,1
133,59,267.5,6,1
133,74,267.4,6,1
133,75,267.1,6,1
133,88,270.9,6,1
133,89,276.6,6,1
133,102,266.5,6,1
133,103,275.8,6,1
133,116,274.3,6,1
133,117,265.7,6,1
133,130,271.3,6,1
133,131,268.1,6,1
133,136,266.2,6,1
133,137,268.8,6,1
133,12,85.3,6,6
133,13,88.9,6,6
133,28,94.1,6,6
133,29,80.0,6,6
133,44,82.8,6,6
133,45,91.7,6,6
133,60,65.2,6,6
133,61,75.0,6,6
133,76,82.0,6,6
133,77,77.8,6,6
133,90,71.6,6,6
133,91,77.0,6,6
133,104,79.2,6,6
133,105,79.8,6,6
133,118,76.8,6,6
133,119,69.5,6,6
133,132,65.2,6,6
133,133,0.0,6,6
133,138,65.1,6,6
133,139,72.3,6,6
133,14,81.3,6,7
133,15,78.8,6,7
133,30,84.3,6,7
133,31,75.5,6,7
133,46,84.4,6,7
133,47,84.0,6,7
133,62,82.6,6,7
133,63,81.1,6,7
133,78,89.1,6,7
133,79,73.5,6,7
133,92,88.7,6,7
133,93,74.1,6,7
133,106,88.7,6,7
133,107,90.0,6,7
133,120,95.2,6,7
133,121,96.3,6,7
133,134,95.9,6,7
133,135,93.1,6,7
133,140,83.5,6,7
133,141,91.7,6,7
138,144,76.9,6,9
138,145,82.5,6,9
138,146,76.5,6,10
138,147,75.1,6,10
138,142,79.8,6,8
138,143,74.0,6,8
138,0,71.6,6,0
138,1,70.3,6,0
138,16,70.4,6,0
138,17,70.6,6,0
138,32,72.5,6,0
138,33,73.3,6,0
138,48,69.5,6,0
138,49,69.3,6,0
138,64,72.0,6,0
138,65,80.1,6,0
138,2,262.4,6,2
138,3,261.0,6,2
138,18,265.6,6,2
138,19,262.5,6,2
138,34,266.1,6,2
138,35,267.8,6,2
138,50,269.0,6,2
138,51,263.0,6,2
138,66,265.3,6,2
138,67,269.3,6,2
138,80,269.2,6,2
138,81,264.0,6,2
138,94,270.4,6,2
138,95,268.2,6,2
138,108,272.6,6,2
138,109,271.7,6,2
138,122,270.2,6,2
138,123,273.4,6,2
138,4,268.8,6,3
138,5,276.6,6,3
138,20,275.4,6,3
138,21,269.8,6,3
138,36,279.6,6,3
138,37,278.2,6,3
138,52,268.0,6,3
138,53,279.2,6,3
138,68,271.1,6,3
138,69,275.8,6,3
138,82,279.9,6,3
138,83,265.8,6,3
138,96,270.3,6,3
138,97,267.7,6,3
138,110,270.8,6,3
138,111,272.1,6,3
138,124,269.4,6,3
138,125,274.7,6,3
138,6,275.1,6,4
138,7,270.3,6,4
138,22,268.8,6,4
138,23,274.9,6,4
138,38,273.7,6,4
138,39,270.9,6,4
138,54,274.2,6,4
138,55,274.3,6,4
138,70,273.9,6,4
138,71,273.7,6,4
138,84,271.6,6,4
138,85,265.1,6,4
138,98,270.7,6,4
138,99,269.4,6,4
138,112,267.3,6,4
138,113,268.1,6,4
138,126,268.5,6,4
138,127,266.4,6,4
138,8,77.7,6,5
138,9,82.0,6,5
138,24,87.8,6,5
138,25,85.6,6,5
138,40,81.1,6,5
138,41,71.4,6,5
138,56,81.7,6,5
138,57,85.9,6,5
138,72,76.8,6,5
138,73,82.4,6,5
138,86,77.4,6,5
138,87,76.5,6,5
138,100,79.8,6,5
138,101,74.8,6,5
138,114,80.2,6,5
138,115,74.9,6,5
138,128,77.0,6,5
138,129,81.4,6,5
138,10,268.6,6,1
138,11,268.4,6,1
138,26,267.4,6,1
138,27,265.2,6,1
138,42,261.9,6,1
138,43,264.5,6,1
138,58,269.6,6,1
138,59,267.1,6,1
138,74,267.4,6,1
138,75,266.8,6,1
138,88,270.7,6,1
138,89,275.4,6,1
138,102,265.9,6,1
138,103,274.4,6,1
138,116,274.5,6,1
138,117,264.3,6,1
138,130,270.8,6,1
138,131,266.5,6,1
138,136,266.5,6,1
138,137,268.6,6,1
138,12,84.8,6,6
138,13,71.8,6,6
138,28,78.8,6,6
138,29,76.0,6,6
138,44,79.1,6,6
138,45,82.8,6,6
138,60,75.0,6,6
138,61,73.1,6,6
138,76,84.3,6,6
138,77,70.9,6,6
138,90,77.3,6,6
138,91,64.9,6,6
138,104,69.4,6,6
138,105,72.5,6,6
138,118,67.4,6,6
138,119,63.3,6,6
138,132,68.4,6,6
138,133,65.1,6,6
138,138,0.0,6,6
138,139,63.4,6,6
138,14,67.9,6,7
138,15,68.3,6,7
138,30,79.1,6,7
138,31,69.7,6,7
138,46,77.8,6,7
138,47,76.9,6,7
138,62,72.6,6,7
138,63,82.3,6,7
138,78,73.0,6,7
138,79,78.3,6,7
138,92,74.9,6,7
138,93,72.7,6,7
138,106,78.4,6,7
138,107,80.5,6,7
138,120,91.5,6,7
138,121,88.2,6,7
138,134,87.1,6,7
138,135,80.3,6,7
138,140,84.8,6,7
138,141,85.5,6,7
139,144,76.7,6,9
139,145,81.9,6,9
139,146,71.8,6,10
139,147,76.9,6,10
139,142,86.3,6,8
139,143,69.3,6,8
139,0,78.0,6,0
139,1,71.9,6,0
139,16,74.1,6,0
139,17,77.6,6,0
139,32,75.6,6,0
139,33,75.0,6,0
139,48,72.1,6,0
139,49,72.7,6,0
139,64,81.3,6,0
139,65,81.2,6,0
139,2,263.6,6,2
139,3,263.3,6,2
139,18,267.2,6,2
139,19,264.7,6,2
139,34,267.7,6,2
139,35,270.2,6,2
139,50,270.8,6,2
139,51,263.8,6,2
139,66,267.2,6,2
139,67,272.2,6,2
139,80,271.1,6,2
139,81,265.2,6,2
139,94,271.7,6,2
139,95,271.0,6,2
139,108,274.8,6,2
139,109,274.3,6,2
139,122,272.7,6,2
139,123,274.6,6,2
139,4,271.0,6,3
139,5,278.0,6,3
139,20,277.2,6,3
139,21,271.6,6,3
139,36,281.4,6,3
139,37,280.3,6,3
139,52,270.3,6,3
139,53,281.6,6,3
139,68,273.3,6,3
139,69,278.0,6,3
139,82,281.8,6,3
139,83,268.1,6,3
139,96,273.0,6,3
139,97,269.8,6,3
139,110,272.8,6,3
139,111,273.5,6,3
139,124,271.7,6,3
139,125,276.4,6,3
139,6,276.5,6,4
139,7,272.3,6,4
139,22,270.7,6,4
139,23,276.1,6,4
139,38,275.4,6,4
139,39,271.8,6,4
139,54,276.3,6,4
139,55,277.2,6,4
139,70,275.5,6,4
139,71,275.5,6,4
139,84,273.5,6,4
139,85,265.8,6,4
139,98,271.6,6,4
139,99,270.7,6,4
139,112,269.3,6,4
139,113,269.2,6,4
139,126,269.6,6,4
139,127,267.7,6,4
139,8,78.9,6,5
139,9,76.7,6,5
139,24,89.9,6,5
139,25,84.0,6,5
139,40,81.2,6,5
139,41,82.6,6,5
139,56,85.4,6,5
139,57,92.9,6,5
139,72,81.7,6,5
139,73,86.0,6,5
139,86,86.0,6,5
139,87,77.3,6,5
139,100,80.8,6,5
139,101,84.2,6,5
139,114,79.7,6,5
139,115,80.2,6,5
139,128,77.8,6,5
139,129,72.4,6,5
139,10,269.9,6,1
139,11,270.0,6,1
139,26,269.9,6,1
139,27,267.5,6,1
139,42,263.7,6,1
139,43,267.2,6,1
139,58,271.5,6,1
139,59,269.0,6,1
139,74,269.3,6,1
139,75,268.8,6,1
139,88,272.3,6,1
139,89,277.0,6,1
139,102,268.1,6,1
139,103,276.4,6,1
139,116,275.2,6,1
139,117,266.4,6,1
139,130,272.7,6,1
139,131,268.9,6,1
139,136,268.3,6,1
139,137,270.4,6,1
139,12,91.4,6,6
139,13,77.5,6,6
139,28,84.3,6,6
139,29,76.0,6,6
139,44,80.6,6,6
139,45,88.4,6,6
139,60,69.9,6,6
139,61,69.0,6,6
139,76,84.0,6,6
139,77,70.4,6,6
139,90,78.8,6,6
139,91,72.3,6,6
139,104,63.9,6,6
139,105,78.2,6,6
139,118,70.8,6,6
139,119,68.0,6,6
139,132,77.2,6,6
139,133,72.3,6,6
139,138,63.4,6,6
139,139,0.0,6,6
139,14,72.6,6,7
139,15,68.6,6,7
139,30,74.2,6,7
139,31,66.8,6,7
139,46,76.1,6,7
139,47,84.9,6,7
139,62,73.0,6,7
139,63,89.0,6,7
139,78,84.7,6,7
139,79,77.0,6,7
139,92,80.7,6,7
139,93,79.3,6,7
139,106,77.8,6,7
139,107,82.0,6,7
139,120,96.1,6,7
139,121,85.7,6,7
139,134,93.7,6,7
139,135,85.0,6,7
139,140,89.3,6,7
139,141,90.5,6,7
14,144,91.7,7,9
14,145,87.6,7,9
14,146,82.0,7,10
14,147,78.9,7,10
14,142,80.5,7,8
14,143,78.8,7,8
14,0,78.2,7,0
14,1,75.7,7,0
14,16,70.3,7,0
14,17,71.7,7,0
14,32,78.9,7,0
14,33,86.2,7,0
14,48,80.3,7,0
14,49,83.9,7,0
14,64,80.0,7,0
14,65,81.1,7,0
14,2,264.1,7,2
14,3,262.1,7,2
14,18,266.9,7,2
14,19,264.0,7,2
14,34,266.9,7,2
14,35,269.8,7,2
14,50,270.9,7,2
14,51,264.3,7,2
14,66,267.3,7,2
14,67,271.2,7,2
14,80,271.5,7,2
14,81,263.8,7,2
14,94,272.1,7,2
14,95,269.7,7,2
14,108,274.3,7,2
14,109,273.8,7,2
14,122,273.0,7,2
14,123,275.6,7,2
14,4,271.5,7,3
14,5,279.0,7,3
14,20,278.0,7,3
14,21,271.8,7,3
14,36,281.9,7,3
14,37,280.8,7,3
14,52,269.4,7,3
14,53,281.4,7,3
14,68,272.8,7,3
14,69,276.9,7,3
14,82,281.8,7,3
14,83,267.7,7,3
14,96,272.8,7,3
14,97,269.2,7,3
14,110,272.8,7,3
14,111,273.3,7,3
14,124,271.2,7,3
14,125,276.3,7,3
14,6,277.6,7,4
14,7,271.6,7,4
14,22,271.2,7,4
14,23,277.9,7,4
14,38,276.4,7,4
14,39,273.9,7,4
14,54,277.6,7,4
14,55,277.1,7,4
14,70,275.7,7,4
14,71,276.7,7,4
14,84,273.7,7,4
14,85,267.2,7,4
14,98,272.6,7,4
14,99,270.9,7,4
14,112,269.1,7,4
14,113,269.4,7,4
14,126,270.5,7,4
14,127,268.3,7,4
14,8,75.3,7,5
14,9,85.9,7,5
14,24,81.9,7,5
14,25,83.8,7,5
14,40,76.4,7,5
14,41,72.6,7,5
14,56,77.8,7,5
14,57,79.9,7,5
14,72,80.0,7,5
14,73,80.6,7,5
14,86,78.4,7,5
14,87,76.3,7,5
14,100,82.6,7,5
14,101,83.7,7,5
14,114,71.9,7,5
14,115,80.2,7,5
14,128,78.1,7,5
14,129,81.1,7,5
14,10,270.4,7,1
14,11,270.4,7,1
14,26,269.9,7,1
14,27,268.7,7,1
14,42,264.5,7,1
14,43,266.7,7,1
14,58,272.3,7,1
14,59,269.7,7,1
14,74,270.1,7,1
14,75,269.9,7,1
14,88,273.5,7,1
14,89,277.8,7,1
14,102,268.8,7,1
14,103,277.1,7,1
14,116,277.1,7,1
14,117,266.2,7,1
14,130,273.2,7,1
14,131,267.7,7,1
14,136,269.5,7,1
14,137,271.6,7,1
14,12,91.0,7,6
14,13,75.4,7,6
14,28,81.2,7,6
14,29,75.4,7,6
14,44,82.9,7,6
14,45,88.2,7,6
14,60,83.3,7,6
14,61,81.0,7,6
14,76,86.9,7,6
14,77,76.2,7,6
14,90,81.7,7,6
14,91,67.2,7,6
14,104,79.1,7,6
14,105,75.1,7,6
14,118,72.3,7,6
14,119,71.9,7,6
14,132,75.9,7,6
14,133,81.3,7,6
14,138,67.9,7,6
14,139,72.6,7,6
14,14,0.0,7,7
14,15,65.4,7,7
14,30,66.7,7,7
14,31,65.6,7,7
14,46,68.0,7,7
14,47,73.1,7,7
14,62,73.8,7,7
14,63,79.6,7,7
14,78,83.9,7,7
14,79,78.5,7,7
14,92,73.7,7,7
14,93,75.7,7,7
14,106,81.0,7,7
14,107,81.5,7,7
14,120,88.1,7,7
14,121,86.1,7,7
14,134,86.4,7,7
14,135,80.1,7,7
14,140,90.1,7,7
14,141,78.3,7,7
15,144,87.8,7,9
15,145,89.3,7,9
15,146,85.1,7,10
15,147,87.7,7,10
15,142,91.2,7,8
15,143,84.9,7,8
15,0,80.5,7,0
15,1,78.7,7,0
15,16,81.3,7,0
15,17,71.5,7,0
15,32,78.2,7,0
15,33,83.2,7,0
15,48,80.0,7,0
15,49,71.6,7,0
15,64,82.0,7,0
15,65,77.5,7,0
15,2,261.6,7,2
15,3,260.9,7,2
15,18,264.7,7,2
15,19,261.9,7,2
15,34,264.3,7,2
15,35,268.3,7,2
15,50,268.6,7,2
15,51,263.2,7,2
15,66,265.4,7,2
15,67,269.9,7,2
15,80,269.5,7,2
15,81,261.6,7,2
15,94,270.0,7,2
15,95,268.9,7,2
15,108,272.8,7,2
15,109,272.5,7,2
15,122,271.1,7,2
15,123,273.7,7,2
15,4,267.7,7,3
15,5,277.7,7,3
15,20,276.5,7,3
15,21,269.9,7,3
15,36,280.1,7,3
15,37,278.8,7,3
15,52,268.5,7,3
15,53,280.6,7,3
15,68,269.9,7,3
15,69,276.7,7,3
15,82,280.6,7,3
15,83,265.8,7,3
15,96,270.2,7,3
15,97,267.2,7,3
15,110,270.2,7,3
15,111,271.5,7,3
15,124,267.9,7,3
15,125,274.6,7,3
15,6,275.8,7,4
15,7,270.8,7,4
15,22,269.5,7,4
15,23,275.9,7,4
15,38,274.6,7,4
15,39,271.9,7,4
15,54,275.5,7,4
15,55,276.5,7,4
15,70,274.6,7,4
15,71,274.0,7,4
15,84,272.2,7,4
15,85,266.6,7,4
15,98,271.6,7,4
15,99,270.4,7,4
15,112,269.1,7,4
15,113,268.0,7,4
15,126,269.5,7,4
15,127,267.0,7,4
15,8,72.9,7,5
15,9,86.9,7,5
15,24,88.0,7,5
15,25,83.8,7,5
15,40,77.9,7,5
15,41,73.0,7,5
15,56,82.2,7,5
15,57,87.3,7,5
15,72,79.0,7,5
15,73,80.1,7,5
15,86,83.2,7,5
15,87,85.4,7,5
15,100,79.3,7,5
15,101,76.8,7,5
15,114,77.1,7,5
15,115,81.8,7,5
15,128,73.7,7,5
15,129,77.4,7,5
15,10,269.3,7,1
15,11,268.9,7,1
15,26,269.3,7,1
15,27,268.0,7,1
15,42,262.8,7,1
15,43,265.8,7,1
15,58,272.0,7,1
15,59,268.1,7,1
15,74,267.9,7,1
15,75,267.3,7,1
15,88,271.2,7,1
15,89,276.9,7,1
15,102,267.6,7,1
15,103,275.8,7,1
15,116,275.4,7,1
15,117,263.7,7,1
15,130,272.0,7,1
15,131,268.1,7,1
15,136,268.0,7,1
15,137,270.2,7,1
15,12,88.4,7,6
15,13,78.3,7,6
15,28,83.5,7,6
15,29,77.6,7,6
15,44,74.8,7,6
15,45,94.3,7,6
15,60,81.2,7,6
15,61,81.6,7,6
15,76,88.7,7,6
15,77,82.1,7,6
15,90,90.6,7,6
15,91,76.0,7,6
15,104,79.0,7,6
15,105,75.7,7,6
15,118,78.2,7,6
15,119,73.7,7,6
15,132,83.9,7,6
15,133,78.8,7,6
15,138,68.3,7,6
15,139,68.6,7,6
15,14,65.4,7,7
15,15,0.0,7,7
15,30,63.0,7,7
15,31,62.4,7,7
15,46,73.9,7,7
15,47,68.7,7,7
15,62,72.2,7,7
15,63,88.6,7,7
15,78,78.9,7,7
15,79,80.5,7,7
15,92,77.6,7,7
15,93,73.6,7,7
15,106,74.7,7,7
15,107,80.4,7,7
15,120,89.3,7,7
15,121,83.6,7,7
15,134,91.7,7,7
15,135,74.5,7,7
15,140,87.0,7,7
15,141,85.3,7,7
30,144,96.5,7,9
30,145,89.8,7,9
30,146,83.9,7,10
30,147,89.9,7,10
30,142,89.9,7,8
30,143,88.2,7,8
30,0,78.6,7,0
30,1,76.7,7,0
30,16,74.6,7,0
30,17,79.4,7,0
30,32,78.5,7,0
30,33,88.1,7,0
30,48,83.4,7,0
30,49,81.7,7,0
30,64,85.4,7,0
30,65,80.4,7,0
30,2,264.0,7,2
30,3,263.8,7,2
30,18,268.1,7,2
30,19,265.6,7,2
30,34,266.7,7,2
30,35,271.5,7,2
30,50,272.7,7,2
30,51,268.0,7,2
30,66,269.0,7,2
30,67,273.0,7,2
30,80,273.7,7,2
30,81,263.6,7,2
30,94,273.7,7,2
30,95,272.1,7,2
30,108,275.4,7,2
30,109,277.0,7,2
30,122,275.5,7,2
30,123,277.5,7,2
30,4,272.2,7,3
30,5,281.4,7,3
30,20,280.4,7,3
30,21,271.6,7,3
30,36,283.8,7,3
30,37,282.1,7,3
30,52,270.6,7,3
30,53,284.2,7,3
30,68,273.8,7,3
30,69,280.7,7,3
30,82,283.7,7,3
30,83,268.9,7,3
30,96,273.0,7,3
30,97,271.0,7,3
30,110,274.2,7,3
30,111,275.0,7,3
30,124,272.7,7,3
30,125,278.0,7,3
30,6,278.8,7,4
30,7,274.0,7,4
30,22,272.2,7,4
30,23,278.9,7,4
30,38,278.1,7,4
30,39,276.1,7,4
30,54,278.4,7,4
30,55,280.2,7,4
30,70,277.9,7,4
30,71,276.7,7,4
30,84,274.9,7,4
30,85,270.1,7,4
30,98,274.4,7,4
30,99,273.6,7,4
30,112,272.8,7,4
30,113,271.0,7,4
30,126,273.6,7,4
30,127,270.9,7,4
30,8,75.6,7,5
30,9,91.4,7,5
30,24,92.8,7,5
30,25,85.2,7,5
30,40,81.0,7,5
30,41,81.8,7,5
30,56,76.1,7,5
30,57,83.4,7,5
30,72,78.4,7,5
30,73,80.9,7,5
30,86,84.8,7,5
30,87,83.7,7,5
30,100,78.0,7,5
30,101,82.1,7,5
30,114,80.4,7,5
30,115,80.6,7,5
30,128,78.5,7,5
30,129,76.8,7,5
30,10,273.4,7,1
30,11,272.5,7,1
30,26,272.6,7,1
30,27,272.6,7,1
30,42,266.8,7,1
30,43,269.5,7,1
30,58,275.2,7,1
30,59,271.8,7,1
30,74,270.9,7,1
30,75,271.3,7,1
30,88,274.6,7,1
30,89,280.8,7,1
30,102,271.0,7,1
30,103,279.7,7,1
30,116,278.7,7,1
30,117,268.9,7,1
30,130,275.3,7,1
30,131,272.2,7,1
30,136,271.7,7,1
30,137,272.8,7,1
30,12,94.4,7,6
30,13,81.0,7,6
30,28,85.3,7,6
30,29,69.6,7,6
30,44,87.1,7,6
30,45,95.6,7,6
30,60,75.8,7,6
30,61,84.6,7,6
30,76,85.7,7,6
30,77,85.0,7,6
30,90,92.6,7,6
30,91,70.6,7,6
30,104,80.1,7,6
30,105,75.5,7,6
30,118,79.0,7,6
30,119,75.4,7,6
30,132,88.2,7,6
30,133,84.3,7,6
30,138,79.1,7,6
30,139,74.2,7,6
30,14,66.7,7,7
30,15,63.0,7,7
30,30,0.0,7,7
30,31,66.6,7,7
30,46,64.4,7,7
30,47,83.2,7,7
30,62,79.6,7,7
30,63,90.0,7,7
30,78,82.2,7,7
30,79,83.4,7,7
30,92,78.3,7,7
30,93,76.9,7,7
30,106,71.3,7,7
30,107,78.0,7,7
30,120,89.1,7,7
30,121,87.0,7,7
30,134,92.9,7,7
30,135,88.3,7,7
30,140,90.0,7,7
30,141,84.8,7,7
31,144,83.9,7,9
31,145,87.2,7,9
31,146,76.3,7,10
31,147,81.4,7,10
31,142,82.9,7,8
31,143,82.8,7,8
31,0,78.5,7,0
31,1,72.8,7,0
31,16,71.7,7,0
31,17,74.4,7,0
31,32,81.1,7,0
31,33,74.8,7,0
31,48,73.4,7,0
31,49,74.9,7,0
31,64,82.0,7,0
31,65,76.1,7,0
31,2,266.4,7,2
31,3,264.9,7,2
31,18,269.3,7,2
31,19,266.3,7,2
31,34,268.6,7,2
31,35,272.2,7,2
31,50,272.9,7,2
31,51,268.5,7,2
31,66,270.0,7,2
31,67,273.2,7,2
31,80,273.2,7,2
31,81,267.0,7,2
31,94,274.1,7,2
31,95,272.3,7,2
31,108,276.7,7,2
31,109,276.8,7,2
31,122,274.9,7,2
31,123,277.1,7,2
31,4,273.4,7,3
31,5,280.8,7,3
31,20,279.7,7,3
31,21,273.2,7,3
31,36,283.1,7,3
31,37,282.5,7,3
31,52,272.2,7,3
31,53,283.4,7,3
31,68,275.6,7,3
31,69,280.2,7,3
31,82,284.1,7,3
31,83,269.4,7,3
31,96,274.2,7,3
31,97,271.1,7,3
31,110,274.8,7,3
31,111,275.8,7,3
31,124,273.3,7,3
31,125,278.3,7,3
31,6,279.4,7,4
31,7,274.9,7,4
31,22,273.6,7,4
31,23,279.5,7,4
31,38,278.4,7,4
31,39,276.2,7,4
31,54,279.2,7,4
31,55,279.4,7,4
31,70,278.0,7,4
31,71,277.9,7,4
31,84,276.0,7,4
31,85,271.4,7,4
31,98,274.7,7,4
31,99,273.9,7,4
31,112,272.4,7,4
31,113,273.0,7,4
31,126,273.8,7,4
31,127,271.3,7,4
31,8,70.7,7,5
31,9,81.5,7,5
31,24,86.5,7,5
31,25,73.5,7,5
31,40,66.2,7,5
31,41,72.9,7,5
31,56,71.9,7,5
31,57,71.5,7,5
31,72,68.7,7,5
31,73,66.6,7,5
31,86,77.0,7,5
31,87,75.0,7,5
31,100,71.8,7,5
31,101,68.4,7,5
31,114,82.3,7,5
31,115,72.5,7,5
31,128,72.4,7,5
31,129,73.2,7,5
31,10,272.9,7,1
31,11,272.3,7,1
31,26,272.8,7,1
31,27,271.6,7,1
31,42,267.4,7,1
31,43,270.0,7,1
31,58,273.7,7,1
31,59,271.5,7,1
31,74,271.5,7,1
31,75,272.0,7,1
31,88,274.8,7,1
31,89,279.9,7,1
31,102,270.8,7,1
31,103,279.2,7,1
31,116,278.9,7,1
31,117,269.6,7,1
31,130,275.9,7,1
31,131,272.1,7,1
31,136,271.8,7,1
31,137,272.9,7,1
31,12,88.0,7,6
31,13,79.6,7,6
31,28,83.7,7,6
31,29,72.1,7,6
31,44,82.6,7,6
31,45,97.6,7,6
31,60,78.4,7,6
31,61,78.4,7,6
31,76,87.7,7,6
31,77,78.6,7,6
31,90,82.1,7,6
31,91,78.4,7,6
31,104,80.8,7,6
31,105,82.5,7,6
31,118,78.9,7,6
31,119,69.9,7,6
31,132,79.5,7,6
31,133,75.5,7,6
31,138,69.7,7,6
31,139,66.8,7,6
31,14,65.6,7,7
31,15,62.4,7,7
31,30,66.6,7,7
31,31,0.0,7,7
31,46,53.8,7,7
31,47,68.4,7,7
31,62,60.9,7,7
31,63,78.0,7,7
31,78,67.7,7,7
31,79,66.0,7,7
31,92,74.6,7,7
31,93,69.3,7,7
31,106,68.7,7,7
31,107,74.3,7,7
31,120,87.7,7,7
31,121,80.9,7,7
31,134,82.8,7,7
31,135,78.5,7,7
31,140,81.3,7,7
31,141,75.4,7,7
46,144,94.1,7,9
46,145,88.0,7,9
46,146,79.2,7,10
46,147,83.6,7,10
46,142,81.0,7,8
46,143,84.5,7,8
46,0,81.0,7,0
46,1,76.4,7,0
46,16,74.3,7,0
46,17,80.8,7,0
46,32,82.8,7,0
46,33,84.8,7,0
46,48,75.1,7,0
46,49,84.1,7,0
46,64,82.5,7,0
46,65,79.0,7,0
46,2,266.4,7,2
46,3,263.9,7,2
46,18,269.8,7,2
46,19,267.1,7,2
46,34,268.3,7,2
46,35,272.3,7,2
46,50,273.3,7,2
46,51,268.7,7,2
46,66,270.1,7,2
46,67,274.0,7,2
46,80,273.9,7,2
46,81,267.0,7,2
46,94,274.2,7,2
46,95,272.7,7,2
46,108,276.7,7,2
46,109,277.2,7,2
46,122,275.3,7,2
46,123,277.5,7,2
46,4,274.2,7,3
46,5,280.8,7,3
46,20,280.1,7,3
46,21,273.8,7,3
46,36,283.4,7,3
46,37,283.0,7,3
46,52,272.4,7,3
46,53,284.0,7,3
46,68,276.5,7,3
46,69,280.0,7,3
46,82,284.2,7,3
46,83,270.0,7,3
46,96,275.2,7,3
46,97,272.2,7,3
46,110,275.1,7,3
46,111,276.0,7,3
46,124,274.2,7,3
46,125,278.5,7,3
46,6,279.8,7,4
46,7,275.2,7,4
46,22,273.9,7,4
46,23,279.6,7,4
46,38,279.2,7,4
46,39,277.2,7,4
46,54,280.1,7,4
46,55,279.1,7,4
46,70,278.8,7,4
46,71,279.1,7,4
46,84,276.8,7,4
46,85,271.2,7,4
46,98,275.2,7,4
46,99,273.2,7,4
46,112,272.6,7,4
46,113,273.1,7,4
46,126,274.0,7,4
46,127,271.9,7,4
46,8,66.6,7,5
46,9,78.2,7,5
46,24,84.1,7,5
46,25,68.3,7,5
46,40,68.3,7,5
46,41,76.5,7,5
46,56,68.8,7,5
46,57,74.3,7,5
46,72,64.9,7,5
46,73,73.8,7,5
46,86,77.8,7,5
46,87,76.8,7,5
46,100,72.5,7,5
46,101,76.5,7,5
46,114,78.1,7,5
46,115,72.6,7,5
46,128,71.5,7,5
46,129,72.9,7,5
46,10,272.2,7,1
46,11,272.9,7,1
46,26,273.4,7,1
46,27,271.7,7,1
46,42,267.3,7,1
46,43,271.0,7,1
46,58,274.1,7,1
46,59,272.8,7,1
46,74,272.5,7,1
46,75,272.8,7,1
46,88,276.0,7,1
46,89,280.3,7,1
46,102,271.5,7,1
46,103,279.8,7,1
46,116,278.6,7,1
46,117,270.5,7,1
46,130,275.8,7,1
46,131,272.9,7,1
46,136,272.3,7,1
46,137,274.2,7,1
46,12,93.4,7,6
46,13,80.3,7,6
46,28,82.0,7,6
46,29,72.1,7,6
46,44,84.2,7,6
46,45,94.8,7,6
46,60,82.1,7,6
46,61,81.6,7,6
46,76,93.0,7,6
46,77,81.2,7,6
46,90,86.8,7,6
46,91,76.5,7,6
46,104,79.9,7,6
46,105,82.1,7,6
46,118,82.5,7,6
46,119,73.9,7,6
46,132,85.7,7,6
46,133,84.4,7,6
46,138,77.8,7,6
46,139,76.1,7,6
46,14,68.0,7,7
46,15,73.9,7,7
46,30,64.4,7,7
46,31,53.8,7,7
46,46,0.0,7,7
46,47,75.3,7,7
46,62,71.7,7,7
46,63,77.9,7,7
46,78,68.6,7,7
46,79,73.4,7,7
46,92,75.0,7,7
46,93,74.7,7,7
46,106,73.7,7,7
46,107,71.9,7,7
46,120,84.6,7,7
46,121,79.5,7,7
46,134,80.1,7,7
46,135,86.4,7,7
46,140,84.4,7,7
46,141,78.0,7,7
47,144,90.2,7,9
47,145,94.3,7,9
47,146,88.9,7,10
47,147,77.1,7,10
47,142,86.9,7,8
47,143,88.8,7,8
47,0,85.2,7,0
47,1,76.1,7,0
47,16,84.3,7,0
47,17,76.7,7,0
47,32,85.3,7,0
47,33,85.5,7,0
47,48,85.1,7,0
47,49,74.0,7,0
47,64,76.8,7,0
47,65,87.5,7,0
47,2,261.0,7,2
47,3,259.2,7,2
47,18,264.1,7,2
47,19,260.6,7,2
47,34,263.8,7,2
47,35,267.0,7,2
47,50,268.0,7,2
47,51,261.8,7,2
47,66,264.4,7,2
47,67,268.2,7,2
47,80,267.8,7,2
47,81,261.2,7,2
47,94,269.2,7,2
47,95,267.4,7,2
47,108,272.0,7,2
47,109,271.4,7,2
47,122,269.5,7,2
47,123,272.9,7,2
47,4,267.6,7,3
47,5,276.5,7,3
47,20,275.2,7,3
47,21,268.4,7,3
47,36,278.5,7,3
47,37,277.9,7,3
47,52,267.3,7,3
47,53,278.9,7,3
47,68,270.2,7,3
47,69,275.5,7,3
47,82,279.9,7,3
47,83,264.2,7,3
47,96,269.5,7,3
47,97,266.4,7,3
47,110,270.1,7,3
47,111,271.3,7,3
47,124,268.3,7,3
47,125,273.8,7,3
47,6,275.7,7,4
47,7,269.7,7,4
47,22,268.4,7,4
47,23,275.4,7,4
47,38,274.7,7,4
47,39,271.5,7,4
47,54,275.1,7,4
47,55,274.5,7,4
47,70,273.0,7,4
47,71,274.0,7,4
47,84,272.1,7,4
47,85,266.4,7,4
47,98,270.1,7,4
47,99,269.6,7,4
47,112,267.5,7,4
47,113,268.7,7,4
47,126,268.8,7,4
47,127,266.1,7,4
47,8,81.0,7,5
47,9,88.0,7,5
47,24,91.0,7,5
47,25,88.9,7,5
47,40,74.2,7,5
47,41,71.4,7,5
47,56,85.1,7,5
47,57,81.3,7,5
47,72,79.1,7,5
47,73,73.6,7,5
47,86,83.1,7,5
47,87,81.6,7,5
47,100,84.1,7,5
47,101,82.0,7,5
47,114,80.3,7,5
47,115,81.4,7,5
47,128,76.5,7,5
47,129,83.3,7,5
47,10,268.2,7,1
47,11,267.9,7,1
47,26,266.9,7,1
47,27,266.1,7,1
47,42,261.3,7,1
47,43,264.6,7,1
47,58,269.8,7,1
47,59,267.6,7,1
47,74,267.4,7,1
47,75,267.1,7,1
47,88,271.1,7,1
47,89,275.8,7,1
47,102,266.1,7,1
47,103,275.3,7,1
47,116,274.9,7,1
47,117,263.7,7,1
47,130,271.0,7,1
47,131,267.3,7,1
47,136,267.3,7,1
47,137,268.8,7,1
47,12,86.1,7,6
47,13,77.5,7,6
47,28,84.0,7,6
47,29,86.0,7,6
47,44,85.0,7,6
47,45,98.0,7,6
47,60,87.6,7,6
47,61,90.5,7,6
47,76,102.2,7,6
47,77,85.3,7,6
47,90,94.5,7,6
47,91,83.8,7,6
47,104,90.3,7,6
47,105,86.0,7,6
47,118,88.1,7,6
47,119,84.1,7,6
47,132,90.0,7,6
47,133,84.0,7,6
47,138,76.9,7,6
47,139,84.9,7,6
47,14,73.1,7,7
47,15,68.7,7,7
47,30,83.2,7,7
47,31,68.4,7,7
47,46,75.3,7,7
47,47,0.0,7,7
47,62,65.5,7,7
47,63,69.1,7,7
47,78,74.8,7,7
47,79,66.3,7,7
47,92,74.6,7,7
47,93,70.3,7,7
47,106,80.3,7,7
47,107,81.0,7,7
47,120,82.2,7,7
47,121,90.3,7,7
47,134,77.2,7,7
47,135,68.2,7,7
47,140,86.5,7,7
47,141,71.7,7,7
62,144,87.4,7,9
62,145,89.9,7,9
62,146,78.9,7,10
62,147,78.6,7,10
62,142,84.8,7,8
62,143,82.4,7,8
62,0,75.8,7,0
62,1,74.1,7,0
62,16,74.4,7,0
62,17,80.8,7,0
62,32,79.2,7,0
62,33,77.9,7,0
62,48,74.5,7,0
62,49,78.0,7,0
62,64,87.7,7,0
62,65,89.3,7,0
62,2,267.5,7,2
62,3,265.9,7,2
62,18,269.8,7,2
62,19,267.4,7,2
62,34,270.3,7,2
62,35,272.4,7,2
62,50,273.6,7,2
62,51,267.5,7,2
62,66,270.2,7,2
62,67,274.2,7,2
62,80,273.8,7,2
62,81,268.3,7,2
62,94,274.4,7,2
62,95,273.1,7,2
62,108,277.5,7,2
62,109,277.2,7,2
62,122,275.9,7,2
62,123,278.0,7,2
62,4,275.2,7,3
62,5,281.1,7,3
62,20,280.5,7,3
62,21,274.7,7,3
62,36,283.2,7,3
62,37,283.6,7,3
62,52,273.8,7,3
62,53,284.2,7,3
62,68,277.3,7,3
62,69,280.2,7,3
62,82,284.9,7,3
62,83,271.2,7,3
62,96,275.7,7,3
62,97,273.0,7,3
62,110,275.3,7,3
62,111,276.5,7,3
62,124,274.9,7,3
62,125,279.1,7,3
62,6,280.6,7,4
62,7,275.7,7,4
62,22,275.1,7,4
62,23,280.4,7,4
62,38,279.8,7,4
62,39,277.2,7,4
62,54,280.8,7,4
62,55,280.4,7,4
62,70,279.6,7,4
62,71,280.4,7,4
62,84,277.0,7,4
62,85,272.1,7,4
62,98,275.8,7,4
62,99,274.8,7,4
62,112,274.0,7,4
62,113,274.4,7,4
62,126,274.2,7,4
62,127,272.7,7,4
62,8,76.7,7,5
62,9,74.2,7,5
62,24,93.6,7,5
62,25,80.3,7,5
62,40,67.2,7,5
62,41,72.2,7,5
62,56,75.2,7,5
62,57,76.9,7,5
62,72,78.3,7,5
62,73,79.2,7,5
62,86,75.9,7,5
62,87,68.6,7,5
62,100,72.7,7,5
62,101,78.2,7,5
62,114,78.8,7,5
62,115,64.9,7,5
62,128,67.7,7,5
62,129,79.0,7,5
62,10,273.7,7,1
62,11,273.8,7,1
62,26,273.8,7,1
62,27,272.7,7,1
62,42,268.7,7,1
62,43,271.2,7,1
62,58,275.2,7,1
62,59,273.7,7,1
62,74,273.4,7,1
62,75,273.4,7,1
62,88,276.6,7,1
62,89,280.3,7,1
62,102,272.3,7,1
62,103,279.9,7,1
62,116,279.7,7,1
62,117,270.8,7,1
62,130,276.5,7,1
62,131,273.1,7,1
62,136,272.3,7,1
62,137,274.3,7,1
62,12,98.0,7,6
62,13,81.1,7,6
62,28,85.8,7,6
62,29,78.7,7,6
62,44,89.3,7,6
62,45,102.2,7,6
62,60,87.1,7,6
62,61,78.5,7,6
62,76,97.3,7,6
62,77,78.6,7,6
62,90,88.4,7,6
62,91,82.6,7,6
62,104,83.3,7,6
62,105,90.5,7,6
62,118,82.1,7,6
62,119,80.5,7,6
62,132,80.9,7,6
62,133,82.6,7,6
62,138,72.6,7,6
62,139,73.0,7,6
62,14,73.8,7,7
62,15,72.2,7,7
62,30,79.6,7,7
62,31,60.9,7,7
62,46,71.7,7,7
62,47,65.5,7,7
62,62,0.0,7,7
62,63,59.7,7,7
62,78,71.2,7,7
62,79,62.2,7,7
62,92,58.4,7,7
62,93,67.7,7,7
62,106,64.1,7,7
62,107,71.9,7,7
62,120,84.5,7,7
62,121,78.3,7,7
62,134,88.1,7,7
62,135,75.1,7,7
62,140,82.1,7,7
62,141,80.1,7,7
63,144,94.6,7,9
63,145,87.6,7,9
63,146,83.7,7,10
63,147,81.2,7,10
63,142,79.4,7,8
63,143,84.1,7,8
63,0,81.0,7,0
63,1,81.7,7,0
63,16,83.8,7,0
63,17,87.6,7,0
63,32,81.2,7,0
63,33,89.3,7,0
63,48,85.5,7,0
63,49,88.5,7,0
63,64,83.7,7,0
63,65,92.9,7,0
63,2,263.6,7,2
63,3,261.1,7,2
63,18,266.1,7,2
63,19,263.3,7,2
63,34,266.3,7,2
63,35,268.3,7,2
63,50,269.8,7,2
63,51,261.8,7,2
63,66,266.3,7,2
63,67,270.0,7,2
63,80,268.3,7,2
63,81,264.3,7,2
63,94,270.9,7,2
63,95,269.0,7,2
63,108,273.4,7,2
63,109,272.9,7,2
63,122,271.5,7,2
63,123,274.5,7,2
63,4,270.4,7,3
63,5,277.8,7,3
63,20,275.7,7,3
63,21,270.1,7,3
63,36,278.7,7,3
63,37,279.6,7,3
63,52,268.4,7,3
63,53,280.3,7,3
63,68,273.2,7,3
63,69,276.6,7,3
63,82,281.4,7,3
63,83,265.1,7,3
63,96,271.3,7,3
63,97,268.0,7,3
63,110,271.9,7,3
63,111,272.3,7,3
63,124,271.2,7,3
63,125,275.7,7,3
63,6,277.0,7,4
63,7,271.4,7,4
63,22,270.7,7,4
63,23,277.1,7,4
63,38,275.9,7,4
63,39,272.6,7,4
63,54,276.7,7,4
63,55,275.3,7,4
63,70,276.3,7,4
63,71,276.1,7,4
63,84,272.6,7,4
63,85,266.5,7,4
63,98,272.3,7,4
63,99,271.2,7,4
63,112,267.9,7,4
63,113,271.0,7,4
63,126,269.3,7,4
63,127,268.0,7,4
63,8,81.0,7,5
63,9,77.5,7,5
63,24,88.5,7,5
63,25,84.2,7,5
63,40,75.0,7,5
63,41,80.3,7,5
63,56,83.9,7,5
63,57,83.4,7,5
63,72,73.4,7,5
63,73,82.4,7,5
63,86,77.6,7,5
63,87,76.6,7,5
63,100,78.7,7,5
63,101,84.8,7,5
63,114,72.5,7,5
63,115,69.0,7,5
63,128,76.4,7,5
63,129,83.0,7,5
63,10,269.4,7,1
63,11,268.8,7,1
63,26,269.6,7,1
63,27,267.8,7,1
63,42,264.0,7,1
63,43,267.4,7,1
63,58,270.6,7,1
63,59,269.8,7,1
63,74,269.3,7,1
63,75,269.2,7,1
63,88,273.0,7,1
63,89,277.3,7,1
63,102,267.0,7,1
63,103,276.8,7,1
63,116,275.8,7,1
63,117,266.7,7,1
63,130,273.5,7,1
63,131,268.0,7,1
63,136,268.6,7,1
63,137,270.1,7,1
63,12,99.7,7,6
63,13,88.6,7,6
63,28,86.6,7,6
63,29,87.5,7,6
63,44,90.8,7,6
63,45,95.5,7,6
63,60,89.8,7,6
63,61,93.7,7,6
63,76,102.5,7,6
63,77,83.2,7,6
63,90,93.4,7,6
63,91,86.7,7,6
63,104,88.0,7,6
63,105,94.4,7,6
63,118,81.0,7,6
63,119,85.9,7,6
63,132,78.9,7,6
63,133,81.1,7,6
63,138,82.3,7,6
63,139,89.0,7,6
63,14,79.6,7,7
63,15,88.6,7,7
63,30,90.0,7,7
63,31,78.0,7,7
63,46,77.9,7,7
63,47,69.1,7,7
63,62,59.7,7,7
63,63,0.0,7,7
63,78,75.3,7,7
63,79,56.7,7,7
63,92,57.3,7,7
63,93,68.7,7,7
63,106,78.1,7,7
63,107,79.2,7,7
63,120,74.8,7,7
63,121,88.9,7,7
63,134,87.4,7,7
63,135,85.9,7,7
63,140,87.5,7,7
63,141,79.6,7,7
78,144,83.8,7,9
78,145,89.1,7,9
78,146,73.0,7,10
78,147,82.2,7,10
78,142,82.3,7,8
78,143,83.8,7,8
78,0,79.6,7,0
78,1,76.9,7,0
78,16,88.0,7,0
78,17,83.1,7,0
78,32,83.5,7,0
78,33,78.3,7,0
78,48,78.2,7,0
78,49,84.9,7,0
78,64,84.9,7,0
78,65,83.3,7,0
78,2,265.4,7,2
78,3,263.0,7,2
78,18,268.4,7,2
78,19,263.3,7,2
78,34,266.5,7,2
78,35,269.9,7,2
78,50,271.5,7,2
78,51,266.7,7,2
78,66,269.0,7,2
78,67,271.7,7,2
78,80,270.9,7,2
78,81,265.7,7,2
78,94,272.6,7,2
78,95,270.8,7,2
78,108,275.7,7,2
78,109,275.1,7,2
78,122,273.2,7,2
78,123,276.4,7,2
78,4,272.0,7,3
78,5,279.9,7,3
78,20,279.0,7,3
78,21,272.6,7,3
78,36,282.1,7,3
78,37,280.9,7,3
78,52,271.8,7,3
78,53,282.8,7,3
78,68,274.7,7,3
78,69,279.4,7,3
78,82,283.8,7,3
78,83,267.6,7,3
78,96,273.6,7,3
78,97,270.0,7,3
78,110,274.1,7,3
78,111,274.2,7,3
78,124,272.1,7,3
78,125,277.8,7,3
78,6,278.6,7,4
78,7,273.0,7,4
78,22,273.5,7,4
78,23,278.9,7,4
78,38,278.0,7,4
78,39,275.4,7,4
78,54,279.1,7,4
78,55,278.1,7,4
78,70,278.0,7,4
78,71,277.6,7,4
78,84,275.4,7,4
78,85,270.7,7,4
78,98,273.6,7,4
78,99,272.9,7,4
78,112,271.1,7,4
78,113,272.6,7,4
78,126,271.9,7,4
78,127,268.8,7,4
78,8,68.7,7,5
78,9,78.3,7,5
78,24,89.6,7,5
78,25,55.2,7,5
78,40,71.7,7,5
78,41,77.1,7,5
78,56,79.8,7,5
78,57,78.0,7,5
78,72,67.8,7,5
78,73,75.6,7,5
78,86,71.2,7,5
78,87,77.9,7,5
78,100,66.9,7,5
78,101,77.5,7,5
78,114,79.2,7,5
78,115,76.8,7,5
78,128,74.4,7,5
78,129,82.4,7,5
78,10,271.9,7,1
78,11,270.6,7,1
78,26,272.3,7,1
78,27,270.1,7,1
78,42,266.6,7,1
78,43,268.1,7,1
78,58,272.0,7,1
78,59,271.0,7,1
78,74,270.6,7,1
78,75,270.7,7,1
78,88,273.4,7,1
78,89,278.8,7,1
78,102,269.5,7,1
78,103,278.3,7,1
78,116,277.5,7,1
78,117,268.2,7,1
78,130,275.5,7,1
78,131,271.1,7,1
78,136,270.9,7,1
78,137,273.0,7,1
78,12,94.6,7,6
78,13,83.5,7,6
78,28,79.8,7,6
78,29,84.8,7,6
78,44,86.8,7,6
78,45,100.0,7,6
78,60,88.7,7,6
78,61,93.5,7,6
78,76,103.7,7,6
78,77,88.8,7,6
78,90,100.1,7,6
78,91,87.7,7,6
78,104,88.1,7,6
78,105,92.0,7,6
78,118,89.3,7,6
78,119,87.1,7,6
78,132,83.1,7,6
78,133,89.1,7,6
78,138,73.0,7,6
78,139,84.7,7,6
78,14,83.9,7,7
78,15,78.9,7,7
78,30,82.2,7,7
78,31,67.7,7,7
78,46,68.6,7,7
78,47,74.8,7,7
78,62,71.2,7,7
78,63,75.3,7,7
78,78,0.0,7,7
78,79,71.7,7,7
78,92,71.6,7,7
78,93,70.6,7,7
78,106,68.5,7,7
78,107,68.3,7,7
78,120,86.0,7,7
78,121,74.6,7,7
78,134,77.4,7,7
78,135,81.3,7,7
78,140,77.6,7,7
78,141,77.5,7,7
79,144,87.2,7,9
79,145,91.3,7,9
79,146,73.7,7,10
79,147,74.2,7,10
79,142,82.9,7,8
79,143,84.0,7,8
79,0,80.4,7,0
79,1,75.3,7,0
79,16,75.5,7,0
79,17,79.6,7,0
79,32,82.6,7,0
79,33,79.0,7,0
79,48,74.0,7,0
79,49,80.0,7,0
79,64,82.8,7,0
79,65,89.0,7,0
79,2,266.7,7,2
79,3,263.9,7,2
79,18,269.3,7,2
79,19,266.5,7,2
79,34,269.9,7,2
79,35,272.2,7,2
79,50,273.2,7,2
79,51,268.6,7,2
79,66,270.1,7,2
79,67,274.0,7,2
79,80,271.5,7,2
79,81,268.2,7,2
79,94,274.2,7,2
79,95,272.7,7,2
79,108,276.7,7,2
79,109,276.9,7,2
79,122,274.8,7,2
79,123,277.6,7,2
79,4,273.8,7,3
79,5,280.9,7,3
79,20,279.6,7,3
79,21,273.4,7,3
79,36,282.0,7,3
79,37,282.0,7,3
79,52,272.1,7,3
79,53,283.5,7,3
79,68,276.6,7,3
79,69,280.1,7,3
79,82,284.3,7,3
79,83,268.5,7,3
79,96,274.6,7,3
79,97,271.0,7,3
79,110,274.9,7,3
79,111,275.9,7,3
79,124,273.9,7,3
79,125,278.6,7,3
79,6,279.0,7,4
79,7,274.9,7,4
79,22,273.8,7,4
79,23,279.5,7,4
79,38,278.6,7,4
79,39,275.6,7,4
79,54,278.8,7,4
79,55,279.3,7,4
79,70,278.6,7,4
79,71,278.9,7,4
79,84,275.9,7,4
79,85,271.1,7,4
79,98,274.5,7,4
79,99,273.8,7,4
79,112,272.2,7,4
79,113,273.7,7,4
79,126,273.4,7,4
79,127,271.2,7,4
79,8,79.9,7,5
79,9,73.7,7,5
79,24,89.2,7,5
79,25,81.3,7,5
79,40,73.2,7,5
79,41,76.5,7,5
79,56,78.5,7,5
79,57,80.7,7,5
79,72,67.2,7,5
79,73,76.9,7,5
79,86,78.9,7,5
79,87,72.9,7,5
79,100,70.9,7,5
79,101,75.3,7,5
79,114,78.0,7,5
79,115,71.6,7,5
79,128,71.8,7,5
79,129,69.2,7,5
79,10,272.1,7,1
79,11,271.6,7,1
79,26,272.5,7,1
79,27,270.6,7,1
79,42,267.1,7,1
79,43,270.4,7,1
79,58,273.2,7,1
79,59,272.0,7,1
79,74,271.5,7,1
79,75,272.4,7,1
79,88,275.5,7,1
79,89,279.9,7,1
79,102,270.2,7,1
79,103,279.4,7,1
79,116,277.3,7,1
79,117,270.0,7,1
79,130,276.1,7,1
79,131,272.0,7,1
79,136,271.6,7,1
79,137,272.7,7,1
79,12,93.4,7,6
79,13,85.1,7,6
79,28,84.5,7,6
79,29,78.7,7,6
79,44,85.6,7,6
79,45,101.0,7,6
79,60,86.2,7,6
79,61,84.7,7,6
79,76,97.0,7,6
79,77,83.0,7,6
79,90,86.4,7,6
79,91,87.5,7,6
79,104,86.6,7,6
79,105,92.6,7,6
79,118,85.8,7,6
79,119,78.1,7,6
79,132,83.9,7,6
79,133,73.5,7,6
79,138,78.3,7,6
79,139,77.0,7,6
79,14,78.5,7,7
79,15,80.5,7,7
79,30,83.4,7,7
79,31,66.0,7,7
79,46,73.4,7,7
79,47,66.3,7,7
79,62,62.2,7,7
79,63,56.7,7,7
79,78,71.7,7,7
79,79,0.0,7,7
79,92,68.4,7,7
79,93,70.5,7,7
79,106,73.6,7,7
79,107,76.3,7,7
79,120,83.8,7,7
79,121,83.0,7,7
79,134,82.8,7,7
79,135,78.2,7,7
79,140,80.1,7,7
79,141,78.5,7,7
92,144,92.0,7,9
92,145,92.4,7,9
92,146,78.9,7,10
92,147,82.3,7,10
92,142,76.1,7,8
92,143,81.2,7,8
92,0,69.2,7,0
92,1,77.9,7,0
92,16,77.5,7,0
92,17,82.6,7,0
92,32,71.3,7,0
92,33,82.1,7,0
92,48,80.2,7,0
92,49,82.3,7,0
92,64,85.7,7,0
92,65,88.0,7,0
92,2,262.7,7,2
92,3,260.8,7,2
92,18,265.7,7,2
92,19,262.8,7,2
92,34,265.9,7,2
92,35,267.2,7,2
92,50,268.7,7,2
92,51,262.6,7,2
92,66,265.4,7,2
92,67,269.8,7,2
92,80,268.7,7,2
92,81,262.7,7,2
92,94,269.7,7,2
92,95,268.1,7,2
92,108,273.0,7,2
92,109,272.3,7,2
92,122,271.6,7,2
92,123,273.7,7,2
92,4,270.3,7,3
92,5,277.2,7,3
92,20,275.4,7,3
92,21,270.3,7,3
92,36,279.3,7,3
92,37,278.9,7,3
92,52,267.6,7,3
92,53,279.9,7,3
92,68,272.4,7,3
92,69,275.9,7,3
92,82,280.6,7,3
92,83,265.6,7,3
92,96,271.3,7,3
92,97,268.4,7,3
92,110,270.9,7,3
92,111,271.8,7,3
92,124,270.0,7,3
92,125,275.0,7,3
92,6,275.9,7,4
92,7,271.0,7,4
92,22,270.1,7,4
92,23,275.9,7,4
92,38,275.3,7,4
92,39,271.7,7,4
92,54,276.3,7,4
92,55,275.3,7,4
92,70,275.4,7,4
92,71,275.8,7,4
92,84,271.0,7,4
92,85,266.0,7,4
92,98,271.5,7,4
92,99,270.3,7,4
92,112,266.9,7,4
92,113,269.5,7,4
92,126,268.7,7,4
92,127,267.5,7,4
92,8,76.5,7,5
92,9,77.8,7,5
92,24,91.7,7,5
92,25,78.7,7,5
92,40,70.7,7,5
92,41,76.3,7,5
92,56,77.2,7,5
92,57,76.0,7,5
92,72,77.2,7,5
92,73,82.8,7,5
92,86,67.9,7,5
92,87,67.4,7,5
92,100,75.9,7,5
92,101,81.4,7,5
92,114,72.5,7,5
92,115,70.1,7,5
92,128,73.1,7,5
92,129,81.3,7,5
92,10,269.1,7,1
92,11,268.9,7,1
92,26,268.9,7,1
92,27,267.9,7,1
92,42,263.4,7,1
92,43,266.6,7,1
92,58,270.0,7,1
92,59,269.3,7,1
92,74,268.8,7,1
92,75,268.6,7,1
92,88,272.4,7,1
92,89,276.4,7,1
92,102,266.5,7,1
92,103,275.9,7,1
92,116,275.4,7,1
92,117,265.8,7,1
92,130,272.6,7,1
92,131,267.7,7,1
92,136,268.3,7,1
92,137,270.2,7,1
92,12,97.8,7,6
92,13,81.0,7,6
92,28,79.6,7,6
92,29,80.5,7,6
92,44,87.7,7,6
92,45,93.1,7,6
92,60,89.0,7,6
92,61,89.2,7,6
92,76,100.1,7,6
92,77,74.0,7,6
92,90,95.3,7,6
92,91,82.5,7,6
92,104,84.5,7,6
92,105,90.3,7,6
92,118,66.7,7,6
92,119,82.7,7,6
92,132,85.1,7,6
92,133,88.7,7,6
92,138,74.9,7,6
92,139,80.7,7,6
92,14,73.7,7,7
92,15,77.6,7,7
92,30,78.3,7,7
92,31,74.6,7,7
92,46,75.0,7,7
92,47,74.6,7,7
92,62,58.4,7,7
92,63,57.3,7,7
92,78,71.6,7,7
92,79,68.4,7,7
92,92,0.0,7,7
92,93,61.5,7,7
92,106,67.4,7,7
92,107,75.3,7,7
92,120,78.4,7,7
92,121,82.5,7,7
92,134,88.0,7,7
92,135,79.0,7,7
92,140,84.2,7,7
92,141,75.3,7,7
93,144,89.6,7,9
93,145,82.4,7,9
93,146,80.7,7,10
93,147,84.3,7,10
93,142,82.0,7,8
93,143,84.9,7,8
93,0,74.6,7,0
93,1,75.5,7,0
93,16,80.0,7,0
93,17,76.0,7,0
93,32,77.1,7,0
93,33,76.5,7,0
93,48,79.1,7,0
93,49,72.3,7,0
93,64,77.1,7,0
93,65,83.3,7,0
93,2,260.9,7,2
93,3,258.5,7,2
93,18,263.8,7,2
93,19,261.2,7,2
93,34,263.5,7,2
93,35,266.6,7,2
93,50,267.2,7,2
93,51,261.0,7,2
93,66,264.3,7,2
93,67,268.9,7,2
93,80,267.9,7,2
93,81,262.4,7,2
93,94,268.5,7,2
93,95,267.2,7,2
93,108,271.0,7,2
93,109,271.1,7,2
93,122,269.7,7,2
93,123,272.5,7,2
93,4,267.7,7,3
93,5,275.9,7,3
93,20,273.7,7,3
93,21,267.9,7,3
93,36,278.4,7,3
93,37,277.2,7,3
93,52,265.5,7,3
93,53,278.2,7,3
93,68,270.0,7,3
93,69,275.0,7,3
93,82,278.4,7,3
93,83,263.0,7,3
93,96,269.0,7,3
93,97,265.9,7,3
93,110,269.6,7,3
93,111,270.4,7,3
93,124,268.0,7,3
93,125,273.2,7,3
93,6,274.0,7,4
93,7,269.6,7,4
93,22,268.2,7,4
93,23,273.2,7,4
93,38,273.3,7,4
93,39,270.4,7,4
93,54,273.6,7,4
93,55,274.2,7,4
93,70,273.1,7,4
93,71,272.2,7,4
93,84,270.1,7,4
93,85,263.7,7,4
93,98,270.0,7,4
93,99,269.0,7,4
93,112,266.2,7,4
93,113,268.1,7,4
93,126,268.0,7,4
93,127,265.4,7,4
93,8,76.9,7,5
93,9,79.3,7,5
93,24,77.1,7,5
93,25,80.9,7,5
93,40,73.9,7,5
93,41,77.8,7,5
93,56,81.0,7,5
93,57,81.7,7,5
93,72,67.5,7,5
93,73,78.6,7,5
93,86,71.7,7,5
93,87,68.2,7,5
93,100,74.0,7,5
93,101,72.2,7,5
93,114,79.9,7,5
93,115,71.8,7,5
93,128,71.4,7,5
93,129,71.8,7,5
93,10,268.1,7,1
93,11,267.2,7,1
93,26,266.7,7,1
93,27,265.7,7,1
93,42,261.6,7,1
93,43,264.4,7,1
93,58,269.0,7,1
93,59,267.1,7,1
93,74,266.2,7,1
93,75,265.8,7,1
93,88,270.0,7,1
93,89,274.9,7,1
93,102,264.0,7,1
93,103,274.3,7,1
93,116,273.8,7,1
93,117,264.0,7,1
93,130,270.5,7,1
93,131,266.5,7,1
93,136,266.7,7,1
93,137,268.2,7,1
93,12,79.4,7,6
93,13,82.7,7,6
93,28,83.2,7,6
93,29,80.0,7,6
93,44,77.7,7,6
93,45,86.3,7,6
93,60,77.5,7,6
93,61,84.2,7,6
93,76,91.3,7,6
93,77,73.1,7,6
93,90,86.1,7,6
93,91,82.0,7,6
93,104,85.5,7,6
93,105,83.4,7,6
93,118,75.8,7,6
93,119,79.6,7,6
93,132,82.4,7,6
93,133,74.1,7,6
93,138,72.7,7,6
93,139,79.3,7,6
93,14,75.7,7,7
93,15,73.6,7,7
93,30,76.9,7,7
93,31,69.3,7,7
93,46,74.7,7,7
93,47,70.3,7,7
93,62,67.7,7,7
93,63,68.7,7,7
93,78,70.6,7,7
93,79,70.5,7,7
93,92,61.5,7,7
93,93,0.0,7,7
93,106,73.0,7,7
93,107,65.0,7,7
93,120,83.1,7,7
93,121,83.9,7,7
93,134,85.9,7,7
93,135,83.4,7,7
93,140,74.5,7,7
93,141,78.4,7,7
106,144,82.2,7,9
106,145,94.6,7,9
106,146,75.1,7,10
106,147,86.3,7,10
106,142,87.7,7,8
106,143,83.7,7,8
106,0,76.6,7,0
106,1,77.2,7,0
106,16,75.9,7,0
106,17,83.5,7,0
106,32,78.0,7,0
106,33,68.2,7,0
106,48,78.3,7,0
106,49,81.7,7,0
106,64,89.9,7,0
106,65,91.9,7,0
106,2,267.2,7,2
106,3,266.8,7,2
106,18,270.3,7,2
106,19,266.7,7,2
106,34,270.2,7,2
106,35,272.1,7,2
106,50,273.4,7,2
106,51,270.6,7,2
106,66,270.5,7,2
106,67,274.7,7,2
106,80,274.0,7,2
106,81,267.3,7,2
106,94,274.5,7,2
106,95,272.8,7,2
106,108,277.2,7,2
106,109,277.2,7,2
106,122,274.7,7,2
106,123,277.4,7,2
106,4,274.2,7,3
106,5,281.2,7,3
106,20,280.1,7,3
106,21,274.7,7,3
106,36,283.8,7,3
106,37,281.5,7,3
106,52,272.7,7,3
106,53,284.0,7,3
106,68,276.1,7,3
106,69,280.7,7,3
106,82,284.8,7,3
106,83,270.8,7,3
106,96,275.4,7,3
106,97,272.2,7,3
106,110,274.9,7,3
106,111,276.0,7,3
106,124,273.6,7,3
106,125,278.8,7,3
106,6,278.9,7,4
106,7,275.2,7,4
106,22,274.3,7,4
106,23,280.1,7,4
106,38,278.9,7,4
106,39,277.2,7,4
106,54,280.5,7,4
106,55,280.8,7,4
106,70,279.4,7,4
106,71,279.7,7,4
106,84,276.6,7,4
106,85,273.5,7,4
106,98,275.6,7,4
106,99,274.5,7,4
106,112,274.1,7,4
106,113,274.4,7,4
106,126,274.9,7,4
106,127,272.5,7,4
106,8,72.6,7,5
106,9,82.6,7,5
106,24,96.2,7,5
106,25,74.8,7,5
106,40,71.2,7,5
106,41,73.0,7,5
106,56,68.5,7,5
106,57,76.8,7,5
106,72,72.4,7,5
106,73,77.8,7,5
106,86,74.9,7,5
106,87,74.9,7,5
106,100,65.9,7,5
106,101,79.3,7,5
106,114,79.0,7,5
106,115,72.0,7,5
106,128,75.2,7,5
106,129,77.7,7,5
106,10,274.0,7,1
106,11,272.7,7,1
106,26,274.2,7,1
106,27,273.1,7,1
106,42,268.7,7,1
106,43,270.5,7,1
106,58,275.8,7,1
106,59,273.2,7,1
106,74,271.7,7,1
106,75,273.2,7,1
106,88,273.6,7,1
106,89,279.4,7,1
106,102,271.6,7,1
106,103,279.5,7,1
106,116,279.3,7,1
106,117,271.3,7,1
106,130,277.0,7,1
106,131,273.7,7,1
106,136,272.5,7,1
106,137,274.7,7,1
106,12,98.3,7,6
106,13,82.0,7,6
106,28,81.6,7,6
106,29,73.5,7,6
106,44,93.9,7,6
106,45,108.8,7,6
106,60,82.4,7,6
106,61,85.7,7,6
106,76,97.2,7,6
106,77,87.6,7,6
106,90,99.3,7,6
106,91,84.5,7,6
106,104,85.5,7,6
106,105,94.1,7,6
106,118,87.9,7,6
106,119,84.3,7,6
106,132,83.8,7,6
106,133,88.7,7,6
106,138,78.4,7,6
106,139,77.8,7,6
106,14,81.0,7,7
106,15,74.7,7,7
106,30,71.3,7,7
106,31,68.7,7,7
106,46,73.7,7,7
106,47,80.3,7,7
106,62,64.1,7,7
106,63,78.1,7,7
106,78,68.5,7,7
106,79,73.6,7,7
106,92,67.4,7,7
106,93,73.0,7,7
106,106,0.0,7,7
106,107,78.2,7,7
106,120,80.1,7,7
106,121,74.1,7,7
106,134,79.7,7,7
106,135,75.5,7,7
106,140,68.1,7,7
106,141,77.6,7,7
107,144,91.2,7,9
107,145,77.8,7,9
107,146,78.7,7,10
107,147,87.5,7,10
107,142,83.6,7,8
107,143,79.9,7,8
107,0,82.0,7,0
107,1,73.7,7,0
107,16,83.7,7,0
107,17,83.9,7,0
107,32,82.3,7,0
107,33,86.0,7,0
107,48,75.1,7,0
107,49,91.1,7,0
107,64,83.4,7,0
107,65,85.5,7,0
107,2,265.4,7,2
107,3,262.7,7,2
107,18,268.5,7,2
107,19,265.5,7,2
107,34,268.4,7,2
107,35,270.7,7,2
107,50,271.9,7,2
107,51,264.4,7,2
107,66,269.1,7,2
107,67,272.2,7,2
107,80,272.4,7,2
107,81,266.3,7,2
107,94,273.2,7,2
107,95,271.3,7,2
107,108,275.2,7,2
107,109,275.2,7,2
107,122,274.0,7,2
107,123,276.7,7,2
107,4,272.0,7,3
107,5,280.0,7,3
107,20,278.7,7,3
107,21,271.7,7,3
107,36,282.5,7,3
107,37,281.8,7,3
107,52,270.0,7,3
107,53,282.8,7,3
107,68,274.7,7,3
107,69,278.6,7,3
107,82,283.6,7,3
107,83,266.8,7,3
107,96,274.0,7,3
107,97,270.1,7,3
107,110,273.7,7,3
107,111,274.8,7,3
107,124,272.3,7,3
107,125,277.4,7,3
107,6,279.3,7,4
107,7,274.0,7,4
107,22,273.2,7,4
107,23,278.7,7,4
107,38,278.3,7,4
107,39,275.2,7,4
107,54,279.1,7,4
107,55,278.6,7,4
107,70,277.7,7,4
107,71,277.4,7,4
107,84,275.2,7,4
107,85,268.6,7,4
107,98,273.7,7,4
107,99,273.6,7,4
107,112,271.3,7,4
107,113,273.2,7,4
107,126,271.8,7,4
107,127,269.0,7,4
107,8,67.1,7,5
107,9,79.8,7,5
107,24,74.4,7,5
107,25,76.6,7,5
107,40,75.9,7,5
107,41,79.6,7,5
107,56,82.2,7,5
107,57,80.2,7,5
107,72,75.2,7,5
107,73,73.0,7,5
107,86,73.0,7,5
107,87,76.0,7,5
107,100,71.1,7,5
107,101,74.7,7,5
107,114,75.5,7,5
107,115,71.9,7,5
107,128,73.0,7,5
107,129,82.2,7,5
107,10,271.7,7,1
107,11,271.7,7,1
107,26,272.4,7,1
107,27,269.5,7,1
107,42,266.2,7,1
107,43,269.5,7,1
107,58,273.5,7,1
107,59,271.3,7,1
107,74,270.8,7,1
107,75,270.2,7,1
107,88,274.9,7,1
107,89,279.0,7,1
107,102,268.2,7,1
107,103,278.6,7,1
107,116,278.3,7,1
107,117,267.3,7,1
107,130,274.8,7,1
107,131,271.4,7,1
107,136,271.7,7,1
107,137,273.2,7,1
107,12,88.7,7,6
107,13,83.0,7,6
107,28,83.0,7,6
107,29,85.2,7,6
107,44,73.7,7,6
107,45,89.9,7,6
107,60,90.7,7,6
107,61,87.1,7,6
107,76,99.3,7,6
107,77,85.0,7,6
107,90,87.6,7,6
107,91,88.9,7,6
107,104,82.0,7,6
107,105,87.6,7,6
107,118,87.0,7,6
107,119,78.9,7,6
107,132,87.6,7,6
107,133,90.0,7,6
107,138,80.5,7,6
107,139,82.0,7,6
107,14,81.5,7,7
107,15,80.4,7,7
107,30,78.0,7,7
107,31,74.3,7,7
107,46,71.9,7,7
107,47,81.0,7,7
107,62,71.9,7,7
107,63,79.2,7,7
107,78,68.3,7,7
107,79,76.3,7,7
107,92,75.3,7,7
107,93,65.0,7,7
107,106,78.2,7,7
107,107,0.0,7,7
107,120,89.4,7,7
107,121,76.2,7,7
107,134,77.3,7,7
107,135,84.9,7,7
107,140,85.1,7,7
107,141,80.6,7,7
120,144,86.1,7,9
120,145,81.5,7,9
120,146,87.3,7,10
120,147,87.7,7,10
120,142,97.2,7,8
120,143,92.1,7,8
120,0,80.1,7,0
120,1,90.5,7,0
120,16,94.8,7,0
120,17,84.6,7,0
120,32,70.3,7,0
120,33,90.8,7,0
120,48,96.7,7,0
120,49,90.3,7,0
120,64,74.3,7,0
120,65,88.3,7,0
120,2,259.1,7,2
120,3,256.4,7,2
120,18,262.9,7,2
120,19,258.1,7,2
120,34,260.1,7,2
120,35,264.2,7,2
120,50,266.4,7,2
120,51,257.3,7,2
120,66,261.6,7,2
120,67,266.4,7,2
120,80,266.8,7,2
120,81,256.9,7,2
120,94,267.8,7,2
120,95,265.6,7,2
120,108,270.1,7,2
120,109,269.2,7,2
120,122,268.7,7,2
120,123,271.3,7,2
120,4,266.0,7,3
120,5,275.3,7,3
120,20,273.8,7,3
120,21,265.6,7,3
120,36,277.4,7,3
120,37,275.4,7,3
120,52,265.3,7,3
120,53,277.8,7,3
120,68,268.5,7,3
120,69,273.9,7,3
120,82,279.0,7,3
120,83,261.7,7,3
120,96,266.2,7,3
120,97,263.3,7,3
120,110,268.8,7,3
120,111,267.6,7,3
120,124,267.0,7,3
120,125,273.0,7,3
120,6,273.0,7,4
120,7,267.4,7,4
120,22,267.5,7,4
120,23,274.0,7,4
120,38,272.8,7,4
120,39,268.4,7,4
120,54,274.1,7,4
120,55,272.2,7,4
120,70,272.5,7,4
120,71,271.9,7,4
120,84,270.4,7,4
120,85,261.0,7,4
120,98,268.4,7,4
120,99,267.4,7,4
120,112,265.6,7,4
120,113,265.6,7,4
120,126,265.8,7,4
120,127,263.4,7,4
120,8,88.2,7,5
120,9,93.6,7,5
120,24,90.7,7,5
120,25,90.0,7,5
120,40,84.3,7,5
120,41,84.8,7,5
120,56,90.7,7,5
120,57,90.9,7,5
120,72,85.0,7,5
120,73,91.4,7,5
120,86,88.4,7,5
120,87,89.1,7,5
120,100,88.0,7,5
120,101,91.5,7,5
120,114,84.3,7,5
120,115,87.3,7,5
120,128,82.8,7,5
120,129,84.6,7,5
120,10,267.4,7,1
120,11,265.9,7,1
120,26,267.2,7,1
120,27,264.8,7,1
120,42,258.9,7,1
120,43,261.2,7,1
120,58,268.0,7,1
120,59,266.3,7,1
120,74,264.4,7,1
120,75,263.9,7,1
120,88,266.3,7,1
120,89,274.3,7,1
120,102,263.8,7,1
120,103,274.3,7,1
120,116,273.6,7,1
120,117,262.1,7,1
120,130,269.3,7,1
120,131,264.3,7,1
120,136,263.9,7,1
120,137,267.0,7,1
120,12,94.1,7,6
120,13,86.9,7,6
120,28,88.5,7,6
120,29,89.2,7,6
120,44,88.7,7,6
120,45,94.4,7,6
120,60,89.1,7,6
120,61,93.8,7,6
120,76,100.7,7,6
120,77,98.5,7,6
120,90,101.3,7,6
120,91,85.5,7,6
120,104,89.3,7,6
120,105,92.2,7,6
120,118,85.1,7,6
120,119,91.5,7,6
120,132,88.4,7,6
120,133,95.2,7,6
120,138,91.5,7,6
120,139,96.1,7,6
120,14,88.1,7,7
120,15,89.3,7,7
120,30,89.1,7,7
120,31,87.7,7,7
120,46,84.6,7,7
120,47,82.2,7,7
120,62,84.5,7,7
120,63,74.8,7,7
120,78,86.0,7,7
120,79,83.8,7,7
120,92,78.4,7,7
120,93,83.1,7,7
120,106,80.1,7,7
120,107,89.4,7,7
120,120,0.0,7,7
120,121,77.6,7,7
120,134,79.9,7,7
120,135,76.9,7,7
120,140,70.8,7,7
120,141,78.0,7,7
121,144,80.4,7,9
121,145,88.3,7,9
121,146,66.3,7,10
121,147,88.3,7,10
121,142,93.0,7,8
121,143,79.1,7,8
121,0,83.0,7,0
121,1,76.7,7,0
121,16,91.1,7,0
121,17,84.9,7,0
121,32,87.7,7,0
121,33,76.9,7,0
121,48,83.8,7,0
121,49,90.7,7,0
121,64,90.0,7,0
121,65,94.1,7,0
121,2,265.6,7,2
121,3,263.6,7,2
121,18,267.6,7,2
121,19,262.4,7,2
121,34,266.9,7,2
121,35,268.6,7,2
121,50,270.7,7,2
121,51,266.3,7,2
121,66,267.7,7,2
121,67,272.0,7,2
121,80,270.4,7,2
121,81,265.1,7,2
121,94,272.2,7,2
121,95,270.3,7,2
121,108,274.0,7,2
121,109,273.7,7,2
121,122,273.5,7,2
121,123,274.2,7,2
121,4,272.5,7,3
121,5,279.0,7,3
121,20,278.3,7,3
121,21,271.9,7,3
121,36,281.2,7,3
121,37,280.2,7,3
121,52,271.5,7,3
121,53,282.3,7,3
121,68,274.6,7,3
121,69,277.9,7,3
121,82,283.0,7,3
121,83,267.8,7,3
121,96,273.6,7,3
121,97,268.5,7,3
121,110,272.7,7,3
121,111,273.3,7,3
121,124,271.8,7,3
121,125,276.7,7,3
121,6,277.7,7,4
121,7,273.0,7,4
121,22,272.6,7,4
121,23,278.5,7,4
121,38,276.5,7,4
121,39,274.8,7,4
121,54,278.3,7,4
121,55,278.3,7,4
121,70,276.4,7,4
121,71,277.6,7,4
121,84,273.2,7,4
121,85,270.5,7,4
121,98,271.1,7,4
121,99,272.3,7,4
121,112,271.3,7,4
121,113,271.1,7,4
121,126,271.3,7,4
121,127,268.5,7,4
121,8,74.1,7,5
121,9,78.4,7,5
121,24,94.2,7,5
121,25,69.8,7,5
121,40,77.0,7,5
121,41,81.5,7,5
121,56,82.4,7,5
121,57,87.6,7,5
121,72,80.3,7,5
121,73,83.5,7,5
121,86,75.5,7,5
121,87,77.4,7,5
121,100,69.7,7,5
121,101,86.2,7,5
121,114,81.3,7,5
121,115,82.4,7,5
121,128,75.1,7,5
121,129,82.6,7,5
121,10,270.7,7,1
121,11,270.0,7,1
121,26,271.8,7,1
121,27,270.6,7,1
121,42,265.9,7,1
121,43,267.1,7,1
121,58,272.4,7,1
121,59,271.1,7,1
121,74,270.1,7,1
121,75,270.4,7,1
121,88,271.5,7,1
121,89,277.1,7,1
121,102,268.9,7,1
121,103,277.9,7,1
121,116,276.8,7,1
121,117,266.9,7,1
121,130,274.1,7,1
121,131,269.7,7,1
121,136,269.1,7,1
121,137,272.1,7,1
121,12,101.8,7,6
121,13,84.4,7,6
121,28,86.2,7,6
121,29,82.0,7,6
121,44,93.4,7,6
121,45,104.5,7,6
121,60,93.4,7,6
121,61,73.6,7,6
121,76,104.2,7,6
121,77,94.5,7,6
121,90,102.5,7,6
121,91,91.0,7,6
121,104,81.4,7,6
121,105,100.3,7,6
121,118,93.9,7,6
121,119,90.1,7,6
121,132,92.5,7,6
121,133,96.3,7,6
121,138,88.2,7,6
121,139,85.7,7,6
121,14,86.1,7,7
121,15,83.6,7,7
121,30,87.0,7,7
121,31,80.9,7,7
121,46,79.5,7,7
121,47,90.3,7,7
121,62,78.3,7,7
121,63,88.9,7,7
121,78,74.6,7,7
121,79,83.0,7,7
121,92,82.5,7,7
121,93,83.9,7,7
121,106,74.1,7,7
121,107,76.2,7,7
121,120,77.6,7,7
121,121,0.0,7,7
121,134,73.8,7,7
121,135,68.5,7,7
121,140,68.1,7,7
121,141,78.1,7,7
134,144,84.2,7,9
134,145,85.5,7,9
134,146,73.3,7,10
134,147,76.7,7,10
134,142,79.9,7,8
134,143,84.1,7,8
134,0,85.7,7,0
134,1,81.8,7,0
134,16,87.9,7,0
134,17,81.2,7,0
134,32,87.4,7,0
134,33,80.0,7,0
134,48,80.2,7,0
134,49,95.1,7,0
134,64,84.5,7,0
134,65,95.7,7,0
134,2,261.5,7,2
134,3,259.6,7,2
134,18,265.4,7,2
134,19,261.9,7,2
134,34,265.1,7,2
134,35,266.7,7,2
134,50,268.0,7,2
134,51,263.2,7,2
134,66,264.5,7,2
134,67,268.1,7,2
134,80,268.5,7,2
134,81,262.6,7,2
134,94,269.4,7,2
134,95,267.4,7,2
134,108,271.7,7,2
134,109,272.2,7,2
134,122,269.0,7,2
134,123,272.7,7,2
134,4,268.8,7,3
134,5,276.0,7,3
134,20,274.7,7,3
134,21,268.2,7,3
134,36,279.5,7,3
134,37,277.0,7,3
134,52,266.2,7,3
134,53,277.9,7,3
134,68,270.8,7,3
134,69,275.3,7,3
134,82,280.0,7,3
134,83,263.7,7,3
134,96,271.2,7,3
134,97,265.5,7,3
134,110,271.0,7,3
134,111,272.0,7,3
134,124,267.2,7,3
134,125,273.6,7,3
134,6,275.6,7,4
134,7,269.5,7,4
134,22,268.1,7,4
134,23,275.5,7,4
134,38,274.1,7,4
134,39,272.4,7,4
134,54,276.0,7,4
134,55,273.8,7,4
134,70,273.6,7,4
134,71,274.9,7,4
134,84,272.4,7,4
134,85,266.3,7,4
134,98,269.5,7,4
134,99,268.3,7,4
134,112,266.1,7,4
134,113,268.9,7,4
134,126,268.5,7,4
134,127,264.7,7,4
134,8,77.6,7,5
134,9,91.5,7,5
134,24,84.5,7,5
134,25,81.4,7,5
134,40,74.0,7,5
134,41,78.5,7,5
134,56,82.2,7,5
134,57,73.1,7,5
134,72,79.0,7,5
134,73,67.9,7,5
134,86,76.0,7,5
134,87,79.5,7,5
134,100,80.6,7,5
134,101,83.3,7,5
134,114,87.5,7,5
134,115,83.7,7,5
134,128,81.7,7,5
134,129,91.3,7,5
134,10,268.1,7,1
134,11,267.2,7,1
134,26,267.1,7,1
134,27,265.3,7,1
134,42,261.0,7,1
134,43,263.9,7,1
134,58,269.5,7,1
134,59,266.3,7,1
134,74,267.2,7,1
134,75,267.2,7,1
134,88,269.5,7,1
134,89,274.3,7,1
134,102,264.4,7,1
134,103,274.5,7,1
134,116,274.4,7,1
134,117,264.5,7,1
134,130,271.9,7,1
134,131,267.1,7,1
134,136,266.9,7,1
134,137,268.8,7,1
134,12,81.3,7,6
134,13,86.9,7,6
134,28,74.2,7,6
134,29,87.5,7,6
134,44,87.0,7,6
134,45,101.6,7,6
134,60,92.0,7,6
134,61,96.1,7,6
134,76,106.1,7,6
134,77,90.2,7,6
134,90,98.5,7,6
134,91,92.1,7,6
134,104,90.7,7,6
134,105,87.1,7,6
134,118,94.8,7,6
134,119,88.0,7,6
134,132,90.4,7,6
134,133,95.9,7,6
134,138,87.1,7,6
134,139,93.7,7,6
134,14,86.4,7,7
134,15,91.7,7,7
134,30,92.9,7,7
134,31,82.8,7,7
134,46,80.1,7,7
134,47,77.2,7,7
134,62,88.1,7,7
134,63,87.4,7,7
134,78,77.4,7,7
134,79,82.8,7,7
134,92,88.0,7,7
134,93,85.9,7,7
134,106,79.7,7,7
134,107,77.3,7,7
134,120,79.9,7,7
134,121,73.8,7,7
134,134,0.0,7,7
134,135,60.3,7,7
134,140,71.8,7,7
134,141,58.1,7,7
135,144,76.2,7,9
135,145,90.4,7,9
135,146,73.1,7,10
135,147,85.9,7,10
135,142,90.5,7,8
135,143,84.5,7,8
135,0,80.4,7,0
135,1,76.0,7,0
135,16,85.4,7,0
135,17,73.7,7,0
135,32,81.1,7,0
135,33,72.6,7,0
135,48,79.3,7,0
135,49,81.6,7,0
135,64,86.2,7,0
135,65,93.0,7,0
135,2,263.9,7,2
135,3,262.0,7,2
135,18,266.7,7,2
135,19,262.4,7,2
135,34,267.1,7,2
135,35,268.5,7,2
135,50,270.3,7,2
135,51,265.7,7,2
135,66,266.2,7,2
135,67,271.0,7,2
135,80,270.2,7,2
135,81,264.3,7,2
135,94,271.5,7,2
135,95,269.4,7,2
135,108,273.6,7,2
135,109,272.8,7,2
135,122,271.4,7,2
135,123,273.9,7,2
135,4,270.3,7,3
135,5,277.8,7,3
135,20,277.0,7,3
135,21,271.2,7,3
135,36,280.8,7,3
135,37,279.2,7,3
135,52,270.4,7,3
135,53,281.2,7,3
135,68,272.4,7,3
135,69,277.2,7,3
135,82,282.0,7,3
135,83,267.0,7,3
135,96,272.1,7,3
135,97,267.8,7,3
135,110,271.3,7,3
135,111,272.8,7,3
135,124,270.9,7,3
135,125,275.5,7,3
135,6,277.0,7,4
135,7,271.4,7,4
135,22,270.3,7,4
135,23,277.3,7,4
135,38,275.8,7,4
135,39,273.0,7,4
135,54,277.4,7,4
135,55,276.7,7,4
135,70,274.9,7,4
135,71,276.7,7,4
135,84,273.0,7,4
135,85,269.3,7,4
135,98,271.6,7,4
135,99,271.8,7,4
135,112,270.5,7,4
135,113,270.3,7,4
135,126,270.6,7,4
135,127,267.5,7,4
135,8,81.8,7,5
135,9,94.0,7,5
135,24,97.0,7,5
135,25,88.6,7,5
135,40,77.3,7,5
135,41,69.0,7,5
135,56,81.4,7,5
135,57,88.1,7,5
135,72,81.8,7,5
135,73,73.8,7,5
135,86,77.8,7,5
135,87,78.6,7,5
135,100,79.6,7,5
135,101,83.8,7,5
135,114,80.3,7,5
135,115,81.7,7,5
135,128,74.5,7,5
135,129,88.4,7,5
135,10,269.3,7,1
135,11,269.0,7,1
135,26,269.5,7,1
135,27,268.4,7,1
135,42,263.2,7,1
135,43,265.7,7,1
135,58,272.4,7,1
135,59,269.6,7,1
135,74,269.2,7,1
135,75,268.8,7,1
135,88,270.7,7,1
135,89,276.3,7,1
135,102,267.5,7,1
135,103,276.2,7,1
135,116,276.2,7,1
135,117,264.8,7,1
135,130,273.4,7,1
135,131,268.4,7,1
135,136,268.5,7,1
135,137,270.9,7,1
135,12,86.5,7,6
135,13,79.8,7,6
135,28,81.7,7,6
135,29,85.6,7,6
135,44,88.8,7,6
135,45,105.2,7,6
135,60,92.9,7,6
135,61,87.9,7,6
135,76,102.9,7,6
135,77,88.9,7,6
135,90,103.0,7,6
135,91,88.5,7,6
135,104,89.3,7,6
135,105,95.9,7,6
135,118,89.6,7,6
135,119,85.7,7,6
135,132,89.6,7,6
135,133,93.1,7,6
135,138,80.3,7,6
135,139,85.0,7,6
135,14,80.1,7,7
135,15,74.5,7,7
135,30,88.3,7,7
135,31,78.5,7,7
135,46,86.4,7,7
135,47,68.2,7,7
135,62,75.1,7,7
135,63,85.9,7,7
135,78,81.3,7,7
135,79,78.2,7,7
135,92,79.0,7,7
135,93,83.4,7,7
135,106,75.5,7,7
135,107,84.9,7,7
135,120,76.9,7,7
135,121,68.5,7,7
135,134,60.3,7,7
135,135,0.0,7,7
135,140,70.5,7,7
135,141,62.9,7,7
140,144,69.1,7,9
140,145,84.9,7,9
140,146,73.5,7,10
140,147,84.5,7,10
140,142,89.3,7,8
140,143,88.7,7,8
140,0,83.5,7,0
140,1,85.0,7,0
140,16,88.1,7,0
140,17,81.8,7,0
140,32,84.1,7,0
140,33,64.9,7,0
140,48,84.9,7,0
140,49,84.6,7,0
140,64,88.5,7,0
140,65,95.9,7,0
140,2,261.8,7,2
140,3,260.1,7,2
140,18,264.9,7,2
140,19,260.0,7,2
140,34,263.7,7,2
140,35,266.1,7,2
140,50,268.5,7,2
140,51,263.8,7,2
140,66,265.3,7,2
140,67,269.0,7,2
140,80,268.4,7,2
140,81,263.5,7,2
140,94,269.8,7,2
140,95,267.5,7,2
140,108,271.0,7,2
140,109,271.5,7,2
140,122,269.1,7,2
140,123,272.4,7,2
140,4,268.3,7,3
140,5,276.1,7,3
140,20,275.0,7,3
140,21,268.1,7,3
140,36,278.8,7,3
140,37,275.4,7,3
140,52,268.0,7,3
140,53,279.3,7,3
140,68,271.0,7,3
140,69,276.1,7,3
140,82,279.4,7,3
140,83,264.1,7,3
140,96,269.3,7,3
140,97,264.4,7,3
140,110,270.1,7,3
140,111,270.1,7,3
140,124,267.5,7,3
140,125,273.5,7,3
140,6,272.9,7,4
140,7,270.0,7,4
140,22,269.9,7,4
140,23,274.5,7,4
140,38,273.3,7,4
140,39,272.1,7,4
140,54,274.5,7,4
140,55,275.8,7,4
140,70,274.4,7,4
140,71,273.5,7,4
140,84,271.9,7,4
140,85,266.8,7,4
140,98,269.1,7,4
140,99,268.8,7,4
140,112,268.4,7,4
140,113,269.4,7,4
140,126,269.2,7,4
140,127,265.6,7,4
140,8,81.6,7,5
140,9,88.4,7,5
140,24,93.4,7,5
140,25,84.6,7,5
140,40,82.1,7,5
140,41,80.2,7,5
140,56,79.4,7,5
140,57,82.4,7,5
140,72,75.0,7,5
140,73,80.9,7,5
140,86,78.8,7,5
140,87,76.7,7,5
140,100,75.1,7,5
140,101,80.9,7,5
140,114,89.8,7,5
140,115,81.3,7,5
140,128,81.1,7,5
140,129,82.7,7,5
140,10,268.9,7,1
140,11,266.4,7,1
140,26,267.8,7,1
140,27,266.9,7,1
140,42,262.7,7,1
140,43,263.1,7,1
140,58,269.3,7,1
140,59,266.1,7,1
140,74,265.0,7,1
140,75,266.1,7,1
140,88,265.9,7,1
140,89,274.2,7,1
140,102,265.3,7,1
140,103,274.1,7,1
140,116,273.6,7,1
140,117,265.3,7,1
140,130,272.1,7,1
140,131,267.7,7,1
140,136,265.6,7,1
140,137,269.2,7,1
140,12,90.8,7,6
140,13,89.6,7,6
140,28,85.6,7,6
140,29,82.6,7,6
140,44,92.3,7,6
140,45,107.1,7,6
140,60,84.2,7,6
140,61,85.7,7,6
140,76,94.2,7,6
140,77,92.6,7,6
140,90,99.2,7,6
140,91,92.2,7,6
140,104,89.4,7,6
140,105,94.8,7,6
140,118,96.1,7,6
140,119,89.2,7,6
140,132,83.0,7,6
140,133,83.5,7,6
140,138,84.8,7,6
140,139,89.3,7,6
140,14,90.1,7,7
140,15,87.0,7,7
140,30,90.0,7,7
140,31,81.3,7,7
140,46,84.4,7,7
140,47,86.5,7,7
140,62,82.1,7,7
140,63,87.5,7,7
140,78,77.6,7,7
140,79,80.1,7,7
140,92,84.2,7,7
140,93,74.5,7,7
140,106,68.1,7,7
140,107,85.1,7,7
140,120,70.8,7,7
140,121,68.1,7,7
140,134,71.8,7,7
140,135,70.5,7,7
140,140,0.0,7,7
140,141,74.9,7,7
141,144,83.3,7,9
141,145,85.6,7,9
141,146,70.0,7,10
141,147,80.2,7,10
141,142,77.7,7,8
141,143,81.4,7,8
141,0,79.5,7,0
141,1,80.8,7,0
141,16,83.4,7,0
141,17,81.6,7,0
141,32,78.8,7,0
141,33,79.1,7,0
141,48,81.7,7,0
141,49,90.5,7,0
141,64,81.9,7,0
141,65,90.7,7,0
141,2,260.0,7,2
141,3,258.1,7,2
141,18,263.1,7,2
141,19,260.2,7,2
141,34,263.1,7,2
141,35,265.0,7,2
141,50,266.1,7,2
141,51,261.8,7,2
141,66,262.3,7,2
141,67,266.8,7,2
141,80,266.5,7,2
141,81,260.5,7,2
141,94,267.2,7,2
141,95,265.3,7,2
141,108,270.1,7,2
141,109,269.9,7,2
141,122,267.9,7,2
141,123,271.0,7,2
141,4,267.4,7,3
141,5,274.5,7,3
141,20,273.2,7,3
141,21,267.2,7,3
141,36,277.4,7,3
141,37,275.9,7,3
141,52,265.2,7,3
141,53,277.1,7,3
141,68,269.4,7,3
141,69,273.7,7,3
141,82,278.4,7,3
141,83,262.5,7,3
141,96,268.8,7,3
141,97,265.0,7,3
141,110,269.1,7,3
141,111,269.6,7,3
141,124,267.4,7,3
141,125,272.3,7,3
141,6,274.1,7,4
141,7,268.3,7,4
141,22,266.1,7,4
141,23,273.8,7,4
141,38,272.7,7,4
141,39,271.0,7,4
141,54,274.1,7,4
141,55,273.3,7,4
141,70,272.4,7,4
141,71,273.0,7,4
141,84,270.8,7,4
141,85,265.5,7,4
141,98,268.7,7,4
141,99,268.0,7,4
141,112,265.3,7,4
141,113,267.6,7,4
141,126,266.9,7,4
141,127,264.3,7,4
141,8,75.0,7,5
141,9,88.7,7,5
141,24,86.0,7,5
141,25,82.1,7,5
141,40,65.5,7,5
141,41,76.3,7,5
141,56,76.7,7,5
141,57,69.0,7,5
141,72,77.1,7,5
141,73,63.4,7,5
141,86,73.5,7,5
141,87,76.0,7,5
141,100,77.9,7,5
141,101,81.5,7,5
141,114,83.1,7,5
141,115,77.4,7,5
141,128,77.4,7,5
141,129,83.8,7,5
141,10,266.6,7,1
141,11,265.2,7,1
141,26,265.6,7,1
141,27,264.6,7,1
141,42,260.0,7,1
141,43,263.9,7,1
141,58,267.8,7,1
141,59,265.8,7,1
141,74,265.4,7,1
141,75,265.8,7,1
141,88,268.6,7,1
141,89,273.8,7,1
141,102,263.9,7,1
141,103,272.3,7,1
141,116,273.1,7,1
141,117,263.6,7,1
141,130,270.7,7,1
141,131,266.0,7,1
141,136,265.8,7,1
141,137,267.4,7,1
141,12,78.0,7,6
141,13,83.2,7,6
141,28,74.1,7,6
141,29,77.4,7,6
141,44,85.0,7,6
141,45,102.9,7,6
141,60,91.8,7,6
141,61,94.1,7,6
141,76,100.6,7,6
141,77,82.6,7,6
141,90,98.1,7,6
141,91,86.0,7,6
141,104,89.0,7,6
141,105,91.2,7,6
141,118,89.0,7,6
141,119,84.9,7,6
141,132,87.3,7,6
141,133,91.7,7,6
141,138,85.5,7,6
141,139,90.5,7,6
141,14,78.3,7,7
141,15,85.3,7,7
141,30,84.8,7,7
141,31,75.4,7,7
141,46,78.0,7,7
141,47,71.7,7,7
141,62,80.1,7,7
141,63,79.6,7,7
141,78,77.5,7,7
141,79,78.5,7,7
141,92,75.3,7,7
141,93,78.4,7,7
141,106,77.6,7,7
141,107,80.6,7,7
141,120,78.0,7,7
141,121,78.1,7,7
141,134,58.1,7,7
141,135,62.9,7,7
141,140,74.9,7,7
141,141,0.0,7,7
