2026-07-09 10:21:21.558 - aiperf.cli_runner - INFO - Starting AIPerf System
2026-07-09 10:21:21.716 - system_controller - INFO - GPU telemetry disabled via --no-gpu-telemetry
2026-07-09 10:21:21.771 - server_metrics_manager - INFO - Server Metrics: Discovered 1 endpoints: ['http://localhost:8890/metrics']
2026-07-09 10:21:21.789 - system_controller - INFO - Registered Server Metrics Manager (id: 'server_metrics_manager')
2026-07-09 10:21:21.828 - RecordExportJSONLWriter_f86b3689 - INFO - Record metrics export enabled: /workspace/results/aiperf_artifacts/profile_export.jsonl
2026-07-09 10:21:21.831 - system_controller - INFO - Registered Worker Manager (id: 'worker_manager')
2026-07-09 10:21:21.862 - system_controller - INFO - Registered Dataset Manager (id: 'dataset_manager')
2026-07-09 10:21:21.934 - system_controller - INFO - Registered Record Processor (id: 'record_processor_0e8eef3d')
2026-07-09 10:21:21.937 - system_controller - INFO - Registered Timing Manager (id: 'timing_manager')
2026-07-09 10:21:21.956 - system_controller - INFO - Registered Records Manager (id: 'records_manager')
2026-07-09 10:21:22.031 - system_controller - INFO - Registered Worker (id: 'worker_bf101f64')
2026-07-09 10:21:22.038 - system_controller - INFO - Registered Worker (id: 'worker_9ee1291a')
2026-07-09 10:21:22.051 - system_controller - INFO - Registered Worker (id: 'worker_62f5c8a1')
2026-07-09 10:21:22.051 - system_controller - INFO - Registered Worker (id: 'worker_0eaf446a')
2026-07-09 10:21:22.219 - system_controller - INFO - AIPerf System is CONFIGURING
2026-07-09 10:21:22.219 - system_controller - INFO - Configuring all services to start profiling
2026-07-09 10:21:22.220 - InferenceResultParser_ea6c7223 - INFO - Tokenization is disabled for this endpoint, skipping tokenizer configuration
2026-07-09 10:21:22.220 - timing_manager - INFO - Waiting for dataset to be configured before configuring timing
2026-07-09 10:21:22.234 - server_metrics_manager - INFO - Server Metrics: Capturing baseline metrics...
2026-07-09 10:21:22.288 - http://localhost:8890/metrics - INFO - Skipping unsupported summary metric: http_request_size_bytes
2026-07-09 10:21:22.288 - http://localhost:8890/metrics - INFO - Skipping unsupported summary metric: http_response_size_bytes
2026-07-09 10:21:22.290 - system_controller - INFO - Server metrics enabled - 1/1 endpoint(s) reachable.
2026-07-09 10:21:22.318 - dataset_manager - INFO - Memory-mapped dataset cache HIT (key=a9c5e4d75a1e8317664978ef991201eb); skipping tokenizer + composer.
2026-07-09 10:21:23.069 - aiperf.dataset.mmap_cache - INFO - Restored mmap cache file dataset.dat via copy in 0.750s (2.35 GiB)
2026-07-09 10:21:23.070 - aiperf.dataset.mmap_cache - INFO - Restored mmap cache file index.dat via copy in 0.002s (0.00 GiB)
2026-07-09 10:21:23.070 - aiperf.dataset.mmap_cache - INFO - Restored mmap cache files in 0.752s via dataset=copy index=copy (dataset=2.35 GiB, index=0.00 GiB)
2026-07-09 10:21:23.401 - dataset_manager - INFO - sampling strategy: sequential, unique conversations: 9602, unique turn count: 68266
2026-07-09 10:21:24.246 - aiperf.timing.trajectory_source - INFO - TrajectorySource: built 4 trajectories from 393 traces
2026-07-09 10:21:24.246 - aiperf.timing.trajectory_source - INFO -   range cfg=[0.25, 0.75]  observed sample pct: min= 49% median= 55% max= 67%
2026-07-09 10:21:24.246 - aiperf.timing.trajectory_source - INFO -     lane=00  sample_time= 53%  root_next= 46/61  ( 75% turns)  live=1 ready=1  trace_id=002001296e8a8c38ad9d7cc436d691afc602
2026-07-09 10:21:24.246 - aiperf.timing.trajectory_source - INFO -     lane=01  sample_time= 49%  root_next= 16/33  ( 48% turns)  live=1 ready=1  trace_id=006c98de37d819e95b0840e25426bb7ca99d
2026-07-09 10:21:24.246 - aiperf.timing.trajectory_source - INFO -     lane=02  sample_time= 67%  root_next= 19/29  ( 66% turns)  live=1 ready=1  trace_id=00ca01c4aaeccee751ae6285beb54dea262f
2026-07-09 10:21:24.246 - aiperf.timing.trajectory_source - INFO -     lane=03  sample_time= 56%  root_next=  7/16  ( 44% turns)  live=2 ready=1  trace_id=0196085d85d2075a50b74cd8795ffbdcea9a
2026-07-09 10:21:24.247 - PhaseOrchestrator_d931bcda - INFO - Initialized 2 phase(s): ['Warmup', 'Profiling']
2026-07-09 10:21:24.405 - dataset_manager - INFO - Dataset client initialized and freed 0 conversations from memory
2026-07-09 10:21:24.407 - system_controller - INFO - All services configured in 2.19 seconds
2026-07-09 10:21:24.407 - system_controller - INFO - AIPerf System is CONFIGURED
2026-07-09 10:21:24.408 - server_metrics_manager - INFO - Server Metrics: Started 1 collector(s) successfully
2026-07-09 10:21:24.481 - PhaseRunner - NOTICE - Phase warmup started | target: 5 requests
2026-07-09 10:21:24.481 - AgenticReplayTiming - INFO - WARMUP execute: dispatching 5 trajectory credits
2026-07-09 10:21:24.483 - AgenticReplayTiming - INFO - WARMUP spread: 6.8s ramp aligning 5 request(s) on t* (earliest fires at 0, last at 6.8s)
2026-07-09 10:21:24.829 - records_manager - INFO - Credit phase start: warmup
2026-07-09 10:21:24.830 - system_controller - INFO - All services started profiling successfully
2026-07-09 10:21:24.830 - system_controller - INFO - AIPerf System is PROFILING
2026-07-09 10:21:31.295 - PhaseRunner - NOTICE - Phase warmup sending complete | sent=5, completed=0, in_flight=5 | sessions: sent=4, completed=0
2026-07-09 10:21:54.485 - PhaseRunner - INFO - Phase warmup progress | returned=0/5 | sent=5 | in_flight=5 | errors=0 | elapsed=30.0s
2026-07-09 10:22:24.489 - PhaseRunner - INFO - Phase warmup progress | returned=2/5 | sent=5 | in_flight=3 | errors=0 | elapsed=60.0s
2026-07-09 10:22:54.493 - PhaseRunner - INFO - Phase warmup progress | returned=2/5 | sent=5 | in_flight=3 | errors=0 | elapsed=90.0s
2026-07-09 10:23:24.499 - PhaseRunner - INFO - Phase warmup progress | returned=4/5 | sent=5 | in_flight=1 | errors=0 | elapsed=120.0s
2026-07-09 10:23:28.910 - PhaseRunner - NOTICE - Phase warmup complete | completed=5, cancelled=0, errors=0 | sessions: completed=0, cancelled=0 | elapsed=124.43s
2026-07-09 10:23:28.911 - aiperf.timing.branch_orchestrator - INFO - BranchOrchestrator stats: spawned=0 completed=0 errored=0 suspended=0 resumed=0 parents_failed_due_to_child_error=0 joins_suppressed=0 delayed=0
2026-07-09 10:23:28.911 - PhaseRunner - INFO - Session-tree slots for phase warmup: peak_open=0 (target concurrency 4); released 0 still-open at teardown; late_events=0
2026-07-09 10:23:28.911 - server_metrics_manager - INFO - Server Metrics: Warmup complete, capturing final warmup metrics...
2026-07-09 10:23:29.033 - aiperf.timing.replay_dependencies - INFO - Replay interval barriers active: 68266 requests, 33736 gated turns, join-widths={1: 24154, 2: 6372, 3: 1834, 4: 681, 5: 205, 6: 146, 7: 80, 8: 97, 9: 78, 10: 55, 11: 21, 12: 9, 13: 2, 14: 2}
2026-07-09 10:23:29.033 - AgenticReplayTiming - INFO - PROFILING setup: 4 trajectory lanes; recycle draws roots from the dataset sampler
2026-07-09 10:23:29.033 - AgenticReplayTiming - INFO - PROFILING: 0 rootless + 1 gated-parent lanes of 4 dispatch no root credit at start and hold a lane credit instead (so they still count toward concurrency); rootless lanes recycle into a fresh root once their background subagents drain
2026-07-09 10:23:29.033 - PhaseRunner - NOTICE - Phase profiling started | target: 3600.0s duration
2026-07-09 10:23:29.034 - records_manager - INFO - Credit phase start: profiling
2026-07-09 10:23:29.036 - PhaseRunner - INFO - Waiting for event 'profiling phase sending' with timeout of 3599.997788085s
2026-07-09 10:23:29.036 - AgenticReplayTiming - INFO - PROFILING execute: resuming 4 trajectory sessions (spread; first-request spread 4.0s)
2026-07-09 10:23:51.983 - records_manager - INFO - [realtime 00:22 profiling]
  rps=0.0 (avg 0.0)  tput_in=7,565/s  tput_out=4/s  done=2 ok=2 err=0
  ttft    p50=53,434ms  p75=92,025ms  p95=111,076ms  p99=116,303ms
  itl     p50=   245ms  p75=   353ms  p95=    440ms  p99=    457ms
  e2e     p50=53,434ms  p75=92,025ms  p95=111,076ms  p99=116,303ms
  intvty  p50=      19  p75=      28  p95=       35  p99=       36  (1/tpot tok/s)
  isl     p50= 160,256  p75= 181,398  p90=  193,272  p99=  194,418  (tokens)
  osl     p50=       1  p75=       2  p90=      210  p99=      490  (tokens)
  tot     in=1,101,087  out=528
  trace  theoretical_prefix_cache_hit=96.4%
  srv    prefix_cache_hit=94.2% unique_in_srv=47,543 kv_usage=24.9% queue=4r/3w tput_in_srv=34,539/s tput_out_srv=92/s
2026-07-09 10:24:22.036 - records_manager - INFO - [realtime 00:53 profiling]
  rps=0.2 (avg 0.1)  tput_in=9,229/s  tput_out=14/s  done=8 ok=8 err=0
  ttft    p50= 9,326ms  p75=53,434ms  p95=104,543ms  p99=114,996ms
  itl     p50=    26ms  p75=    33ms  p95=    317ms  p99=    433ms
  e2e     p50=18,877ms  p75=53,434ms  p95=104,543ms  p99=114,996ms
  intvty  p50=      38  p75=      48  p95=       50  p99=       51  (1/tpot tok/s)
  isl     p50= 141,527  p75= 160,256  p90=  188,014  p99=  194,290  (tokens)
  osl     p50=      96  p75=     153  p90=      558  p99=      695  (tokens)
  tot     in=1,473,949  out=2,293
  trace  theoretical_prefix_cache_hit=94.3%
  srv    prefix_cache_hit=95.2% unique_in_srv=64,484 kv_usage=32.8% queue=4r/3w tput_in_srv=25,275/s tput_out_srv=126/s
2026-07-09 10:24:52.149 - records_manager - INFO - [realtime 01:23 profiling]
  rps=0.4 (avg 0.1)  tput_in=12,491/s  tput_out=42/s  done=21 ok=21 err=0
  ttft    p50= 6,562ms  p75=23,437ms  p95=93,928ms  p99=112,165ms
  itl     p50=    22ms  p75=    28ms  p95=    49ms  p99=    379ms
  e2e     p50=18,109ms  p75=30,028ms  p95=93,928ms  p99=112,165ms
  intvty  p50=      46  p75=      48  p95=      51  p99=       56  (1/tpot tok/s)
  isl     p50=  84,088  p75= 159,982  p90= 181,398  p99=  195,511  (tokens)
  osl     p50=     118  p75=     412  p90=     787  p99=    2,095  (tokens)
  tot     in=2,584,810  out=8,653
  trace  theoretical_prefix_cache_hit=96.3%
  srv    prefix_cache_hit=96.2% unique_in_srv=87,061 kv_usage=24.9% queue=4r/0w tput_in_srv=27,261/s tput_out_srv=135/s
2026-07-09 10:25:22.249 - records_manager - INFO - [realtime 01:53 profiling]
  rps=0.1 (avg 0.1)  tput_in=12,010/s  tput_out=42/s  done=25 ok=25 err=0
  ttft    p50= 6,382ms  p75=19,135ms  p95=92,405ms  p99=111,294ms
  itl     p50=    21ms  p75=    27ms  p95=    46ms  p99=    363ms
  e2e     p50=15,861ms  p75=26,845ms  p95=92,405ms  p99=111,294ms
  intvty  p50=      47  p75=      51  p95=      53  p99=       56  (1/tpot tok/s)
  isl     p50=  42,672  p75= 157,352  p90= 172,578  p99=  195,459  (tokens)
  osl     p50=     118  p75=     412  p90=     727  p99=    2,052  (tokens)
  tot     in=2,744,673  out=9,678
  trace  theoretical_prefix_cache_hit=96.0%
  srv    prefix_cache_hit=96.2% unique_in_srv=93,942 kv_usage=25.6% queue=4r/2w tput_in_srv=21,813/s tput_out_srv=150/s
2026-07-09 10:25:52.363 - records_manager - INFO - [realtime 02:23 profiling]
  rps=0.4 (avg 0.2)  tput_in=13,451/s  tput_out=67/s  done=36 ok=36 err=0
  ttft    p50= 6,371ms  p75=10,844ms  p95=88,218ms  p99=108,898ms
  itl     p50=    21ms  p75=    27ms  p95=    37ms  p99=    317ms
  e2e     p50=14,389ms  p75=26,656ms  p95=95,832ms  p99=109,970ms
  intvty  p50=      47  p75=      52  p95=      54  p99=       57  (1/tpot tok/s)
  isl     p50=  51,511  p75= 151,929  p90= 165,351  p99=  195,318  (tokens)
  osl     p50=     120  p75=     418  p90=     862  p99=    3,395  (tokens)
  tot     in=3,552,688  out=17,749
  trace  theoretical_prefix_cache_hit=95.7%
  srv    prefix_cache_hit=96.0% unique_in_srv=132,284 kv_usage=26.5% queue=4r/2w tput_in_srv=23,037/s tput_out_srv=148/s
2026-07-09 10:26:22.479 - records_manager - INFO - [realtime 02:53 profiling]
  rps=0.0 (avg 0.2)  tput_in=13,451/s  tput_out=67/s  done=36 ok=36 err=0
  ttft    p50= 6,371ms  p75=10,844ms  p95=88,218ms  p99=108,898ms
  itl     p50=    21ms  p75=    27ms  p95=    37ms  p99=    317ms
  e2e     p50=14,389ms  p75=26,656ms  p95=95,832ms  p99=109,970ms
  intvty  p50=      47  p75=      52  p95=      54  p99=       57  (1/tpot tok/s)
  isl     p50=  51,511  p75= 151,929  p90= 165,351  p99=  195,318  (tokens)
  osl     p50=     120  p75=     418  p90=     862  p99=    3,395  (tokens)
  tot     in=3,552,688  out=17,749
  trace  theoretical_prefix_cache_hit=95.7%
  srv    prefix_cache_hit=96.0% unique_in_srv=132,284 kv_usage=26.9% queue=4r/2w tput_in_srv=19,042/s tput_out_srv=158/s
2026-07-09 10:26:52.603 - records_manager - INFO - [realtime 03:23 profiling]
  rps=0.2 (avg 0.1)  tput_in=12,734/s  tput_out=71/s  done=43 ok=43 err=0
  ttft    p50= 6,354ms  p75=11,292ms  p95=76,044ms  p99=107,374ms
  itl     p50=    21ms  p75=    25ms  p95=    34ms  p99=    288ms
  e2e     p50=14,569ms  p75=32,934ms  p95=93,167ms  p99=108,633ms
  intvty  p50=      47  p75=      52  p95=      56  p99=       57  (1/tpot tok/s)
  isl     p50=  52,740  p75= 150,434  p90= 165,351  p99=  195,228  (tokens)
  osl     p50=     140  p75=     429  p90=   1,460  p99=    3,281  (tokens)
  tot     in=4,137,419  out=23,008
  trace  theoretical_prefix_cache_hit=95.7%
  srv    prefix_cache_hit=95.9% unique_in_srv=159,217 kv_usage=27.1% queue=4r/2w tput_in_srv=19,102/s tput_out_srv=159/s
2026-07-09 10:27:22.732 - records_manager - INFO - [realtime 03:53 profiling]
  rps=0.1 (avg 0.1)  tput_in=12,645/s  tput_out=69/s  done=46 ok=46 err=0
  ttft    p50= 6,392ms  p75=12,693ms  p95=70,826ms  p99=106,721ms
  itl     p50=    21ms  p75=    25ms  p95=    33ms  p99=    276ms
  e2e     p50=14,814ms  p75=28,988ms  p95=92,025ms  p99=108,060ms
  intvty  p50=      48  p75=      52  p95=      55  p99=       57  (1/tpot tok/s)
  isl     p50=  52,938  p75= 148,457  p90= 165,351  p99=  195,189  (tokens)
  osl     p50=     153  p75=     440  p90=   1,280  p99=    3,232  (tokens)
  tot     in=4,365,129  out=23,896
  trace  theoretical_prefix_cache_hit=95.6%
  srv    prefix_cache_hit=95.8% unique_in_srv=172,361 kv_usage=27.5% queue=4r/2w tput_in_srv=17,633/s tput_out_srv=162/s
2026-07-09 10:27:52.874 - records_manager - INFO - [realtime 04:23 profiling]
  rps=0.3 (avg 0.2)  tput_in=13,401/s  tput_out=88/s  done=54 ok=54 err=0
  ttft    p50= 6,606ms  p75=12,693ms  p95=56,913ms  p99=104,978ms
  itl     p50=    21ms  p75=    25ms  p95=    33ms  p99=    243ms
  e2e     p50=17,253ms  p75=29,239ms  p95=96,100ms  p99=121,092ms
  intvty  p50=      48  p75=      52  p95=      54  p99=       57  (1/tpot tok/s)
  isl     p50=  63,185  p75= 148,457  p90= 165,621  p99=  195,086  (tokens)
  osl     p50=     161  p75=     466  p90=   1,943  p99=    4,623  (tokens)
  tot     in=5,136,069  out=33,772
  trace  theoretical_prefix_cache_hit=95.8%
  srv    prefix_cache_hit=96.1% unique_in_srv=183,035 kv_usage=14.6% queue=2r/0w tput_in_srv=17,662/s tput_out_srv=162/s
2026-07-09 10:28:23.022 - records_manager - INFO - [realtime 04:53 profiling]
  rps=0.2 (avg 0.2)  tput_in=14,081/s  tput_out=87/s  done=61 ok=61 err=0
  ttft    p50= 6,382ms  p75=10,762ms  p95=50,269ms  p99=103,454ms
  itl     p50=    21ms  p75=    25ms  p95=    33ms  p99=    214ms
  e2e     p50=14,781ms  p75=27,286ms  p95=93,928ms  p99=120,511ms
  intvty  p50=      48  p75=      52  p95=      54  p99=       57  (1/tpot tok/s)
  isl     p50=  71,366  p75= 149,196  p90= 167,638  p99=  194,996  (tokens)
  osl     p50=     162  p75=     469  p90=   1,580  p99=    4,527  (tokens)
  tot     in=5,850,113  out=36,237
  trace  theoretical_prefix_cache_hit=96.2%
  srv    prefix_cache_hit=96.3% unique_in_srv=202,642 kv_usage=21.0% queue=4r/1w tput_in_srv=18,782/s tput_out_srv=160/s
2026-07-09 10:28:53.213 - records_manager - INFO - [realtime 05:24 profiling]
  rps=0.3 (avg 0.2)  tput_in=14,423/s  tput_out=88/s  done=70 ok=70 err=0
  ttft    p50= 6,196ms  p75=10,148ms  p95=44,573ms  p99=101,494ms
  itl     p50=    21ms  p75=    25ms  p95=    33ms  p99=    177ms
  e2e     p50=14,371ms  p75=26,782ms  p95=90,502ms  p99=119,765ms
  intvty  p50=      48  p75=      52  p95=      56  p99=       57  (1/tpot tok/s)
  isl     p50=  63,185  p75= 126,542  p90= 166,162  p99=  194,880  (tokens)
  osl     p50=     162  p75=     476  p90=   1,255  p99=    4,403  (tokens)
  tot     in=6,446,569  out=39,402
  trace  theoretical_prefix_cache_hit=95.4%
  srv    prefix_cache_hit=95.5% unique_in_srv=276,175 kv_usage=21.4% queue=4r/1w tput_in_srv=18,902/s tput_out_srv=160/s
2026-07-09 10:29:23.381 - records_manager - INFO - [realtime 05:54 profiling]
  rps=0.2 (avg 0.2)  tput_in=14,280/s  tput_out=88/s  done=76 ok=76 err=0
  ttft    p50= 6,040ms  p75=10,059ms  p95=40,775ms  p99=100,187ms
  itl     p50=    20ms  p75=    24ms  p95=    33ms  p99=    152ms
  e2e     p50=14,265ms  p75=26,560ms  p95=88,218ms  p99=119,268ms
  intvty  p50=      49  p75=      52  p95=      56  p99=       57  (1/tpot tok/s)
  isl     p50=  52,938  p75= 111,556  p90= 165,351  p99=  194,803  (tokens)
  osl     p50=     162  p75=     480  p90=   1,217  p99=    4,320  (tokens)
  tot     in=6,792,554  out=41,632
  trace  theoretical_prefix_cache_hit=95.6%
  srv    prefix_cache_hit=95.6% unique_in_srv=286,534 kv_usage=23.6% queue=4r/1w tput_in_srv=18,270/s tput_out_srv=163/s
2026-07-09 10:29:53.563 - records_manager - INFO - [realtime 06:24 profiling]
  rps=0.2 (avg 0.2)  tput_in=14,262/s  tput_out=116/s  done=81 ok=81 err=0
  ttft    p50= 5,937ms  p75=10,008ms  p95=40,612ms  p99= 99,098ms
  itl     p50=    21ms  p75=    24ms  p95=    34ms  p99=    131ms
  e2e     p50=14,380ms  p75=26,845ms  p95=97,151ms  p99=149,654ms
  intvty  p50=      49  p75=      52  p95=      56  p99=       58  (1/tpot tok/s)
  isl     p50=  53,036  p75= 111,426  p90= 165,351  p99=  194,738  (tokens)
  osl     p50=     164  p75=     515  p90=   1,580  p99=    6,448  (tokens)
  tot     in=7,205,280  out=58,440
  trace  theoretical_prefix_cache_hit=95.5%
  srv    prefix_cache_hit=95.2% unique_in_srv=329,308 kv_usage=23.1% queue=4r/0w tput_in_srv=17,928/s tput_out_srv=158/s
2026-07-09 10:30:23.759 - records_manager - INFO - [realtime 06:54 profiling]
  rps=0.4 (avg 0.2)  tput_in=14,193/s  tput_out=111/s  done=93 ok=93 err=0
  ttft    p50= 5,380ms  p75= 8,985ms  p95=40,222ms  p99= 96,485ms
  itl     p50=    20ms  p75=    23ms  p95=    33ms  p99=     82ms
  e2e     p50=13,152ms  p75=24,450ms  p95=96,095ms  p99=130,652ms
  intvty  p50=      50  p75=      53  p95=      56  p99=       58  (1/tpot tok/s)
  isl     p50=  52,740  p75= 106,374  p90= 163,822  p99=  194,584  (tokens)
  osl     p50=     141  p75=     469  p90=   1,236  p99=    5,627  (tokens)
  tot     in=7,612,890  out=59,756
  trace  theoretical_prefix_cache_hit=95.4%
  srv    prefix_cache_hit=95.1% unique_in_srv=359,232 kv_usage=23.9% queue=4r/2w tput_in_srv=17,622/s tput_out_srv=160/s
2026-07-09 10:30:54.011 - records_manager - INFO - [realtime 07:24 profiling]
  rps=0.5 (avg 0.2)  tput_in=14,673/s  tput_out=119/s  done=107 ok=107 err=0
  ttft    p50= 5,170ms  p75= 8,273ms  p95=35,143ms  p99= 94,994ms
  itl     p50=    20ms  p75=    23ms  p95=    33ms  p99=     48ms
  e2e     p50=11,797ms  p75=24,081ms  p95=93,837ms  p99=124,989ms
  intvty  p50=      50  p75=      53  p95=      56  p99=       58  (1/tpot tok/s)
  isl     p50=  52,258  p75= 103,418  p90= 161,996  p99=  194,312  (tokens)
  osl     p50=     138  p75=     429  p90=   1,274  p99=    5,271  (tokens)
  tot     in=8,346,592  out=67,775
  trace  theoretical_prefix_cache_hit=95.2%
  srv    prefix_cache_hit=94.8% unique_in_srv=404,058 kv_usage=12.6% queue=2r/0w tput_in_srv=17,621/s tput_out_srv=159/s
2026-07-09 10:31:24.241 - records_manager - INFO - [realtime 07:55 profiling]
  rps=0.3 (avg 0.2)  tput_in=14,901/s  tput_out=117/s  done=117 ok=117 err=0
  ttft    p50= 4,946ms  p75= 7,600ms  p95=30,755ms  p99= 94,233ms
  itl     p50=    20ms  p75=    24ms  p95=    33ms  p99=     47ms
  e2e     p50=10,845ms  p75=21,969ms  p95=92,006ms  p99=124,160ms
  intvty  p50=      50  p75=      53  p95=      56  p99=       58  (1/tpot tok/s)
  isl     p50=  51,443  p75= 102,792  p90= 160,724  p99=  194,100  (tokens)
  osl     p50=     138  p75=     391  p90=   1,190  p99=    5,133  (tokens)
  tot     in=8,929,491  out=70,202
  trace  theoretical_prefix_cache_hit=94.9%
  srv    prefix_cache_hit=94.6% unique_in_srv=463,346 kv_usage=19.9% queue=3r/0w tput_in_srv=18,007/s tput_out_srv=157/s
2026-07-09 10:31:54.484 - records_manager - INFO - [realtime 08:25 profiling]
  rps=0.4 (avg 0.2)  tput_in=15,310/s  tput_out=115/s  done=128 ok=128 err=0
  ttft    p50= 4,338ms  p75= 7,040ms  p95=27,325ms  p99= 93,395ms
  itl     p50=    20ms  p75=    24ms  p95=    33ms  p99=     46ms
  e2e     p50=10,082ms  p75=20,443ms  p95=89,813ms  p99=123,248ms
  intvty  p50=      50  p75=      53  p95=      55  p99=       58  (1/tpot tok/s)
  isl     p50=  51,972  p75= 102,614  p90= 160,037  p99=  193,866  (tokens)
  osl     p50=     137  p75=     362  p90=     945  p99=    4,981  (tokens)
  tot     in=9,622,094  out=72,423
  trace  theoretical_prefix_cache_hit=95.0%
  srv    prefix_cache_hit=94.7% unique_in_srv=489,365 kv_usage=17.6% queue=2r/0w tput_in_srv=18,207/s tput_out_srv=157/s
2026-07-09 10:32:24.781 - records_manager - INFO - [realtime 08:55 profiling]
  rps=0.3 (avg 0.2)  tput_in=15,363/s  tput_out=111/s  done=137 ok=137 err=0
  ttft    p50=3,937ms  p75= 6,930ms  p95=24,787ms  p99= 92,710ms
  itl     p50=   20ms  p75=    24ms  p95=    33ms  p99=     50ms
  e2e     p50=9,602ms  p75=18,824ms  p95=87,388ms  p99=122,501ms
  intvty  p50=     50  p75=      53  p95=      55  p99=       58  (1/tpot tok/s)
  isl     p50= 52,938  p75= 101,450  p90= 158,750  p99=  193,675  (tokens)
  osl     p50=    129  p75=     339  p90=     937  p99=    4,857  (tokens)
  tot     in=10,121,213  out=73,396
  trace  theoretical_prefix_cache_hit=94.9%
  srv    prefix_cache_hit=94.0% unique_in_srv=584,024 kv_usage=22.2% queue=4r/2w tput_in_srv=18,273/s tput_out_srv=156/s
2026-07-09 10:32:55.045 - records_manager - INFO - [realtime 09:26 profiling]
  rps=0.2 (avg 0.2)  tput_in=15,167/s  tput_out=114/s  done=143 ok=143 err=0
  ttft    p50= 4,262ms  p75= 7,177ms  p95=24,531ms  p99= 92,253ms
  itl     p50=    20ms  p75=    24ms  p95=    33ms  p99=     50ms
  e2e     p50=10,013ms  p75=19,144ms  p95=89,415ms  p99=122,004ms
  intvty  p50=      50  p75=      53  p95=      54  p99=       58  (1/tpot tok/s)
  isl     p50=  52,938  p75=  99,656  p90= 156,298  p99=  193,548  (tokens)
  osl     p50=     130  p75=     351  p90=     945  p99=    4,775  (tokens)
  tot     in=10,440,627  out=78,330
  trace  theoretical_prefix_cache_hit=94.9%
  srv    prefix_cache_hit=93.6% unique_in_srv=643,891 kv_usage=19.1% queue=4r/3w tput_in_srv=17,715/s tput_out_srv=156/s
2026-07-09 10:33:25.309 - records_manager - INFO - [realtime 09:56 profiling]
  rps=0.0 (avg 0.2)  tput_in=15,021/s  tput_out=113/s  done=144 ok=144 err=0
  ttft    p50= 4,338ms  p75= 7,431ms  p95=24,488ms  p99= 92,177ms
  itl     p50=    20ms  p75=    24ms  p95=    33ms  p99=     50ms
  e2e     p50=10,082ms  p75=19,945ms  p95=89,323ms  p99=121,921ms
  intvty  p50=      50  p75=      53  p95=      54  p99=       58  (1/tpot tok/s)
  isl     p50=  52,939  p75=  98,758  p90= 155,889  p99=  193,527  (tokens)
  osl     p50=     131  p75=     362  p90=     945  p99=    4,761  (tokens)
  tot     in=10,501,830  out=79,261
  trace  theoretical_prefix_cache_hit=94.6%
  srv    prefix_cache_hit=93.5% unique_in_srv=665,466 kv_usage=29.1% queue=4r/4w tput_in_srv=17,260/s tput_out_srv=156/s
2026-07-09 10:33:55.618 - records_manager - INFO - [realtime 10:26 profiling]
  rps=0.2 (avg 0.2)  tput_in=14,582/s  tput_out=112/s  done=151 ok=151 err=0
  ttft    p50= 4,713ms  p75= 8,273ms  p95=38,107ms  p99= 91,644ms
  itl     p50=    20ms  p75=    24ms  p95=    33ms  p99=     50ms
  e2e     p50=10,397ms  p75=21,615ms  p95=88,678ms  p99=121,341ms
  intvty  p50=      49  p75=      53  p95=      54  p99=       58  (1/tpot tok/s)
  isl     p50=  53,786  p75=  97,336  p90= 153,500  p99=  193,378  (tokens)
  osl     p50=     134  p75=     351  p90=     945  p99=    4,665  (tokens)
  tot     in=10,928,892  out=83,688
  trace  theoretical_prefix_cache_hit=94.0%
  srv    prefix_cache_hit=93.3% unique_in_srv=724,122 kv_usage=28.6% queue=4r/2w tput_in_srv=17,018/s tput_out_srv=156/s
2026-07-09 10:34:25.894 - records_manager - INFO - [realtime 10:56 profiling]
  rps=0.0 (avg 0.2)  tput_in=14,582/s  tput_out=112/s  done=151 ok=151 err=0
  ttft    p50= 4,713ms  p75= 8,273ms  p95=38,107ms  p99= 91,644ms
  itl     p50=    20ms  p75=    24ms  p95=    33ms  p99=     50ms
  e2e     p50=10,397ms  p75=21,615ms  p95=88,678ms  p99=121,341ms
  intvty  p50=      49  p75=      53  p95=      54  p99=       58  (1/tpot tok/s)
  isl     p50=  53,786  p75=  97,336  p90= 153,500  p99=  193,378  (tokens)
  osl     p50=     134  p75=     351  p90=     945  p99=    4,665  (tokens)
  tot     in=10,928,892  out=83,688
  trace  theoretical_prefix_cache_hit=94.0%
  srv    prefix_cache_hit=93.3% unique_in_srv=724,122 kv_usage=29.3% queue=4r/3w tput_in_srv=16,351/s tput_out_srv=157/s
2026-07-09 10:34:56.183 - records_manager - INFO - [realtime 11:27 profiling]
  rps=0.2 (avg 0.2)  tput_in=14,056/s  tput_out=115/s  done=156 ok=156 err=0
  ttft    p50= 4,845ms  p75= 9,070ms  p95=46,164ms  p99= 91,263ms
  itl     p50=    20ms  p75=    24ms  p95=    33ms  p99=     50ms
  e2e     p50=10,871ms  p75=24,304ms  p95=92,206ms  p99=131,404ms
  intvty  p50=      50  p75=      53  p95=      54  p99=       58  (1/tpot tok/s)
  isl     p50=  54,230  p75=  97,152  p90= 155,072  p99=  195,060  (tokens)
  osl     p50=     138  p75=     362  p90=   1,217  p99=    5,119  (tokens)
  tot     in=11,392,395  out=92,893
  trace  theoretical_prefix_cache_hit=93.8%
  srv    prefix_cache_hit=93.5% unique_in_srv=731,013 kv_usage=30.1% queue=4r/2w tput_in_srv=16,331/s tput_out_srv=158/s
2026-07-09 10:35:26.506 - records_manager - INFO - [realtime 11:57 profiling]
  rps=0.1 (avg 0.2)  tput_in=14,101/s  tput_out=116/s  done=160 ok=160 err=0
  ttft    p50= 5,146ms  p75= 9,856ms  p95=45,086ms  p99= 90,959ms
  itl     p50=    20ms  p75=    23ms  p95=    33ms  p99=     49ms
  e2e     p50=11,660ms  p75=24,304ms  p95=95,106ms  p99=130,854ms
  intvty  p50=      50  p75=      53  p95=      54  p99=       58  (1/tpot tok/s)
  isl     p50=  54,730  p75=  97,152  p90= 157,524  p99=  203,600  (tokens)
  osl     p50=     138  p75=     384  p90=   1,255  p99=    5,099  (tokens)
  tot     in=11,824,517  out=97,346
  trace  theoretical_prefix_cache_hit=93.8%
  srv    prefix_cache_hit=93.7% unique_in_srv=736,106 kv_usage=30.9% queue=4r/1w tput_in_srv=16,233/s tput_out_srv=158/s
2026-07-09 10:35:56.804 - records_manager - INFO - [realtime 12:27 profiling]
  rps=0.1 (avg 0.2)  tput_in=14,143/s  tput_out=115/s  done=162 ok=162 err=0
  ttft    p50= 5,157ms  p75=10,030ms  p95=44,547ms  p99= 90,807ms
  itl     p50=    20ms  p75=    23ms  p95=    32ms  p99=     49ms
  e2e     p50=11,793ms  p75=24,156ms  p95=94,744ms  p99=130,579ms
  intvty  p50=      49  p75=      53  p95=      54  p99=       58  (1/tpot tok/s)
  isl     p50=  54,751  p75=  94,687  p90= 156,707  p99=  203,169  (tokens)
  osl     p50=     138  p75=     373  p90=   1,242  p99=    5,089  (tokens)
  tot     in=11,960,016  out=97,646
  trace  theoretical_prefix_cache_hit=93.9%
  srv    prefix_cache_hit=93.7% unique_in_srv=737,084 kv_usage=31.2% queue=4r/1w tput_in_srv=15,756/s tput_out_srv=159/s
2026-07-09 10:36:27.137 - records_manager - INFO - [realtime 12:58 profiling]
  rps=0.0 (avg 0.2)  tput_in=14,143/s  tput_out=115/s  done=162 ok=162 err=0
  ttft    p50= 5,157ms  p75=10,030ms  p95=44,547ms  p99= 90,807ms
  itl     p50=    20ms  p75=    23ms  p95=    32ms  p99=     49ms
  e2e     p50=11,793ms  p75=24,156ms  p95=94,744ms  p99=130,579ms
  intvty  p50=      49  p75=      53  p95=      54  p99=       58  (1/tpot tok/s)
  isl     p50=  54,751  p75=  94,687  p90= 156,707  p99=  203,169  (tokens)
  osl     p50=     138  p75=     373  p90=   1,242  p99=    5,089  (tokens)
  tot     in=11,960,016  out=97,646
  trace  theoretical_prefix_cache_hit=93.9%
  srv    prefix_cache_hit=93.7% unique_in_srv=737,084 kv_usage=31.5% queue=4r/1w tput_in_srv=15,141/s tput_out_srv=161/s
2026-07-09 10:36:57.447 - records_manager - INFO - [realtime 13:28 profiling]
  rps=0.1 (avg 0.2)  tput_in=13,191/s  tput_out=124/s  done=164 ok=164 err=0
  ttft    p50= 5,182ms  p75=10,237ms  p95=46,578ms  p99= 90,654ms
  itl     p50=    20ms  p75=    23ms  p95=    32ms  p99=     49ms
  e2e     p50=11,802ms  p75=24,499ms  p95=96,887ms  p99=185,929ms
  intvty  p50=      49  p75=      53  p95=      54  p99=       58  (1/tpot tok/s)
  isl     p50=  56,196  p75=  97,152  p90= 159,378  p99=  209,568  (tokens)
  osl     p50=     138  p75=     384  p90=   1,400  p99=    7,610  (tokens)
  tot     in=12,238,338  out=115,487
  trace  theoretical_prefix_cache_hit=93.7%
  srv    prefix_cache_hit=93.9% unique_in_srv=739,855 kv_usage=31.0% queue=4r/0w tput_in_srv=14,920/s tput_out_srv=161/s
2026-07-09 10:37:27.812 - records_manager - INFO - [realtime 13:58 profiling]
  rps=0.2 (avg 0.2)  tput_in=13,182/s  tput_out=131/s  done=170 ok=170 err=0
  ttft    p50= 5,146ms  p75=10,148ms  p95=46,371ms  p99= 90,197ms
  itl     p50=    20ms  p75=    23ms  p95=    32ms  p99=     49ms
  e2e     p50=11,793ms  p75=25,529ms  p95=98,752ms  p99=177,253ms
  intvty  p50=      49  p75=      53  p95=      54  p99=       58  (1/tpot tok/s)
  isl     p50=  57,192  p75=  91,545  p90= 157,524  p99=  208,877  (tokens)
  osl     p50=     138  p75=     386  p90=   2,068  p99=    7,394  (tokens)
  tot     in=12,665,832  out=126,045
  trace  theoretical_prefix_cache_hit=93.9%
  srv    prefix_cache_hit=93.9% unique_in_srv=768,399 kv_usage=32.1% queue=4r/0w tput_in_srv=14,829/s tput_out_srv=161/s
2026-07-09 10:37:58.139 - records_manager - INFO - [realtime 14:29 profiling]
  rps=0.1 (avg 0.2)  tput_in=13,171/s  tput_out=130/s  done=172 ok=172 err=0
  ttft    p50= 5,047ms  p75=10,059ms  p95=46,302ms  p99= 90,045ms
  itl     p50=    20ms  p75=    23ms  p95=    32ms  p99=     49ms
  e2e     p50=11,660ms  p75=24,499ms  p95=98,671ms  p99=174,362ms
  intvty  p50=      49  p75=      53  p95=      54  p99=       58  (1/tpot tok/s)
  isl     p50=  57,356  p75=  90,868  p90= 156,707  p99=  208,646  (tokens)
  osl     p50=     137  p75=     384  p90=   2,005  p99=    7,263  (tokens)
  tot     in=12,821,582  out=126,304
  trace  theoretical_prefix_cache_hit=93.9%
  srv    prefix_cache_hit=93.9% unique_in_srv=769,379 kv_usage=32.4% queue=4r/0w tput_in_srv=14,581/s tput_out_srv=161/s
2026-07-09 10:38:28.475 - records_manager - INFO - [realtime 14:59 profiling]
  rps=0.1 (avg 0.2)  tput_in=13,155/s  tput_out=133/s  done=174 ok=174 err=0
  ttft    p50= 4,845ms  p75=10,030ms  p95=46,233ms  p99= 89,893ms
  itl     p50=    20ms  p75=    23ms  p95=    32ms  p99=     49ms
  e2e     p50=11,660ms  p75=25,529ms  p95=99,342ms  p99=206,322ms
  intvty  p50=      49  p75=      53  p95=      54  p99=       58  (1/tpot tok/s)
  isl     p50=  57,587  p75=  94,687  p90= 160,360  p99=  220,227  (tokens)
  osl     p50=     137  p75=     386  p90=   2,227  p99=    9,062  (tokens)
  tot     in=13,272,949  out=134,495
  trace  theoretical_prefix_cache_hit=94.1%
  srv    prefix_cache_hit=94.1% unique_in_srv=776,051 kv_usage=32.6% queue=4r/0w tput_in_srv=14,599/s tput_out_srv=161/s
2026-07-09 10:38:58.848 - records_manager - INFO - [realtime 15:29 profiling]
  rps=0.0 (avg 0.2)  tput_in=13,155/s  tput_out=133/s  done=174 ok=174 err=0
  ttft    p50= 4,845ms  p75=10,030ms  p95=46,233ms  p99= 89,893ms
  itl     p50=    20ms  p75=    23ms  p95=    32ms  p99=     49ms
  e2e     p50=11,660ms  p75=25,529ms  p95=99,342ms  p99=206,322ms
  intvty  p50=      49  p75=      53  p95=      54  p99=       58  (1/tpot tok/s)
  isl     p50=  57,587  p75=  94,687  p90= 160,360  p99=  220,227  (tokens)
  osl     p50=     137  p75=     386  p90=   2,227  p99=    9,062  (tokens)
  tot     in=13,272,949  out=134,495
  trace  theoretical_prefix_cache_hit=94.1%
  srv    prefix_cache_hit=94.1% unique_in_srv=776,051 kv_usage=32.9% queue=4r/0w tput_in_srv=14,122/s tput_out_srv=161/s
2026-07-09 10:39:29.192 - records_manager - INFO - [realtime 16:00 profiling]
  rps=0.1 (avg 0.2)  tput_in=12,666/s  tput_out=133/s  done=177 ok=177 err=0
  ttft    p50= 4,806ms  p75= 9,966ms  p95=45,895ms  p99= 89,665ms
  itl     p50=    20ms  p75=    23ms  p95=    31ms  p99=     49ms
  e2e     p50=11,797ms  p75=26,632ms  p95=99,581ms  p99=203,324ms
  intvty  p50=      49  p75=      52  p95=      54  p99=       58  (1/tpot tok/s)
  isl     p50=  57,987  p75=  95,920  p90= 160,724  p99=  223,697  (tokens)
  osl     p50=     138  p75=     409  p90=   2,414  p99=    8,939  (tokens)
  tot     in=13,659,458  out=143,348
  trace  theoretical_prefix_cache_hit=94.1%
  srv    prefix_cache_hit=94.2% unique_in_srv=787,335 kv_usage=33.3% queue=4r/0w tput_in_srv=14,090/s tput_out_srv=161/s
2026-07-09 10:39:59.584 - records_manager - INFO - [realtime 16:30 profiling]
  rps=0.1 (avg 0.2)  tput_in=12,705/s  tput_out=136/s  done=180 ok=180 err=0
  ttft    p50= 4,752ms  p75= 9,856ms  p95= 45,086ms  p99= 89,436ms
  itl     p50=    20ms  p75=    23ms  p95=     31ms  p99=     49ms
  e2e     p50=11,802ms  p75=26,656ms  p95=114,006ms  p99=200,327ms
  intvty  p50=      49  p75=      52  p95=       54  p99=       58  (1/tpot tok/s)
  isl     p50=  58,033  p75=  97,886  p90=  162,752  p99=  223,505  (tokens)
  osl     p50=     138  p75=     418  p90=    2,599  p99=    8,816  (tokens)
  tot     in=14,082,710  out=150,904
  trace  theoretical_prefix_cache_hit=94.2%
  srv    prefix_cache_hit=94.2% unique_in_srv=793,933 kv_usage=21.9% queue=3r/0w tput_in_srv=13,875/s tput_out_srv=161/s
2026-07-09 10:40:29.943 - records_manager - INFO - [realtime 17:00 profiling]
  rps=0.1 (avg 0.2)  tput_in=12,685/s  tput_out=141/s  done=182 ok=182 err=0
  ttft    p50= 4,743ms  p75= 9,594ms  p95= 44,547ms  p99= 89,284ms
  itl     p50=    21ms  p75=    23ms  p95=     31ms  p99=     49ms
  e2e     p50=11,844ms  p75=27,160ms  p95=119,120ms  p99=198,329ms
  intvty  p50=      49  p75=      52  p95=       54  p99=       58  (1/tpot tok/s)
  isl     p50=  58,171  p75=  98,322  p90=  164,040  p99=  228,924  (tokens)
  osl     p50=     142  p75=     466  p90=    2,730  p99=    8,734  (tokens)
  tot     in=14,393,534  out=159,613
  trace  theoretical_prefix_cache_hit=94.3%
  srv    prefix_cache_hit=94.2% unique_in_srv=822,362 kv_usage=33.3% queue=4r/0w tput_in_srv=13,974/s tput_out_srv=160/s
2026-07-09 10:41:00.341 - records_manager - INFO - [realtime 17:31 profiling]
  rps=0.1 (avg 0.2)  tput_in=12,857/s  tput_out=139/s  done=184 ok=184 err=0
  ttft    p50= 4,673ms  p75= 9,331ms  p95= 44,008ms  p99= 89,132ms
  itl     p50=    21ms  p75=    23ms  p95=     31ms  p99=     49ms
  e2e     p50=11,844ms  p75=26,909ms  p95=118,904ms  p99=196,330ms
  intvty  p50=      49  p75=      52  p95=       54  p99=       58  (1/tpot tok/s)
  isl     p50=  58,975  p75= 102,348  p90=  165,621  p99=  232,487  (tokens)
  osl     p50=     142  p75=     472  p90=    2,724  p99=    8,652  (tokens)
  tot     in=14,864,808  out=160,184
  trace  theoretical_prefix_cache_hit=94.4%
  srv    prefix_cache_hit=94.4% unique_in_srv=823,277 kv_usage=33.5% queue=4r/0w tput_in_srv=14,020/s tput_out_srv=161/s
2026-07-09 10:41:30.717 - records_manager - INFO - [realtime 18:01 profiling]
  rps=0.1 (avg 0.2)  tput_in=12,677/s  tput_out=141/s  done=188 ok=188 err=0
  ttft    p50= 4,639ms  p75= 9,326ms  p95= 42,930ms  p99= 88,827ms
  itl     p50=    21ms  p75=    23ms  p95=     31ms  p99=     49ms
  e2e     p50=12,133ms  p75=28,880ms  p95=118,472ms  p99=192,334ms
  intvty  p50=      48  p75=      52  p95=       54  p99=       58  (1/tpot tok/s)
  isl     p50=  59,113  p75= 102,348  p90=  166,433  p99=  232,359  (tokens)
  osl     p50=     144  p75=     480  p90=    2,885  p99=    8,488  (tokens)
  tot     in=15,270,906  out=170,340
  trace  theoretical_prefix_cache_hit=94.3%
  srv    prefix_cache_hit=94.2% unique_in_srv=872,178 kv_usage=25.0% queue=4r/0w tput_in_srv=13,819/s tput_out_srv=160/s
2026-07-09 10:42:01.136 - records_manager - INFO - [realtime 18:32 profiling]
  rps=0.2 (avg 0.2)  tput_in=12,762/s  tput_out=140/s  done=193 ok=193 err=0
  ttft    p50= 4,712ms  p75= 9,330ms  p95= 41,583ms  p99= 88,446ms
  itl     p50=    21ms  p75=    23ms  p95=     31ms  p99=     49ms
  e2e     p50=12,626ms  p75=27,286ms  p95=117,933ms  p99=187,338ms
  intvty  p50=      48  p75=      52  p95=       54  p99=       58  (1/tpot tok/s)
  isl     p50=  59,768  p75= 101,450  p90=  167,264  p99=  232,198  (tokens)
  osl     p50=     148  p75=     492  p90=    2,798  p99=    8,283  (tokens)
  tot     in=15,776,171  out=172,486
  trace  theoretical_prefix_cache_hit=94.1%
  srv    prefix_cache_hit=94.1% unique_in_srv=913,738 kv_usage=27.4% queue=4r/1w tput_in_srv=13,903/s tput_out_srv=159/s
2026-07-09 10:42:31.519 - records_manager - INFO - [realtime 19:02 profiling]
  rps=0.0 (avg 0.2)  tput_in=12,684/s  tput_out=139/s  done=194 ok=194 err=0
  ttft    p50= 4,680ms  p75= 9,328ms  p95= 41,314ms  p99= 88,370ms
  itl     p50=    21ms  p75=    24ms  p95=     31ms  p99=     49ms
  e2e     p50=12,665ms  p75=27,160ms  p95=117,825ms  p99=186,339ms
  intvty  p50=      48  p75=      52  p95=       54  p99=       58  (1/tpot tok/s)
  isl     p50=  60,220  p75= 100,553  p90=  167,077  p99=  232,166  (tokens)
  osl     p50=     151  p75=     508  p90=    2,781  p99=    8,242  (tokens)
  tot     in=15,859,252  out=173,211
  trace  theoretical_prefix_cache_hit=94.1%
  srv    prefix_cache_hit=94.2% unique_in_srv=920,285 kv_usage=35.5% queue=4r/1w tput_in_srv=13,805/s tput_out_srv=159/s
2026-07-09 10:43:01.937 - records_manager - INFO - [realtime 19:32 profiling]
  rps=0.0 (avg 0.2)  tput_in=12,684/s  tput_out=139/s  done=194 ok=194 err=0
  ttft    p50= 4,680ms  p75= 9,328ms  p95= 41,314ms  p99= 88,370ms
  itl     p50=    21ms  p75=    24ms  p95=     31ms  p99=     49ms
  e2e     p50=12,665ms  p75=27,160ms  p95=117,825ms  p99=186,339ms
  intvty  p50=      48  p75=      52  p95=       54  p99=       58  (1/tpot tok/s)
  isl     p50=  60,220  p75= 100,553  p90=  167,077  p99=  232,166  (tokens)
  osl     p50=     151  p75=     508  p90=    2,781  p99=    8,242  (tokens)
  tot     in=15,859,252  out=173,211
  trace  theoretical_prefix_cache_hit=94.1%
  srv    prefix_cache_hit=94.2% unique_in_srv=920,285 kv_usage=35.8% queue=4r/1w tput_in_srv=13,448/s tput_out_srv=160/s
2026-07-09 10:43:32.330 - records_manager - INFO - [realtime 20:03 profiling]
  rps=0.1 (avg 0.2)  tput_in=12,268/s  tput_out=136/s  done=197 ok=197 err=0
  ttft    p50= 4,748ms  p75= 9,399ms  p95= 45,895ms  p99= 88,109ms
  itl     p50=    21ms  p75=    23ms  p95=     30ms  p99=     49ms
  e2e     p50=12,907ms  p75=29,125ms  p95=116,812ms  p99=184,160ms
  intvty  p50=      48  p75=      52  p95=       54  p99=       58  (1/tpot tok/s)
  isl     p50=  61,356  p75= 101,450  p90=  168,387  p99=  232,073  (tokens)
  osl     p50=     153  p75=     541  p90=    3,102  p99=    8,148  (tokens)
  tot     in=16,254,943  out=180,245
  trace  theoretical_prefix_cache_hit=94.2%
  srv    prefix_cache_hit=94.2% unique_in_srv=933,308 kv_usage=36.3% queue=4r/1w tput_in_srv=13,442/s tput_out_srv=160/s
2026-07-09 10:44:02.761 - records_manager - INFO - [realtime 20:33 profiling]
  rps=0.1 (avg 0.2)  tput_in=12,345/s  tput_out=140/s  done=199 ok=199 err=0
  ttft    p50= 4,748ms  p75= 9,354ms  p95= 45,356ms  p99= 87,892ms
  itl     p50=    21ms  p75=    24ms  p95=     30ms  p99=     49ms
  e2e     p50=13,152ms  p75=29,404ms  p95=119,443ms  p99=183,803ms
  intvty  p50=      48  p75=      52  p95=       54  p99=       58  (1/tpot tok/s)
  isl     p50=  61,994  p75= 102,414  p90=  168,794  p99=  235,216  (tokens)
  osl     p50=     154  p75=     562  p90=    3,186  p99=    8,124  (tokens)
  tot     in=16,578,240  out=187,379
  trace  theoretical_prefix_cache_hit=94.3%
  srv    prefix_cache_hit=94.3% unique_in_srv=939,214 kv_usage=36.4% queue=4r/1w tput_in_srv=13,378/s tput_out_srv=160/s
2026-07-09 10:44:33.155 - records_manager - INFO - [realtime 21:04 profiling]
  rps=0.0 (avg 0.2)  tput_in=12,345/s  tput_out=140/s  done=199 ok=199 err=0
  ttft    p50= 4,748ms  p75= 9,354ms  p95= 45,356ms  p99= 87,892ms
  itl     p50=    21ms  p75=    24ms  p95=     30ms  p99=     49ms
  e2e     p50=13,152ms  p75=29,404ms  p95=119,443ms  p99=183,803ms
  intvty  p50=      48  p75=      52  p95=       54  p99=       58  (1/tpot tok/s)
  isl     p50=  61,994  p75= 102,414  p90=  168,794  p99=  235,216  (tokens)
  osl     p50=     154  p75=     562  p90=    3,186  p99=    8,124  (tokens)
  tot     in=16,578,240  out=187,379
  trace  theoretical_prefix_cache_hit=94.3%
  srv    prefix_cache_hit=94.3% unique_in_srv=939,214 kv_usage=36.7% queue=4r/1w tput_in_srv=13,056/s tput_out_srv=161/s
2026-07-09 10:45:03.604 - records_manager - INFO - [realtime 21:34 profiling]
  rps=0.2 (avg 0.1)  tput_in=12,408/s  tput_out=139/s  done=205 ok=205 err=0
  ttft    p50= 4,918ms  p75= 9,966ms  p95= 46,544ms  p99= 87,241ms
  itl     p50=    21ms  p75=    24ms  p95=     30ms  p99=     48ms
  e2e     p50=13,991ms  p75=31,946ms  p95=118,796ms  p99=182,729ms
  intvty  p50=      48  p75=      52  p95=       54  p99=       58  (1/tpot tok/s)
  isl     p50=  63,286  p75= 102,792  p90=  172,578  p99=  236,203  (tokens)
  osl     p50=     162  p75=     584  p90=    3,222  p99=    8,053  (tokens)
  tot     in=17,558,820  out=196,511
  trace  theoretical_prefix_cache_hit=94.5%
  srv    prefix_cache_hit=94.6% unique_in_srv=948,676 kv_usage=36.8% queue=4r/1w tput_in_srv=13,514/s tput_out_srv=160/s
2026-07-09 10:45:34.019 - records_manager - INFO - [realtime 22:04 profiling]
  rps=0.2 (avg 0.1)  tput_in=12,644/s  tput_out=144/s  done=211 ok=211 err=0
  ttft    p50= 4,760ms  p75= 9,893ms  p95= 46,337ms  p99= 86,590ms
  itl     p50=    21ms  p75=    24ms  p95=     32ms  p99=     50ms
  e2e     p50=13,991ms  p75=32,260ms  p95=121,002ms  p99=233,194ms
  intvty  p50=      48  p75=      52  p95=       54  p99=       57  (1/tpot tok/s)
  isl     p50=  63,499  p75= 103,667  p90=  193,484  p99=  240,041  (tokens)
  osl     p50=     162  p75=     602  p90=    3,260  p99=    9,336  (tokens)
  tot     in=18,243,960  out=207,825
  trace  theoretical_prefix_cache_hit=94.6%
  srv    prefix_cache_hit=94.3% unique_in_srv=1,043,460 kv_usage=35.8% queue=4r/4w tput_in_srv=13,720/s tput_out_srv=158/s
2026-07-09 10:46:04.483 - records_manager - INFO - [realtime 22:35 profiling]
  rps=0.1 (avg 0.1)  tput_in=12,555/s  tput_out=143/s  done=214 ok=214 err=0
  ttft    p50= 4,767ms  p75=10,030ms  p95= 46,233ms  p99= 86,264ms
  itl     p50=    21ms  p75=    24ms  p95=     33ms  p99=     50ms
  e2e     p50=14,121ms  p75=32,280ms  p95=120,261ms  p99=231,470ms
  intvty  p50=      48  p75=      52  p95=       54  p99=       57  (1/tpot tok/s)
  isl     p50=  63,612  p75= 103,123  p90=  192,848  p99=  239,906  (tokens)
  osl     p50=     166  p75=     614  p90=    3,232  p99=    9,294  (tokens)
  tot     in=18,463,070  out=209,697
  trace  theoretical_prefix_cache_hit=94.6%
  srv    prefix_cache_hit=93.7% unique_in_srv=1,164,505 kv_usage=36.4% queue=4r/3w tput_in_srv=13,505/s tput_out_srv=158/s
2026-07-09 10:46:34.916 - records_manager - INFO - [realtime 23:05 profiling]
  rps=0.1 (avg 0.1)  tput_in=12,483/s  tput_out=141/s  done=217 ok=217 err=0
  ttft    p50= 4,918ms  p75=10,192ms  p95= 46,820ms  p99= 85,939ms
  itl     p50=    21ms  p75=    24ms  p95=     33ms  p99=     50ms
  e2e     p50=14,210ms  p75=41,481ms  p95=119,659ms  p99=229,745ms
  intvty  p50=      48  p75=      52  p95=       54  p99=       57  (1/tpot tok/s)
  isl     p50=  63,760  p75= 104,214  p90=  194,333  p99=  239,772  (tokens)
  osl     p50=     167  p75=     641  p90=    3,204  p99=    9,253  (tokens)
  tot     in=18,834,757  out=212,820
  trace  theoretical_prefix_cache_hit=94.1%
  srv    prefix_cache_hit=93.6% unique_in_srv=1,179,441 kv_usage=26.4% queue=4r/1w tput_in_srv=13,308/s tput_out_srv=157/s
2026-07-09 10:47:05.389 - records_manager - INFO - [realtime 23:36 profiling]
  rps=0.2 (avg 0.1)  tput_in=12,487/s  tput_out=139/s  done=223 ok=223 err=0
  ttft    p50= 5,133ms  p75=10,309ms  p95= 46,613ms  p99= 85,288ms
  itl     p50=    21ms  p75=    24ms  p95=     32ms  p99=     50ms
  e2e     p50=14,210ms  p75=39,517ms  p95=119,012ms  p99=226,297ms
  intvty  p50=      48  p75=      52  p95=       54  p99=       57  (1/tpot tok/s)
  isl     p50=  63,760  p75= 103,667  p90=  193,060  p99=  239,503  (tokens)
  osl     p50=     167  p75=     640  p90=    3,149  p99=    9,170  (tokens)
  tot     in=19,230,272  out=214,839
  trace  theoretical_prefix_cache_hit=94.1%
  srv    prefix_cache_hit=93.7% unique_in_srv=1,191,340 kv_usage=26.1% queue=3r/2w tput_in_srv=13,394/s tput_out_srv=157/s
2026-07-09 10:47:35.890 - records_manager - INFO - [realtime 24:06 profiling]
  rps=0.1 (avg 0.1)  tput_in=12,504/s  tput_out=139/s  done=227 ok=227 err=0
  ttft    p50= 5,152ms  p75=10,353ms  p95= 46,475ms  p99= 84,854ms
  itl     p50=    21ms  p75=    24ms  p95=     32ms  p99=     50ms
  e2e     p50=14,248ms  p75=37,737ms  p95=118,580ms  p99=223,998ms
  intvty  p50=      48  p75=      52  p95=       54  p99=       57  (1/tpot tok/s)
  isl     p50=  63,760  p75= 103,667  p90=  190,219  p99=  239,323  (tokens)
  osl     p50=     169  p75=     640  p90=    3,102  p99=    9,114  (tokens)
  tot     in=19,524,778  out=216,989
  trace  theoretical_prefix_cache_hit=94.1%
  srv    prefix_cache_hit=93.8% unique_in_srv=1,198,819 kv_usage=31.2% queue=4r/2w tput_in_srv=13,377/s tput_out_srv=158/s
2026-07-09 10:48:06.348 - records_manager - INFO - [realtime 24:37 profiling]
  rps=0.1 (avg 0.1)  tput_in=12,452/s  tput_out=140/s  done=230 ok=230 err=0
  ttft    p50= 5,182ms  p75=10,431ms  p95= 46,371ms  p99= 84,528ms
  itl     p50=    21ms  p75=    24ms  p95=     32ms  p99=     50ms
  e2e     p50=14,288ms  p75=38,003ms  p95=121,249ms  p99=222,274ms
  intvty  p50=      48  p75=      52  p95=       54  p99=       57  (1/tpot tok/s)
  isl     p50=  63,908  p75= 104,802  p90=  193,697  p99=  242,198  (tokens)
  osl     p50=     170  p75=     656  p90=    3,177  p99=    9,073  (tokens)
  tot     in=19,924,873  out=223,502
  trace  theoretical_prefix_cache_hit=94.2%
  srv    prefix_cache_hit=93.5% unique_in_srv=1,270,039 kv_usage=24.3% queue=4r/1w tput_in_srv=13,289/s tput_out_srv=157/s
2026-07-09 10:48:36.864 - records_manager - INFO - [realtime 25:07 profiling]
  rps=0.3 (avg 0.2)  tput_in=12,579/s  tput_out=142/s  done=240 ok=240 err=0
  ttft    p50= 5,157ms  p75=10,517ms  p95= 45,716ms  p99= 83,443ms
  itl     p50=    21ms  p75=    24ms  p95=     31ms  p99=     50ms
  e2e     p50=14,265ms  p75=38,535ms  p95=123,718ms  p99=220,108ms
  intvty  p50=      48  p75=      52  p95=       54  p99=       58  (1/tpot tok/s)
  isl     p50=  63,612  p75= 105,118  p90=  183,604  p99=  241,973  (tokens)
  osl     p50=     168  p75=     642  p90=    3,177  p99=    8,934  (tokens)
  tot     in=20,512,952  out=232,275
  trace  theoretical_prefix_cache_hit=93.6%
  srv    prefix_cache_hit=93.2% unique_in_srv=1,362,738 kv_usage=15.6% queue=4r/0w tput_in_srv=13,289/s tput_out_srv=156/s
2026-07-09 10:49:07.355 - records_manager - INFO - [realtime 25:38 profiling]
  rps=0.3 (avg 0.2)  tput_in=12,524/s  tput_out=141/s  done=249 ok=249 err=0
  ttft    p50= 4,998ms  p75=10,392ms  p95= 44,707ms  p99= 82,466ms
  itl     p50=    21ms  p75=    24ms  p95=     32ms  p99=     50ms
  e2e     p50=13,991ms  p75=32,300ms  p95=121,496ms  p99=215,668ms
  intvty  p50=      48  p75=      52  p95=       56  p99=       59  (1/tpot tok/s)
  isl     p50=  61,994  p75= 103,258  p90=  170,028  p99=  241,771  (tokens)
  osl     p50=     164  p75=     596  p90=    3,061  p99=    8,810  (tokens)
  tot     in=20,793,955  out=233,854
  trace  theoretical_prefix_cache_hit=93.4%
  srv    prefix_cache_hit=93.2% unique_in_srv=1,373,243 kv_usage=16.2% queue=3r/0w tput_in_srv=13,230/s tput_out_srv=156/s
2026-07-09 10:49:37.891 - records_manager - INFO - [realtime 26:08 profiling]
  rps=0.3 (avg 0.2)  tput_in=12,443/s  tput_out=139/s  done=257 ok=257 err=0
  ttft    p50= 4,748ms  p75=10,285ms  p95= 43,772ms  p99= 81,598ms
  itl     p50=    21ms  p75=    24ms  p95=     33ms  p99=     50ms
  e2e     p50=13,152ms  p75=30,799ms  p95=119,659ms  p99=211,721ms
  intvty  p50=      48  p75=      52  p95=       57  p99=       59  (1/tpot tok/s)
  isl     p50=  59,214  p75= 102,548  p90=  169,190  p99=  241,591  (tokens)
  osl     p50=     158  p75=     584  p90=    2,913  p99=    8,699  (tokens)
  tot     in=21,055,597  out=235,372
  trace  theoretical_prefix_cache_hit=93.4%
  srv    prefix_cache_hit=93.2% unique_in_srv=1,410,170 kv_usage=17.0% queue=3r/0w tput_in_srv=13,145/s tput_out_srv=157/s
2026-07-09 10:50:08.453 - records_manager - INFO - [realtime 26:39 profiling]
  rps=0.2 (avg 0.2)  tput_in=12,401/s  tput_out=138/s  done=262 ok=262 err=0
  ttft    p50= 4,743ms  p75=10,269ms  p95= 43,021ms  p99= 81,055ms
  itl     p50=    21ms  p75=    24ms  p95=     33ms  p99=     49ms
  e2e     p50=13,292ms  p75=30,531ms  p95=119,120ms  p99=209,255ms
  intvty  p50=      48  p75=      53  p95=       57  p99=       59  (1/tpot tok/s)
  isl     p50=  59,315  p75= 100,553  p90=  169,022  p99=  241,479  (tokens)
  osl     p50=     157  p75=     594  p90=    2,875  p99=    8,630  (tokens)
  tot     in=21,362,253  out=237,875
  trace  theoretical_prefix_cache_hit=93.3%
  srv    prefix_cache_hit=93.1% unique_in_srv=1,447,007 kv_usage=23.7% queue=4r/0w tput_in_srv=13,113/s tput_out_srv=157/s
2026-07-09 10:50:38.989 - records_manager - INFO - [realtime 27:09 profiling]
  rps=0.3 (avg 0.2)  tput_in=12,522/s  tput_out=140/s  done=270 ok=270 err=0
  ttft    p50= 4,673ms  p75=10,030ms  p95= 41,820ms  p99= 80,187ms
  itl     p50=    21ms  p75=    24ms  p95=     33ms  p99=     49ms
  e2e     p50=12,990ms  p75=29,601ms  p95=121,249ms  p99=205,308ms
  intvty  p50=      48  p75=      53  p95=       57  p99=       59  (1/tpot tok/s)
  isl     p50=  60,870  p75=  98,322  p90=  168,762  p99=  241,299  (tokens)
  osl     p50=     154  p75=     578  p90=    2,890  p99=    8,520  (tokens)
  tot     in=21,928,009  out=244,784
  trace  theoretical_prefix_cache_hit=93.4%
  srv    prefix_cache_hit=93.0% unique_in_srv=1,502,478 kv_usage=18.3% queue=4r/0w tput_in_srv=13,174/s tput_out_srv=157/s
2026-07-09 10:51:09.566 - records_manager - INFO - [realtime 27:40 profiling]
  rps=0.2 (avg 0.2)  tput_in=12,500/s  tput_out=139/s  done=275 ok=275 err=0
  ttft    p50= 4,656ms  p75= 9,893ms  p95= 41,069ms  p99= 79,644ms
  itl     p50=    21ms  p75=    24ms  p95=     33ms  p99=     49ms
  e2e     p50=13,001ms  p75=28,962ms  p95=120,014ms  p99=202,841ms
  intvty  p50=      49  p75=      53  p95=       57  p99=       59  (1/tpot tok/s)
  isl     p50=  61,356  p75=  97,336  p90=  168,605  p99=  241,186  (tokens)
  osl     p50=     156  p75=     592  p90=    2,852  p99=    8,450  (tokens)
  tot     in=22,282,065  out=247,198
  trace  theoretical_prefix_cache_hit=93.2%
  srv    prefix_cache_hit=93.1% unique_in_srv=1,513,719 kv_usage=17.7% queue=4r/2w tput_in_srv=13,167/s tput_out_srv=158/s
2026-07-09 10:51:40.172 - records_manager - INFO - [realtime 28:11 profiling]
  rps=0.2 (avg 0.2)  tput_in=12,485/s  tput_out=144/s  done=280 ok=280 err=0
  ttft    p50= 4,680ms  p75=10,002ms  p95= 40,890ms  p99= 79,102ms
  itl     p50=    21ms  p75=    23ms  p95=     33ms  p99=     49ms
  e2e     p50=13,292ms  p75=28,880ms  p95=123,718ms  p99=244,445ms
  intvty  p50=      49  p75=      53  p95=       57  p99=       59  (1/tpot tok/s)
  isl     p50=  61,510  p75=  96,041  p90=  167,826  p99=  241,074  (tokens)
  osl     p50=     160  p75=     639  p90=    2,890  p99=    9,762  (tokens)
  tot     in=22,613,900  out=261,284
  trace  theoretical_prefix_cache_hit=93.1%
  srv    prefix_cache_hit=93.0% unique_in_srv=1,552,717 kv_usage=10.1% queue=4r/5w tput_in_srv=13,045/s tput_out_srv=159/s
2026-07-09 10:52:10.787 - records_manager - INFO - [realtime 28:41 profiling]
  rps=0.0 (avg 0.2)  tput_in=12,266/s  tput_out=143/s  done=281 ok=281 err=0
  ttft    p50= 4,712ms  p75=10,045ms  p95= 40,883ms  p99= 78,993ms
  itl     p50=    21ms  p75=    23ms  p95=     33ms  p99=     49ms
  e2e     p50=13,466ms  p75=29,125ms  p95=123,471ms  p99=244,280ms
  intvty  p50=      49  p75=      53  p95=       57  p99=       60  (1/tpot tok/s)
  isl     p50=  61,356  p75=  95,602  p90=  167,638  p99=  241,051  (tokens)
  osl     p50=     160  p75=     641  p90=    2,882  p99=    9,748  (tokens)
  tot     in=22,616,863  out=263,401
  trace  theoretical_prefix_cache_hit=93.1%
  srv    prefix_cache_hit=92.9% unique_in_srv=1,555,664 kv_usage=10.4% queue=4r/4w tput_in_srv=12,814/s tput_out_srv=160/s
2026-07-09 10:52:41.359 - records_manager - INFO - [realtime 29:12 profiling]
  rps=0.1 (avg 0.2)  tput_in=12,231/s  tput_out=147/s  done=284 ok=284 err=0
  ttft    p50= 4,743ms  p75=10,059ms  p95= 42,721ms  p99= 78,668ms
  itl     p50=    20ms  p75=    23ms  p95=     32ms  p99=     49ms
  e2e     p50=13,969ms  p75=31,067ms  p95=125,423ms  p99=243,787ms
  intvty  p50=      49  p75=      53  p95=       58  p99=       62  (1/tpot tok/s)
  isl     p50=  61,203  p75=  96,041  p90=  167,077  p99=  240,984  (tokens)
  osl     p50=     162  p75=     675  p90=    2,960  p99=    9,707  (tokens)
  tot     in=22,760,054  out=274,240
  trace  theoretical_prefix_cache_hit=93.1%
  srv    prefix_cache_hit=92.9% unique_in_srv=1,579,288 kv_usage=11.1% queue=4r/8w tput_in_srv=12,680/s tput_out_srv=161/s
2026-07-09 10:53:11.987 - records_manager - INFO - [realtime 29:42 profiling]
  rps=0.2 (avg 0.2)  tput_in=12,103/s  tput_out=150/s  done=289 ok=289 err=0
  ttft    p50= 4,806ms  p75=10,307ms  p95= 47,038ms  p99= 78,125ms
  itl     p50=    20ms  p75=    23ms  p95=     32ms  p99=     49ms
  e2e     p50=14,155ms  p75=36,184ms  p95=125,124ms  p99=242,965ms
  intvty  p50=      49  p75=      53  p95=       58  p99=       62  (1/tpot tok/s)
  isl     p50=  61,356  p75=  96,874  p90=  166,297  p99=  240,871  (tokens)
  osl     p50=     168  p75=     699  p90=    3,061  p99=    9,639  (tokens)
  tot     in=23,054,532  out=286,665
  trace  theoretical_prefix_cache_hit=93.1%
  srv    prefix_cache_hit=92.9% unique_in_srv=1,598,641 kv_usage=6.6% queue=4r/7w tput_in_srv=12,584/s tput_out_srv=162/s
2026-07-09 10:53:42.628 - records_manager - INFO - [realtime 30:13 profiling]
  rps=0.0 (avg 0.2)  tput_in=11,904/s  tput_out=149/s  done=290 ok=290 err=0
  ttft    p50= 4,845ms  p75=10,321ms  p95= 47,011ms  p99= 78,017ms
  itl     p50=    20ms  p75=    23ms  p95=     32ms  p99=     49ms
  e2e     p50=14,189ms  p75=38,003ms  p95=125,065ms  p99=242,801ms
  intvty  p50=      49  p75=      53  p95=       58  p99=       64  (1/tpot tok/s)
  isl     p50=  61,203  p75=  96,596  p90=  166,162  p99=  240,849  (tokens)
  osl     p50=     168  p75=     704  p90=    3,041  p99=    9,625  (tokens)
  tot     in=23,057,497  out=289,207
  trace  theoretical_prefix_cache_hit=93.0%
  srv    prefix_cache_hit=92.9% unique_in_srv=1,601,589 kv_usage=6.9% queue=4r/6w tput_in_srv=12,373/s tput_out_srv=164/s
2026-07-09 10:54:13.275 - records_manager - INFO - [realtime 30:44 profiling]
  rps=0.2 (avg 0.2)  tput_in=11,916/s  tput_out=153/s  done=297 ok=297 err=0
  ttft    p50= 5,084ms  p75=10,730ms  p95= 51,536ms  p99= 77,356ms
  itl     p50=    20ms  p75=    23ms  p95=     33ms  p99=     51ms
  e2e     p50=14,329ms  p75=43,718ms  p95=124,459ms  p99=241,322ms
  intvty  p50=      49  p75=      53  p95=       58  p99=       66  (1/tpot tok/s)
  isl     p50=  61,036  p75=  96,902  p90=  165,351  p99=  240,669  (tokens)
  osl     p50=     170  p75=     722  p90=    3,204  p99=    9,529  (tokens)
  tot     in=23,422,720  out=301,288
  trace  theoretical_prefix_cache_hit=93.0%
  srv    prefix_cache_hit=92.8% unique_in_srv=1,643,305 kv_usage=13.1% queue=4r/5w tput_in_srv=12,433/s tput_out_srv=165/s
2026-07-09 10:54:43.868 - records_manager - INFO - [realtime 31:14 profiling]
  rps=0.1 (avg 0.2)  tput_in=11,847/s  tput_out=153/s  done=300 ok=300 err=0
  ttft    p50= 5,146ms  p75=11,336ms  p95= 52,241ms  p99= 77,960ms
  itl     p50=    20ms  p75=    23ms  p95=     33ms  p99=     51ms
  e2e     p50=14,389ms  p75=43,740ms  p95=123,718ms  p99=239,842ms
  intvty  p50=      49  p75=      53  p95=       59  p99=       66  (1/tpot tok/s)
  isl     p50=  60,870  p75=  97,152  p90=  165,351  p99=  240,535  (tokens)
  osl     p50=     171  p75=     725  p90=    3,177  p99=    9,488  (tokens)
  tot     in=23,556,145  out=303,907
  trace  theoretical_prefix_cache_hit=93.0%
  srv    prefix_cache_hit=92.8% unique_in_srv=1,649,596 kv_usage=13.3% queue=4r/6w tput_in_srv=12,301/s tput_out_srv=166/s
2026-07-09 10:55:14.510 - records_manager - INFO - [realtime 31:45 profiling]
  rps=0.1 (avg 0.2)  tput_in=11,693/s  tput_out=153/s  done=302 ok=302 err=0
  ttft    p50= 5,157ms  p75=11,552ms  p95= 52,154ms  p99= 77,948ms
  itl     p50=    20ms  p75=    23ms  p95=     32ms  p99=     51ms
  e2e     p50=14,749ms  p75=44,416ms  p95=123,224ms  p99=238,855ms
  intvty  p50=      49  p75=      53  p95=       59  p99=       66  (1/tpot tok/s)
  isl     p50=  60,604  p75=  96,651  p90=  165,351  p99=  240,445  (tokens)
  osl     p50=     172  p75=     778  p90=    3,158  p99=    9,460  (tokens)
  tot     in=23,562,200  out=308,495
  trace  theoretical_prefix_cache_hit=93.0%
  srv    prefix_cache_hit=92.9% unique_in_srv=1,655,118 kv_usage=18.8% queue=4r/4w tput_in_srv=12,158/s tput_out_srv=167/s
2026-07-09 10:55:45.168 - records_manager - INFO - [realtime 32:16 profiling]
  rps=0.2 (avg 0.2)  tput_in=11,610/s  tput_out=155/s  done=308 ok=308 err=0
  ttft    p50= 5,296ms  p75=12,320ms  p95= 57,513ms  p99= 79,514ms
  itl     p50=    20ms  p75=    23ms  p95=     32ms  p99=     51ms
  e2e     p50=15,060ms  p75=50,416ms  p95=125,184ms  p99=235,895ms
  intvty  p50=      50  p75=      54  p95=       59  p99=       66  (1/tpot tok/s)
  isl     p50=  60,604  p75=  97,152  p90=  164,914  p99=  240,176  (tokens)
  osl     p50=     175  p75=     785  p90=    3,195  p99=    9,377  (tokens)
  tot     in=23,878,005  out=318,036
  trace  theoretical_prefix_cache_hit=93.0%
  srv    prefix_cache_hit=92.9% unique_in_srv=1,674,799 kv_usage=18.8% queue=4r/2w tput_in_srv=12,130/s tput_out_srv=168/s
2026-07-09 10:56:15.855 - records_manager - INFO - [realtime 32:46 profiling]
  rps=0.3 (avg 0.2)  tput_in=11,715/s  tput_out=156/s  done=316 ok=316 err=0
  ttft    p50= 5,406ms  p75=12,156ms  p95= 58,304ms  p99= 79,375ms
  itl     p50=    20ms  p75=    23ms  p95=     31ms  p99=     50ms
  e2e     p50=14,814ms  p75=48,335ms  p95=125,901ms  p99=231,948ms
  intvty  p50=      50  p75=      54  p95=       60  p99=       66  (1/tpot tok/s)
  isl     p50=  60,604  p75=  98,112  p90=  163,166  p99=  239,817  (tokens)
  osl     p50=     181  p75=     781  p90=    3,213  p99=    9,266  (tokens)
  tot     in=24,416,475  out=325,748
  trace  theoretical_prefix_cache_hit=93.1%
  srv    prefix_cache_hit=92.9% unique_in_srv=1,696,107 kv_usage=16.0% queue=4r/5w tput_in_srv=12,189/s tput_out_srv=168/s
2026-07-09 10:56:46.519 - records_manager - INFO - [realtime 33:17 profiling]
  rps=0.3 (avg 0.2)  tput_in=11,666/s  tput_out=157/s  done=325 ok=325 err=0
  ttft    p50= 5,527ms  p75=12,649ms  p95= 58,560ms  p99= 79,219ms
  itl     p50=    20ms  p75=    23ms  p95=     31ms  p99=     50ms
  e2e     p50=15,082ms  p75=48,187ms  p95=127,391ms  p99=227,508ms
  intvty  p50=      50  p75=      54  p95=       60  p99=       66  (1/tpot tok/s)
  isl     p50=  59,214  p75=  98,056  p90=  162,235  p99=  239,413  (tokens)
  osl     p50=     181  p75=     784  p90=    3,131  p99=    9,142  (tokens)
  tot     in=24,739,240  out=333,417
  trace  theoretical_prefix_cache_hit=93.1%
  srv    prefix_cache_hit=92.9% unique_in_srv=1,718,835 kv_usage=18.7% queue=4r/0w tput_in_srv=12,189/s tput_out_srv=169/s
2026-07-09 10:57:17.243 - records_manager - INFO - [realtime 33:48 profiling]
  rps=0.4 (avg 0.2)  tput_in=11,888/s  tput_out=157/s  done=337 ok=337 err=0
  ttft    p50= 5,322ms  p75=12,391ms  p95= 58,238ms  p99= 79,010ms
  itl     p50=    20ms  p75=    23ms  p95=     31ms  p99=     50ms
  e2e     p50=14,569ms  p75=44,766ms  p95=125,841ms  p99=221,588ms
  intvty  p50=      50  p75=      54  p95=       60  p99=       66  (1/tpot tok/s)
  isl     p50=  59,044  p75=  98,056  p90=  160,724  p99=  238,874  (tokens)
  osl     p50=     174  p75=     762  p90=    3,071  p99=    8,976  (tokens)
  tot     in=25,531,388  out=336,512
  trace  theoretical_prefix_cache_hit=93.1%
  srv    prefix_cache_hit=92.9% unique_in_srv=1,785,646 kv_usage=19.7% queue=4r/1w tput_in_srv=12,404/s tput_out_srv=168/s
2026-07-09 10:57:47.990 - records_manager - INFO - [realtime 34:18 profiling]
  rps=0.4 (avg 0.2)  tput_in=12,030/s  tput_out=155/s  done=348 ok=348 err=0
  ttft    p50= 5,146ms  p75=11,933ms  p95= 57,513ms  p99= 78,819ms
  itl     p50=    20ms  p75=    23ms  p95=     31ms  p99=     50ms
  e2e     p50=14,231ms  p75=43,740ms  p95=125,184ms  p99=216,161ms
  intvty  p50=      51  p75=      54  p95=       60  p99=       65  (1/tpot tok/s)
  isl     p50=  59,113  p75=  97,152  p90=  160,037  p99=  238,381  (tokens)
  osl     p50=     170  p75=     712  p90=    2,939  p99=    8,824  (tokens)
  tot     in=26,240,408  out=338,647
  trace  theoretical_prefix_cache_hit=93.1%
  srv    prefix_cache_hit=93.0% unique_in_srv=1,809,104 kv_usage=21.7% queue=4r/1w tput_in_srv=12,580/s tput_out_srv=168/s
2026-07-09 10:58:18.752 - records_manager - INFO - [realtime 34:49 profiling]
  rps=0.4 (avg 0.2)  tput_in=12,281/s  tput_out=155/s  done=359 ok=359 err=0
  ttft    p50= 4,918ms  p75=11,518ms  p95= 56,454ms  p99= 78,628ms
  itl     p50=    20ms  p75=    23ms  p95=     33ms  p99=     52ms
  e2e     p50=13,805ms  p75=43,475ms  p95=123,965ms  p99=210,735ms
  intvty  p50=      50  p75=      54  p95=       60  p99=       65  (1/tpot tok/s)
  isl     p50=  60,737  p75=  97,336  p90=  157,933  p99=  237,887  (tokens)
  osl     p50=     166  p75=     702  p90=    2,897  p99=    8,672  (tokens)
  tot     in=27,171,117  out=342,895
  trace  theoretical_prefix_cache_hit=93.3%
  srv    prefix_cache_hit=93.1% unique_in_srv=1,849,206 kv_usage=23.6% queue=4r/0w tput_in_srv=12,858/s tput_out_srv=167/s
2026-07-09 10:58:49.523 - records_manager - INFO - [realtime 35:20 profiling]
  rps=0.1 (avg 0.2)  tput_in=12,329/s  tput_out=157/s  done=363 ok=363 err=0
  ttft    p50= 4,998ms  p75=11,361ms  p95= 55,743ms  p99= 78,559ms
  itl     p50=    20ms  p75=    23ms  p95=     32ms  p99=     52ms
  e2e     p50=13,641ms  p75=43,475ms  p95=125,483ms  p99=208,761ms
  intvty  p50=      51  p75=      54  p95=       60  p99=       65  (1/tpot tok/s)
  isl     p50=  61,356  p75=  96,400  p90=  156,298  p99=  237,708  (tokens)
  osl     p50=     164  p75=     702  p90=    2,927  p99=    8,616  (tokens)
  tot     in=27,456,334  out=349,046
  trace  theoretical_prefix_cache_hit=93.4%
  srv    prefix_cache_hit=93.0% unique_in_srv=1,898,381 kv_usage=26.9% queue=4r/2w tput_in_srv=12,834/s tput_out_srv=167/s
2026-07-09 10:59:20.313 - records_manager - INFO - [realtime 35:51 profiling]
  rps=0.3 (avg 0.2)  tput_in=12,537/s  tput_out=157/s  done=373 ok=373 err=0
  ttft    p50= 5,026ms  p75=11,318ms  p95= 53,967ms  p99= 78,385ms
  itl     p50=    20ms  p75=    23ms  p95=     32ms  p99=     52ms
  e2e     p50=13,641ms  p75=43,178ms  p95=124,885ms  p99=203,828ms
  intvty  p50=      50  p75=      54  p95=       60  p99=       65  (1/tpot tok/s)
  isl     p50=  62,502  p75=  97,702  p90=  159,488  p99=  237,259  (tokens)
  osl     p50=     162  p75=     707  p90=    2,868  p99=    8,478  (tokens)
  tot     in=28,448,090  out=355,238
  trace  theoretical_prefix_cache_hit=93.4%
  srv    prefix_cache_hit=93.2% unique_in_srv=1,908,709 kv_usage=27.2% queue=4r/2w tput_in_srv=13,116/s tput_out_srv=167/s
2026-07-09 10:59:51.125 - records_manager - INFO - [realtime 36:22 profiling]
  rps=0.1 (avg 0.2)  tput_in=12,581/s  tput_out=155/s  done=377 ok=377 err=0
  ttft    p50= 5,026ms  p75=11,410ms  p95= 53,409ms  p99= 78,315ms
  itl     p50=    20ms  p75=    23ms  p95=     31ms  p99=     51ms
  e2e     p50=13,991ms  p75=42,168ms  p95=124,459ms  p99=201,855ms
  intvty  p50=      51  p75=      54  p95=       60  p99=       65  (1/tpot tok/s)
  isl     p50=  63,000  p75=  98,596  p90=  160,724  p99=  237,080  (tokens)
  osl     p50=     166  p75=     707  p90=    2,835  p99=    8,423  (tokens)
  tot     in=28,981,871  out=357,735
  trace  theoretical_prefix_cache_hit=93.5%
  srv    prefix_cache_hit=93.3% unique_in_srv=1,910,728 kv_usage=21.0% queue=4r/2w tput_in_srv=13,129/s tput_out_srv=167/s
2026-07-09 11:00:21.942 - records_manager - INFO - [realtime 36:52 profiling]
  rps=0.1 (avg 0.2)  tput_in=12,552/s  tput_out=156/s  done=379 ok=379 err=0
  ttft    p50= 5,084ms  p75=11,518ms  p95= 53,357ms  p99= 78,280ms
  itl     p50=    20ms  p75=    23ms  p95=     31ms  p99=     51ms
  e2e     p50=14,068ms  p75=42,702ms  p95=123,965ms  p99=200,868ms
  intvty  p50=      51  p75=      54  p95=       60  p99=       65  (1/tpot tok/s)
  isl     p50=  63,286  p75=  98,902  p90=  160,620  p99=  236,990  (tokens)
  osl     p50=     166  p75=     710  p90=    2,897  p99=    8,395  (tokens)
  tot     in=29,196,573  out=362,601
  trace  theoretical_prefix_cache_hit=93.5%
  srv    prefix_cache_hit=93.3% unique_in_srv=1,932,308 kv_usage=23.9% queue=4r/2w tput_in_srv=13,066/s tput_out_srv=167/s
2026-07-09 11:00:52.761 - records_manager - INFO - [realtime 37:23 profiling]
  rps=0.1 (avg 0.2)  tput_in=12,531/s  tput_out=155/s  done=382 ok=382 err=0
  ttft    p50= 5,146ms  p75=11,901ms  p95= 53,280ms  p99= 78,228ms
  itl     p50=    20ms  p75=    23ms  p95=     31ms  p99=     51ms
  e2e     p50=14,189ms  p75=42,940ms  p95=123,224ms  p99=199,388ms
  intvty  p50=      51  p75=      54  p95=       60  p99=       65  (1/tpot tok/s)
  isl     p50=  63,386  p75= 100,620  p90=  161,318  p99=  236,855  (tokens)
  osl     p50=     167  p75=     711  p90=    2,875  p99=    8,354  (tokens)
  tot     in=29,504,661  out=365,469
  trace  theoretical_prefix_cache_hit=93.5%
  srv    prefix_cache_hit=93.3% unique_in_srv=1,946,421 kv_usage=25.8% queue=4r/2w tput_in_srv=13,040/s tput_out_srv=167/s
2026-07-09 11:01:23.556 - records_manager - INFO - [realtime 37:54 profiling]
  rps=0.0 (avg 0.2)  tput_in=12,503/s  tput_out=154/s  done=383 ok=383 err=0
  ttft    p50= 5,152ms  p75=11,988ms  p95= 53,254ms  p99= 78,211ms
  itl     p50=    20ms  p75=    23ms  p95=     31ms  p99=     51ms
  e2e     p50=14,210ms  p75=42,702ms  p95=122,977ms  p99=198,895ms
  intvty  p50=      51  p75=      54  p95=       60  p99=       65  (1/tpot tok/s)
  isl     p50=  63,499  p75= 102,016  p90=  162,442  p99=  236,810  (tokens)
  osl     p50=     168  p75=     715  p90=    2,868  p99=    8,340  (tokens)
  tot     in=29,707,680  out=366,255
  trace  theoretical_prefix_cache_hit=93.5%
  srv    prefix_cache_hit=93.4% unique_in_srv=1,946,878 kv_usage=21.5% queue=4r/2w tput_in_srv=12,914/s tput_out_srv=168/s
2026-07-09 11:01:54.377 - records_manager - INFO - [realtime 38:25 profiling]
  rps=0.2 (avg 0.2)  tput_in=12,562/s  tput_out=156/s  done=390 ok=390 err=0
  ttft    p50= 5,172ms  p75=12,525ms  p95= 54,214ms  p99= 78,089ms
  itl     p50=    20ms  p75=    23ms  p95=     31ms  p99=     51ms
  e2e     p50=14,265ms  p75=43,696ms  p95=125,065ms  p99=195,441ms
  intvty  p50=      50  p75=      54  p95=       60  p99=       65  (1/tpot tok/s)
  isl     p50=  64,406  p75= 102,584  p90=  162,752  p99=  236,496  (tokens)
  osl     p50=     169  p75=     750  p90=    2,934  p99=    8,243  (tokens)
  tot     in=30,483,785  out=377,486
  trace  theoretical_prefix_cache_hit=93.4%
  srv    prefix_cache_hit=93.3% unique_in_srv=2,027,473 kv_usage=30.1% queue=4r/1w tput_in_srv=13,144/s tput_out_srv=167/s
2026-07-09 11:02:25.180 - records_manager - INFO - [realtime 38:56 profiling]
  rps=0.2 (avg 0.2)  tput_in=12,711/s  tput_out=155/s  done=396 ok=396 err=0
  ttft    p50= 5,164ms  p75=12,320ms  p95= 53,434ms  p99= 77,985ms
  itl     p50=    20ms  p75=    23ms  p95=     31ms  p99=     51ms
  e2e     p50=14,288ms  p75=43,416ms  p95=124,706ms  p99=192,481ms
  intvty  p50=      50  p75=      54  p95=       60  p99=       65  (1/tpot tok/s)
  isl     p50=  64,614  p75= 103,909  p90=  163,166  p99=  236,227  (tokens)
  osl     p50=     171  p75=     739  p90=    2,920  p99=    8,160  (tokens)
  tot     in=31,264,038  out=380,875
  trace  theoretical_prefix_cache_hit=93.5%
  srv    prefix_cache_hit=93.4% unique_in_srv=2,034,490 kv_usage=27.7% queue=4r/0w tput_in_srv=13,224/s tput_out_srv=167/s
2026-07-09 11:02:56.014 - records_manager - INFO - [realtime 39:26 profiling]
  rps=0.1 (avg 0.2)  tput_in=12,733/s  tput_out=154/s  done=399 ok=399 err=0
  ttft    p50= 5,177ms  p75=12,197ms  p95= 53,357ms  p99= 77,966ms
  itl     p50=    20ms  p75=    23ms  p95=     31ms  p99=     51ms
  e2e     p50=14,276ms  p75=42,702ms  p95=123,965ms  p99=192,237ms
  intvty  p50=      50  p75=      54  p95=       60  p99=       65  (1/tpot tok/s)
  isl     p50=  64,621  p75= 104,054  p90=  162,856  p99=  236,219  (tokens)
  osl     p50=     170  p75=     728  p90=    2,897  p99=    8,139  (tokens)
  tot     in=31,487,041  out=381,480
  trace  theoretical_prefix_cache_hit=93.5%
  srv    prefix_cache_hit=93.0% unique_in_srv=2,180,453 kv_usage=30.0% queue=4r/1w tput_in_srv=13,167/s tput_out_srv=166/s
2026-07-09 11:03:26.863 - records_manager - INFO - [realtime 39:57 profiling]
  rps=0.1 (avg 0.2)  tput_in=12,620/s  tput_out=156/s  done=402 ok=402 err=0
  ttft    p50= 5,172ms  p75=12,044ms  p95= 53,280ms  p99= 77,948ms
  itl     p50=    20ms  p75=    23ms  p95=     31ms  p99=     51ms
  e2e     p50=14,288ms  p75=43,534ms  p95=125,543ms  p99=238,855ms
  intvty  p50=      50  p75=      54  p95=       60  p99=       65  (1/tpot tok/s)
  isl     p50=  64,880  p75= 104,684  p90=  162,546  p99=  236,211  (tokens)
  osl     p50=     171  p75=     756  p90=    2,930  p99=    9,460  (tokens)
  tot     in=31,807,927  out=393,114
  trace  theoretical_prefix_cache_hit=93.6%
  srv    prefix_cache_hit=93.1% unique_in_srv=2,183,864 kv_usage=23.4% queue=3r/0w tput_in_srv=13,139/s tput_out_srv=166/s
2026-07-09 11:03:57.714 - records_manager - INFO - [realtime 40:28 profiling]
  rps=0.1 (avg 0.2)  tput_in=12,589/s  tput_out=155/s  done=404 ok=404 err=0
  ttft    p50= 5,172ms  p75=12,156ms  p95= 53,229ms  p99= 77,935ms
  itl     p50=    20ms  p75=    23ms  p95=     31ms  p99=     51ms
  e2e     p50=14,371ms  p75=43,652ms  p95=125,423ms  p99=237,868ms
  intvty  p50=      50  p75=      54  p95=       60  p99=       65  (1/tpot tok/s)
  isl     p50=  64,987  p75= 104,487  p90=  162,339  p99=  236,206  (tokens)
  osl     p50=     172  p75=     739  p90=    2,925  p99=    9,432  (tokens)
  tot     in=31,956,584  out=394,219
  trace  theoretical_prefix_cache_hit=93.6%
  srv    prefix_cache_hit=93.1% unique_in_srv=2,193,483 kv_usage=30.7% queue=4r/0w tput_in_srv=13,087/s tput_out_srv=166/s
2026-07-09 11:04:28.580 - records_manager - INFO - [realtime 40:59 profiling]
  rps=0.1 (avg 0.2)  tput_in=12,546/s  tput_out=154/s  done=408 ok=408 err=0
  ttft    p50= 5,157ms  p75=11,933ms  p95= 53,126ms  p99= 77,911ms
  itl     p50=    20ms  p75=    23ms  p95=     31ms  p99=     51ms
  e2e     p50=14,288ms  p75=43,652ms  p95=125,184ms  p99=235,895ms
  intvty  p50=      50  p75=      54  p95=       60  p99=       65  (1/tpot tok/s)
  isl     p50=  65,369  p75= 104,487  p90=  161,861  p99=  236,195  (tokens)
  osl     p50=     174  p75=     739  p90=    2,905  p99=    9,377  (tokens)
  tot     in=32,326,219  out=397,519
  trace  theoretical_prefix_cache_hit=93.7%
  srv    prefix_cache_hit=93.2% unique_in_srv=2,199,151 kv_usage=31.1% queue=4r/0w tput_in_srv=13,076/s tput_out_srv=166/s
2026-07-09 11:04:59.457 - records_manager - INFO - [realtime 41:30 profiling]
  rps=0.1 (avg 0.2)  tput_in=12,570/s  tput_out=155/s  done=412 ok=412 err=0
  ttft    p50= 5,146ms  p75=11,933ms  p95= 53,023ms  p99= 77,886ms
  itl     p50=    20ms  p75=    23ms  p95=     31ms  p99=     50ms
  e2e     p50=14,265ms  p75=43,652ms  p95=126,443ms  p99=233,922ms
  intvty  p50=      50  p75=      54  p95=       60  p99=       65  (1/tpot tok/s)
  isl     p50=  66,063  p75= 106,041  p90=  161,318  p99=  236,185  (tokens)
  osl     p50=     181  p75=     739  p90=    2,930  p99=    9,322  (tokens)
  tot     in=32,844,103  out=403,875
  trace  theoretical_prefix_cache_hit=93.3%
  srv    prefix_cache_hit=93.3% unique_in_srv=2,203,994 kv_usage=31.3% queue=4r/0w tput_in_srv=13,065/s tput_out_srv=166/s
2026-07-09 11:05:30.331 - records_manager - INFO - [realtime 42:01 profiling]
  rps=0.0 (avg 0.2)  tput_in=12,471/s  tput_out=153/s  done=413 ok=413 err=0
  ttft    p50= 5,133ms  p75=11,917ms  p95= 52,997ms  p99= 77,880ms
  itl     p50=    20ms  p75=    23ms  p95=     31ms  p99=     50ms
  e2e     p50=14,276ms  p75=43,593ms  p95=126,307ms  p99=233,428ms
  intvty  p50=      50  p75=      54  p95=       60  p99=       65  (1/tpot tok/s)
  isl     p50=  66,089  p75= 106,422  p90=  161,183  p99=  236,182  (tokens)
  osl     p50=     181  p75=     765  p90=    2,927  p99=    9,308  (tokens)
  tot     in=32,970,129  out=405,608
  trace  theoretical_prefix_cache_hit=93.3%
  srv    prefix_cache_hit=93.3% unique_in_srv=2,205,285 kv_usage=31.6% queue=4r/0w tput_in_srv=12,962/s tput_out_srv=166/s
2026-07-09 11:06:01.211 - records_manager - INFO - [realtime 42:32 profiling]
  rps=0.1 (avg 0.2)  tput_in=12,503/s  tput_out=154/s  done=417 ok=417 err=0
  ttft    p50= 5,026ms  p75=11,845ms  p95= 52,895ms  p99= 77,855ms
  itl     p50=    20ms  p75=    23ms  p95=     31ms  p99=     50ms
  e2e     p50=14,248ms  p75=43,593ms  p95=125,841ms  p99=231,455ms
  intvty  p50=      49  p75=      54  p95=       60  p99=       65  (1/tpot tok/s)
  isl     p50=  66,182  p75= 107,291  p90=  160,724  p99=  236,171  (tokens)
  osl     p50=     182  p75=     765  p90=    2,942  p99=    9,253  (tokens)
  tot     in=33,440,296  out=410,681
  trace  theoretical_prefix_cache_hit=93.4%
  srv    prefix_cache_hit=93.3% unique_in_srv=2,216,449 kv_usage=23.7% queue=3r/0w tput_in_srv=12,983/s tput_out_srv=166/s
2026-07-09 11:06:32.144 - records_manager - INFO - [realtime 43:03 profiling]
  rps=0.2 (avg 0.2)  tput_in=12,530/s  tput_out=153/s  done=422 ok=422 err=0
  ttft    p50= 4,845ms  p75=11,601ms  p95= 52,768ms  p99= 77,824ms
  itl     p50=    20ms  p75=    23ms  p95=     31ms  p99=     50ms
  e2e     p50=14,265ms  p75=42,940ms  p95=125,543ms  p99=228,988ms
  intvty  p50=      49  p75=      54  p95=       59  p99=       65  (1/tpot tok/s)
  isl     p50=  66,556  p75= 108,570  p90=  160,464  p99=  236,158  (tokens)
  osl     p50=     188  p75=     756  p90=    2,930  p99=    9,183  (tokens)
  tot     in=33,906,581  out=413,638
  trace  theoretical_prefix_cache_hit=93.5%
  srv    prefix_cache_hit=93.4% unique_in_srv=2,220,836 kv_usage=20.2% queue=2r/0w tput_in_srv=12,982/s tput_out_srv=166/s
2026-07-09 11:07:03.187 - records_manager - INFO - [realtime 43:34 profiling]
  rps=0.1 (avg 0.2)  tput_in=12,510/s  tput_out=152/s  done=424 ok=424 err=0
  ttft    p50= 4,778ms  p75=11,435ms  p95= 52,718ms  p99= 77,812ms
  itl     p50=    20ms  p75=    23ms  p95=     31ms  p99=     50ms
  e2e     p50=14,265ms  p75=42,463ms  p95=125,423ms  p99=228,002ms
  intvty  p50=      49  p75=      54  p95=       59  p99=       65  (1/tpot tok/s)
  isl     p50=  66,679  p75= 109,683  p90=  160,360  p99=  236,153  (tokens)
  osl     p50=     190  p75=     739  p90=    2,925  p99=    9,156  (tokens)
  tot     in=34,109,549  out=414,611
  trace  theoretical_prefix_cache_hit=93.5%
  srv    prefix_cache_hit=93.4% unique_in_srv=2,227,914 kv_usage=31.6% queue=4r/0w tput_in_srv=12,985/s tput_out_srv=166/s
2026-07-09 11:07:34.144 - records_manager - INFO - [realtime 44:05 profiling]
  rps=0.2 (avg 0.2)  tput_in=12,569/s  tput_out=153/s  done=430 ok=430 err=0
  ttft    p50= 4,767ms  p75=11,424ms  p95= 52,566ms  p99= 77,774ms
  itl     p50=    20ms  p75=    23ms  p95=     31ms  p99=     50ms
  e2e     p50=14,371ms  p75=42,256ms  p95=126,714ms  p99=225,042ms
  intvty  p50=      49  p75=      54  p95=       59  p99=       65  (1/tpot tok/s)
  isl     p50=  66,950  p75= 110,782  p90=  160,467  p99=  236,137  (tokens)
  osl     p50=     191  p75=     774  p90=    2,934  p99=    9,073  (tokens)
  tot     in=34,792,224  out=423,738
  trace  theoretical_prefix_cache_hit=93.6%
  srv    prefix_cache_hit=93.5% unique_in_srv=2,253,630 kv_usage=31.7% queue=4r/0w tput_in_srv=13,037/s tput_out_srv=166/s
2026-07-09 11:08:05.105 - records_manager - INFO - [realtime 44:36 profiling]
  rps=0.2 (avg 0.2)  tput_in=12,600/s  tput_out=153/s  done=435 ok=435 err=0
  ttft    p50= 4,748ms  p75=11,356ms  p95= 52,440ms  p99= 77,743ms
  itl     p50=    21ms  p75=    23ms  p95=     31ms  p99=     50ms
  e2e     p50=14,569ms  p75=41,473ms  p95=126,036ms  p99=222,575ms
  intvty  p50=      49  p75=      54  p95=       59  p99=       65  (1/tpot tok/s)
  isl     p50=  67,754  p75= 111,164  p90=  160,291  p99=  236,124  (tokens)
  osl     p50=     196  p75=     782  p90=    2,922  p99=    9,004  (tokens)
  tot     in=35,252,234  out=426,698
  trace  theoretical_prefix_cache_hit=93.6%
  srv    prefix_cache_hit=93.4% unique_in_srv=2,304,483 kv_usage=27.6% queue=4r/0w tput_in_srv=13,043/s tput_out_srv=165/s
2026-07-09 11:08:36.099 - records_manager - INFO - [realtime 45:07 profiling]
  rps=0.2 (avg 0.2)  tput_in=12,635/s  tput_out=152/s  done=441 ok=441 err=0
  ttft    p50= 4,712ms  p75=11,318ms  p95= 52,306ms  p99= 77,706ms
  itl     p50=    21ms  p75=    23ms  p95=     32ms  p99=     52ms
  e2e     p50=14,569ms  p75=39,277ms  p95=125,602ms  p99=219,615ms
  intvty  p50=      49  p75=      54  p95=       59  p99=       65  (1/tpot tok/s)
  isl     p50=  67,754  p75= 112,042  p90=  159,708  p99=  236,108  (tokens)
  osl     p50=     193  p75=     784  p90=    2,882  p99=    8,921  (tokens)
  tot     in=35,735,771  out=429,229
  trace  theoretical_prefix_cache_hit=93.7%
  srv    prefix_cache_hit=93.4% unique_in_srv=2,335,226 kv_usage=21.6% queue=4r/2w tput_in_srv=13,073/s tput_out_srv=165/s
2026-07-09 11:09:07.101 - records_manager - INFO - [realtime 45:38 profiling]
  rps=0.2 (avg 0.2)  tput_in=12,715/s  tput_out=157/s  done=447 ok=447 err=0
  ttft    p50= 4,760ms  p75=11,518ms  p95= 52,175ms  p99= 77,669ms
  itl     p50=    21ms  p75=    23ms  p95=     32ms  p99=     52ms
  e2e     p50=14,884ms  p75=39,896ms  p95=127,120ms  p99=249,868ms
  intvty  p50=      49  p75=      54  p95=       59  p99=       65  (1/tpot tok/s)
  isl     p50=  67,754  p75= 112,844  p90=  160,146  p99=  236,092  (tokens)
  osl     p50=     193  p75=     785  p90=    2,913  p99=    9,855  (tokens)
  tot     in=36,342,736  out=447,438
  trace  theoretical_prefix_cache_hit=93.6%
  srv    prefix_cache_hit=93.5% unique_in_srv=2,357,033 kv_usage=34.1% queue=4r/1w tput_in_srv=13,236/s tput_out_srv=165/s
2026-07-09 11:09:38.104 - records_manager - INFO - [realtime 46:09 profiling]
  rps=0.2 (avg 0.2)  tput_in=12,842/s  tput_out=157/s  done=454 ok=454 err=0
  ttft    p50= 4,752ms  p75=11,424ms  p95= 52,022ms  p99= 77,626ms
  itl     p50=    21ms  p75=    23ms  p95=     31ms  p99=     52ms
  e2e     p50=14,814ms  p75=39,121ms  p95=126,172ms  p99=248,718ms
  intvty  p50=      49  p75=      54  p95=       59  p99=       65  (1/tpot tok/s)
  isl     p50=  68,287  p75= 113,472  p90=  159,378  p99=  236,073  (tokens)
  osl     p50=     191  p75=     783  p90=    2,860  p99=    9,811  (tokens)
  tot     in=36,965,859  out=451,204
  trace  theoretical_prefix_cache_hit=93.6%
  srv    prefix_cache_hit=93.5% unique_in_srv=2,396,177 kv_usage=35.5% queue=4r/2w tput_in_srv=13,322/s tput_out_srv=165/s
2026-07-09 11:10:09.099 - records_manager - INFO - [realtime 46:40 profiling]
  rps=0.0 (avg 0.2)  tput_in=12,698/s  tput_out=155/s  done=455 ok=455 err=0
  ttft    p50= 4,748ms  p75=11,419ms  p95= 52,000ms  p99= 77,619ms
  itl     p50=    21ms  p75=    23ms  p95=     31ms  p99=     52ms
  e2e     p50=14,834ms  p75=39,896ms  p95=126,036ms  p99=248,554ms
  intvty  p50=      49  p75=      54  p95=       59  p99=       65  (1/tpot tok/s)
  isl     p50=  68,604  p75= 114,055  p90=  159,269  p99=  236,071  (tokens)
  osl     p50=     193  p75=     785  p90=    2,922  p99=    9,804  (tokens)
  tot     in=37,118,256  out=454,400
  trace  theoretical_prefix_cache_hit=93.7%
  srv    prefix_cache_hit=93.5% unique_in_srv=2,397,656 kv_usage=31.3% queue=4r/1w tput_in_srv=13,175/s tput_out_srv=165/s
2026-07-09 11:10:40.119 - records_manager - INFO - [realtime 47:11 profiling]
  rps=0.2 (avg 0.2)  tput_in=12,752/s  tput_out=155/s  done=460 ok=460 err=0
  ttft    p50= 4,767ms  p75=11,435ms  p95= 51,892ms  p99= 77,589ms
  itl     p50=    21ms  p75=    23ms  p95=     31ms  p99=     52ms
  e2e     p50=14,814ms  p75=41,281ms  p95=125,662ms  p99=247,732ms
  intvty  p50=      48  p75=      54  p95=       59  p99=       65  (1/tpot tok/s)
  isl     p50=  68,921  p75= 113,901  p90=  157,524  p99=  236,057  (tokens)
  osl     p50=     188  p75=     781  p90=    2,890  p99=    9,772  (tokens)
  tot     in=37,455,194  out=454,949
  trace  theoretical_prefix_cache_hit=93.7%
  srv    prefix_cache_hit=93.6% unique_in_srv=2,401,802 kv_usage=36.0% queue=4r/2w tput_in_srv=13,205/s tput_out_srv=165/s
2026-07-09 11:11:11.119 - records_manager - INFO - [realtime 47:42 profiling]
  rps=0.1 (avg 0.2)  tput_in=12,731/s  tput_out=155/s  done=463 ok=463 err=0
  ttft    p50= 4,811ms  p75=11,793ms  p95= 51,827ms  p99= 77,570ms
  itl     p50=    21ms  p75=    23ms  p95=     31ms  p99=     52ms
  e2e     p50=14,884ms  p75=41,473ms  p95=125,483ms  p99=247,239ms
  intvty  p50=      48  p75=      53  p95=       59  p99=       65  (1/tpot tok/s)
  isl     p50=  68,990  p75= 114,055  p90=  156,740  p99=  236,049  (tokens)
  osl     p50=     186  p75=     782  p90=    2,927  p99=    9,753  (tokens)
  tot     in=37,706,710  out=458,222
  trace  theoretical_prefix_cache_hit=93.7%
  srv    prefix_cache_hit=93.6% unique_in_srv=2,409,378 kv_usage=36.3% queue=4r/2w tput_in_srv=13,151/s tput_out_srv=165/s
2026-07-09 11:11:42.114 - records_manager - INFO - [realtime 48:13 profiling]
  rps=0.1 (avg 0.2)  tput_in=12,642/s  tput_out=154/s  done=466 ok=466 err=0
  ttft    p50= 4,845ms  p75=11,901ms  p95= 51,762ms  p99= 77,551ms
  itl     p50=    21ms  p75=    23ms  p95=     31ms  p99=     52ms
  e2e     p50=15,060ms  p75=41,665ms  p95=125,304ms  p99=246,746ms
  intvty  p50=      48  p75=      53  p95=       59  p99=       65  (1/tpot tok/s)
  isl     p50=  69,059  p75= 114,209  p90=  156,001  p99=  236,042  (tokens)
  osl     p50=     185  p75=     783  p90=    2,920  p99=    9,734  (tokens)
  tot     in=37,960,336  out=461,033
  trace  theoretical_prefix_cache_hit=93.7%
  srv    prefix_cache_hit=93.6% unique_in_srv=2,413,759 kv_usage=36.6% queue=4r/2w tput_in_srv=13,098/s tput_out_srv=165/s
2026-07-09 11:12:13.252 - records_manager - INFO - [realtime 48:44 profiling]
  rps=0.2 (avg 0.2)  tput_in=12,735/s  tput_out=153/s  done=473 ok=473 err=0
  ttft    p50= 5,026ms  p75=11,917ms  p95= 51,611ms  p99= 77,508ms
  itl     p50=    21ms  p75=    23ms  p95=     31ms  p99=     55ms
  e2e     p50=15,082ms  p75=40,828ms  p95=124,885ms  p99=245,595ms
  intvty  p50=      48  p75=      53  p95=       59  p99=       65  (1/tpot tok/s)
  isl     p50=  69,152  p75= 115,178  p90=  158,896  p99=  236,023  (tokens)
  osl     p50=     182  p75=     779  p90=    2,868  p99=    9,690  (tokens)
  tot     in=38,641,492  out=464,771
  trace  theoretical_prefix_cache_hit=93.8%
  srv    prefix_cache_hit=93.7% unique_in_srv=2,427,642 kv_usage=37.0% queue=4r/2w tput_in_srv=13,195/s tput_out_srv=165/s
2026-07-09 11:12:44.296 - records_manager - INFO - [realtime 49:15 profiling]
  rps=0.0 (avg 0.2)  tput_in=12,735/s  tput_out=153/s  done=473 ok=473 err=0
  ttft    p50= 5,026ms  p75=11,917ms  p95= 51,611ms  p99= 77,508ms
  itl     p50=    21ms  p75=    23ms  p95=     31ms  p99=     55ms
  e2e     p50=15,082ms  p75=40,828ms  p95=124,885ms  p99=245,595ms
  intvty  p50=      48  p75=      53  p95=       59  p99=       65  (1/tpot tok/s)
  isl     p50=  69,152  p75= 115,178  p90=  158,896  p99=  236,023  (tokens)
  osl     p50=     182  p75=     779  p90=    2,868  p99=    9,690  (tokens)
  tot     in=38,641,492  out=464,771
  trace  theoretical_prefix_cache_hit=93.8%
  srv    prefix_cache_hit=93.7% unique_in_srv=2,427,642 kv_usage=37.3% queue=4r/2w tput_in_srv=13,055/s tput_out_srv=165/s
2026-07-09 11:13:15.353 - records_manager - INFO - [realtime 49:46 profiling]
  rps=0.2 (avg 0.2)  tput_in=12,658/s  tput_out=151/s  done=479 ok=479 err=0
  ttft    p50= 5,084ms  p75=11,988ms  p95= 51,516ms  p99= 77,471ms
  itl     p50=    21ms  p75=    23ms  p95=     31ms  p99=     55ms
  e2e     p50=15,082ms  p75=42,152ms  p95=123,965ms  p99=244,609ms
  intvty  p50=      48  p75=      53  p95=       59  p99=       65  (1/tpot tok/s)
  isl     p50=  69,186  p75= 115,497  p90=  159,927  p99=  236,007  (tokens)
  osl     p50=     181  p75=     776  p90=    2,823  p99=    9,651  (tokens)
  tot     in=39,184,486  out=467,355
  trace  theoretical_prefix_cache_hit=93.8%
  srv    prefix_cache_hit=93.8% unique_in_srv=2,439,278 kv_usage=33.5% queue=4r/2w tput_in_srv=13,076/s tput_out_srv=165/s
2026-07-09 11:13:46.388 - records_manager - INFO - [realtime 50:17 profiling]
  rps=0.0 (avg 0.2)  tput_in=12,658/s  tput_out=151/s  done=479 ok=479 err=0
  ttft    p50= 5,084ms  p75=11,988ms  p95= 51,516ms  p99= 77,471ms
  itl     p50=    21ms  p75=    23ms  p95=     31ms  p99=     55ms
  e2e     p50=15,082ms  p75=42,152ms  p95=123,965ms  p99=244,609ms
  intvty  p50=      48  p75=      53  p95=       59  p99=       65  (1/tpot tok/s)
  isl     p50=  69,186  p75= 115,497  p90=  159,927  p99=  236,007  (tokens)
  osl     p50=     181  p75=     776  p90=    2,823  p99=    9,651  (tokens)
  tot     in=39,184,486  out=467,355
  trace  theoretical_prefix_cache_hit=93.8%
  srv    prefix_cache_hit=93.8% unique_in_srv=2,439,278 kv_usage=33.8% queue=4r/2w tput_in_srv=12,942/s tput_out_srv=165/s
2026-07-09 11:14:17.426 - records_manager - INFO - [realtime 50:48 profiling]
  rps=0.1 (avg 0.2)  tput_in=12,444/s  tput_out=150/s  done=481 ok=481 err=0
  ttft    p50= 5,084ms  p75=12,100ms  p95= 51,870ms  p99= 77,458ms
  itl     p50=    21ms  p75=    23ms  p95=     31ms  p99=     54ms
  e2e     p50=15,306ms  p75=43,178ms  p95=125,602ms  p99=244,280ms
  intvty  p50=      48  p75=      53  p95=       59  p99=       65  (1/tpot tok/s)
  isl     p50=  69,186  p75= 115,693  p90=  160,380  p99=  236,002  (tokens)
  osl     p50=     181  p75=     779  p90=    2,882  p99=    9,639  (tokens)
  tot     in=39,378,762  out=473,421
  trace  theoretical_prefix_cache_hit=93.9%
  srv    prefix_cache_hit=93.8% unique_in_srv=2,443,126 kv_usage=33.6% queue=4r/2w tput_in_srv=12,873/s tput_out_srv=165/s
2026-07-09 11:14:48.449 - records_manager - INFO - [realtime 51:19 profiling]
  rps=0.0 (avg 0.2)  tput_in=12,444/s  tput_out=150/s  done=481 ok=481 err=0
  ttft    p50= 5,084ms  p75=12,100ms  p95= 51,870ms  p99= 77,458ms
  itl     p50=    21ms  p75=    23ms  p95=     31ms  p99=     54ms
  e2e     p50=15,306ms  p75=43,178ms  p95=125,602ms  p99=244,280ms
  intvty  p50=      48  p75=      53  p95=       59  p99=       65  (1/tpot tok/s)
  isl     p50=  69,186  p75= 115,693  p90=  160,380  p99=  236,002  (tokens)
  osl     p50=     181  p75=     779  p90=    2,882  p99=    9,639  (tokens)
  tot     in=39,378,762  out=473,421
  trace  theoretical_prefix_cache_hit=93.9%
  srv    prefix_cache_hit=93.8% unique_in_srv=2,443,126 kv_usage=33.9% queue=4r/2w tput_in_srv=12,743/s tput_out_srv=165/s
2026-07-09 11:14:56.598 - EventLoopMonitor - WARNING - Event loop for worker_bf101f64 is taking too long to run. Overhead: 30.96ms
2026-07-09 11:15:19.599 - records_manager - INFO - [realtime 51:50 profiling]
  rps=0.2 (avg 0.2)  tput_in=12,375/s  tput_out=152/s  done=486 ok=486 err=0
  ttft    p50= 5,128ms  p75=12,525ms  p95= 52,667ms  p99= 77,427ms
  itl     p50=    21ms  p75=    23ms  p95=     31ms  p99=     54ms
  e2e     p50=15,615ms  p75=43,822ms  p95=127,256ms  p99=258,593ms
  intvty  p50=      48  p75=      53  p95=       59  p99=       64  (1/tpot tok/s)
  isl     p50=  69,384  p75= 117,183  p90=  160,503  p99=  235,988  (tokens)
  osl     p50=     181  p75=     783  p90=    2,920  p99=   10,253  (tokens)
  tot     in=40,012,780  out=491,153
  trace  theoretical_prefix_cache_hit=93.9%
  srv    prefix_cache_hit=93.8% unique_in_srv=2,463,136 kv_usage=27.2% queue=4r/0w tput_in_srv=12,789/s tput_out_srv=165/s
2026-07-09 11:15:50.687 - records_manager - INFO - [realtime 52:21 profiling]
  rps=0.1 (avg 0.2)  tput_in=12,397/s  tput_out=152/s  done=488 ok=488 err=0
  ttft    p50= 5,146ms  p75=12,415ms  p95= 52,617ms  p99= 77,415ms
  itl     p50=    21ms  p75=    23ms  p95=     31ms  p99=     54ms
  e2e     p50=15,615ms  p75=43,740ms  p95=126,985ms  p99=258,525ms
  intvty  p50=      48  p75=      53  p95=       59  p99=       64  (1/tpot tok/s)
  isl     p50=  69,384  p75= 117,403  p90=  160,586  p99=  235,983  (tokens)
  osl     p50=     181  p75=     781  p90=    2,905  p99=   10,239  (tokens)
  tot     in=40,208,224  out=491,682
  trace  theoretical_prefix_cache_hit=93.9%
  srv    prefix_cache_hit=93.9% unique_in_srv=2,464,501 kv_usage=34.5% queue=4r/3w tput_in_srv=12,761/s tput_out_srv=165/s
2026-07-09 11:16:21.748 - records_manager - INFO - [realtime 52:52 profiling]
  rps=0.0 (avg 0.2)  tput_in=12,397/s  tput_out=152/s  done=488 ok=488 err=0
  ttft    p50= 5,146ms  p75=12,415ms  p95= 52,617ms  p99= 77,415ms
  itl     p50=    21ms  p75=    23ms  p95=     31ms  p99=     54ms
  e2e     p50=15,615ms  p75=43,740ms  p95=126,985ms  p99=258,525ms
  intvty  p50=      48  p75=      53  p95=       59  p99=       64  (1/tpot tok/s)
  isl     p50=  69,384  p75= 117,403  p90=  160,586  p99=  235,983  (tokens)
  osl     p50=     181  p75=     781  p90=    2,905  p99=   10,239  (tokens)
  tot     in=40,208,224  out=491,682
  trace  theoretical_prefix_cache_hit=93.9%
  srv    prefix_cache_hit=93.9% unique_in_srv=2,464,501 kv_usage=34.8% queue=4r/3w tput_in_srv=12,636/s tput_out_srv=166/s
2026-07-09 11:16:52.780 - records_manager - INFO - [realtime 53:23 profiling]
  rps=0.1 (avg 0.1)  tput_in=12,203/s  tput_out=152/s  done=490 ok=490 err=0
  ttft    p50= 5,146ms  p75=12,525ms  p95= 53,074ms  p99= 77,403ms
  itl     p50=    21ms  p75=    23ms  p95=     31ms  p99=     54ms
  e2e     p50=15,629ms  p75=44,094ms  p95=128,966ms  p99=258,456ms
  intvty  p50=      48  p75=      53  p95=       59  p99=       64  (1/tpot tok/s)
  isl     p50=  69,384  p75= 117,183  p90=  160,565  p99=  235,978  (tokens)
  osl     p50=     181  p75=     783  p90=    2,934  p99=   10,224  (tokens)
  tot     in=40,331,176  out=500,977
  trace  theoretical_prefix_cache_hit=93.9%
  srv    prefix_cache_hit=93.6% unique_in_srv=2,588,410 kv_usage=35.9% queue=4r/2w tput_in_srv=12,525/s tput_out_srv=164/s
2026-07-09 11:17:23.903 - records_manager - INFO - [realtime 53:54 profiling]
  rps=0.0 (avg 0.1)  tput_in=12,203/s  tput_out=152/s  done=490 ok=490 err=0
  ttft    p50= 5,146ms  p75=12,525ms  p95= 53,074ms  p99= 77,403ms
  itl     p50=    21ms  p75=    23ms  p95=     31ms  p99=     54ms
  e2e     p50=15,629ms  p75=44,094ms  p95=128,966ms  p99=258,456ms
  intvty  p50=      48  p75=      53  p95=       59  p99=       64  (1/tpot tok/s)
  isl     p50=  69,384  p75= 117,183  p90=  160,565  p99=  235,978  (tokens)
  osl     p50=     181  p75=     783  p90=    2,934  p99=   10,224  (tokens)
  tot     in=40,331,176  out=500,977
  trace  theoretical_prefix_cache_hit=93.9%
  srv    prefix_cache_hit=93.6% unique_in_srv=2,588,410 kv_usage=36.5% queue=4r/2w tput_in_srv=12,456/s tput_out_srv=164/s
2026-07-09 11:17:55.101 - records_manager - INFO - [realtime 54:26 profiling]
  rps=0.0 (avg 0.1)  tput_in=12,203/s  tput_out=152/s  done=490 ok=490 err=0
  ttft    p50= 5,146ms  p75=12,525ms  p95= 53,074ms  p99= 77,403ms
  itl     p50=    21ms  p75=    23ms  p95=     31ms  p99=     54ms
  e2e     p50=15,629ms  p75=44,094ms  p95=128,966ms  p99=258,456ms
  intvty  p50=      48  p75=      53  p95=       59  p99=       64  (1/tpot tok/s)
  isl     p50=  69,384  p75= 117,183  p90=  160,565  p99=  235,978  (tokens)
  osl     p50=     181  p75=     783  p90=    2,934  p99=   10,224  (tokens)
  tot     in=40,331,176  out=500,977
  trace  theoretical_prefix_cache_hit=93.9%
  srv    prefix_cache_hit=93.6% unique_in_srv=2,588,410 kv_usage=36.8% queue=4r/2w tput_in_srv=12,337/s tput_out_srv=165/s
2026-07-09 11:18:26.162 - records_manager - INFO - [realtime 54:57 profiling]
  rps=0.0 (avg 0.1)  tput_in=11,867/s  tput_out=149/s  done=491 ok=491 err=0
  ttft    p50= 5,137ms  p75=12,470ms  p95= 53,048ms  p99= 77,396ms
  itl     p50=    21ms  p75=    23ms  p95=     31ms  p99=     54ms
  e2e     p50=15,652ms  p75=44,444ms  p95=130,533ms  p99=258,422ms
  intvty  p50=      48  p75=      53  p95=       59  p99=       64  (1/tpot tok/s)
  isl     p50=  69,610  p75= 117,407  p90=  160,692  p99=  235,975  (tokens)
  osl     p50=     182  p75=     785  p90=    3,005  p99=   10,217  (tokens)
  tot     in=40,496,838  out=507,714
  trace  theoretical_prefix_cache_hit=93.9%
  srv    prefix_cache_hit=93.6% unique_in_srv=2,589,062 kv_usage=39.0% queue=4r/2w tput_in_srv=12,270/s tput_out_srv=165/s
2026-07-09 11:18:57.224 - records_manager - INFO - [realtime 55:28 profiling]
  rps=0.1 (avg 0.1)  tput_in=11,822/s  tput_out=148/s  done=494 ok=494 err=0
  ttft    p50= 5,156ms  p75=12,702ms  p95= 56,111ms  p99= 79,893ms
  itl     p50=    21ms  p75=    23ms  p95=     31ms  p99=     54ms
  e2e     p50=16,280ms  p75=45,581ms  p95=134,608ms  p99=258,319ms
  intvty  p50=      48  p75=      53  p95=       59  p99=       64  (1/tpot tok/s)
  isl     p50=  69,384  p75= 117,412  p90=  160,823  p99=  235,967  (tokens)
  osl     p50=     181  p75=     786  p90=    2,968  p99=   10,195  (tokens)
  tot     in=40,720,667  out=509,028
  trace  theoretical_prefix_cache_hit=93.9%
  srv    prefix_cache_hit=93.6% unique_in_srv=2,615,116 kv_usage=39.3% queue=4r/2w tput_in_srv=12,224/s tput_out_srv=165/s
2026-07-09 11:19:28.275 - records_manager - INFO - [realtime 55:59 profiling]
  rps=0.2 (avg 0.1)  tput_in=11,837/s  tput_out=147/s  done=500 ok=500 err=0
  ttft    p50= 5,172ms  p75=12,751ms  p95= 55,515ms  p99= 79,653ms
  itl     p50=    21ms  p75=    23ms  p95=     31ms  p99=     54ms
  e2e     p50=16,280ms  p75=44,283ms  p95=134,219ms  p99=257,593ms
  intvty  p50=      48  p75=      53  p95=       59  p99=       64  (1/tpot tok/s)
  isl     p50=  69,197  p75= 117,420  p90=  161,684  p99=  235,936  (tokens)
  osl     p50=     181  p75=     781  p90=    2,934  p99=   10,155  (tokens)
  tot     in=41,180,888  out=510,437
  trace  theoretical_prefix_cache_hit=94.0%
  srv    prefix_cache_hit=93.6% unique_in_srv=2,624,706 kv_usage=39.8% queue=4r/2w tput_in_srv=12,248/s tput_out_srv=165/s
2026-07-09 11:19:59.359 - records_manager - INFO - [realtime 56:30 profiling]
  rps=0.2 (avg 0.1)  tput_in=11,917/s  tput_out=155/s  done=506 ok=506 err=0
  ttft    p50= 5,296ms  p75=12,803ms  p95= 56,417ms  p99= 86,331ms
  itl     p50=    21ms  p75=    23ms  p95=     31ms  p99=     54ms
  e2e     p50=16,357ms  p75=44,605ms  p95=136,968ms  p99=265,542ms
  intvty  p50=      48  p75=      53  p95=       59  p99=       64  (1/tpot tok/s)
  isl     p50=  69,197  p75= 118,222  p90=  162,944  p99=  235,897  (tokens)
  osl     p50=     181  p75=     786  p90=    3,066  p99=   10,839  (tokens)
  tot     in=41,845,959  out=545,397
  trace  theoretical_prefix_cache_hit=93.7%
  srv    prefix_cache_hit=93.6% unique_in_srv=2,655,802 kv_usage=31.8% queue=4r/1w tput_in_srv=12,298/s tput_out_srv=164/s
2026-07-09 11:20:30.505 - records_manager - INFO - [realtime 57:01 profiling]
  rps=0.1 (avg 0.1)  tput_in=11,928/s  tput_out=155/s  done=510 ok=510 err=0
  ttft    p50= 5,337ms  p75=13,116ms  p95= 56,264ms  p99= 86,037ms
  itl     p50=    21ms  p75=    23ms  p95=     31ms  p99=     53ms
  e2e     p50=16,357ms  p75=44,094ms  p95=136,100ms  p99=265,371ms
  intvty  p50=      48  p75=      53  p95=       59  p99=       64  (1/tpot tok/s)
  isl     p50=  69,175  p75= 118,222  p90=  162,991  p99=  235,871  (tokens)
  osl     p50=     175  p75=     783  p90=    3,017  p99=   10,810  (tokens)
  tot     in=42,125,331  out=546,213
  trace  theoretical_prefix_cache_hit=93.8%
  srv    prefix_cache_hit=93.7% unique_in_srv=2,663,005 kv_usage=39.8% queue=4r/2w tput_in_srv=12,310/s tput_out_srv=164/s
2026-07-09 11:21:01.668 - records_manager - INFO - [realtime 57:32 profiling]
  rps=0.2 (avg 0.1)  tput_in=11,957/s  tput_out=154/s  done=516 ok=516 err=0
  ttft    p50= 5,406ms  p75=13,259ms  p95= 56,035ms  p99= 85,597ms
  itl     p50=    21ms  p75=    23ms  p95=     31ms  p99=     53ms
  e2e     p50=16,357ms  p75=43,905ms  p95=134,797ms  p99=265,113ms
  intvty  p50=      48  p75=      53  p95=       59  p99=       64  (1/tpot tok/s)
  isl     p50=  69,128  p75= 118,390  p90=  163,166  p99=  235,832  (tokens)
  osl     p50=     174  p75=     781  p90=    2,944  p99=   10,766  (tokens)
  tot     in=42,750,153  out=549,029
  trace  theoretical_prefix_cache_hit=93.8%
  srv    prefix_cache_hit=93.8% unique_in_srv=2,666,519 kv_usage=39.9% queue=4r/1w tput_in_srv=12,313/s tput_out_srv=164/s
2026-07-09 11:21:32.827 - records_manager - INFO - [realtime 58:03 profiling]
  rps=0.1 (avg 0.1)  tput_in=12,008/s  tput_out=153/s  done=520 ok=520 err=0
  ttft    p50= 5,461ms  p75=13,257ms  p95= 55,515ms  p99= 85,303ms
  itl     p50=    21ms  p75=    23ms  p95=     31ms  p99=     53ms
  e2e     p50=16,280ms  p75=43,905ms  p95=134,755ms  p99=264,941ms
  intvty  p50=      48  p75=      53  p95=       59  p99=       64  (1/tpot tok/s)
  isl     p50=  69,128  p75= 119,293  p90=  164,469  p99=  235,806  (tokens)
  osl     p50=     172  p75=     781  p90=    3,017  p99=   10,736  (tokens)
  tot     in=43,235,752  out=552,669
  trace  theoretical_prefix_cache_hit=93.9%
  srv    prefix_cache_hit=93.8% unique_in_srv=2,683,506 kv_usage=33.6% queue=4r/5w tput_in_srv=12,375/s tput_out_srv=164/s
2026-07-09 11:22:04.065 - records_manager - INFO - [realtime 58:35 profiling]
  rps=0.3 (avg 0.1)  tput_in=12,125/s  tput_out=154/s  done=530 ok=530 err=0
  ttft    p50= 5,669ms  p75=13,971ms  p95= 54,214ms  p99= 84,569ms
  itl     p50=    21ms  p75=    23ms  p95=     31ms  p99=     53ms
  e2e     p50=16,423ms  p75=43,696ms  p95=134,650ms  p99=264,512ms
  intvty  p50=      48  p75=      53  p95=       59  p99=       64  (1/tpot tok/s)
  isl     p50=  68,921  p75= 119,336  p90=  165,063  p99=  236,137  (tokens)
  osl     p50=     174  p75=     778  p90=    3,017  p99=   10,663  (tokens)
  tot     in=44,101,477  out=559,385
  trace  theoretical_prefix_cache_hit=93.9%
  srv    prefix_cache_hit=93.8% unique_in_srv=2,733,285 kv_usage=20.1% queue=4r/4w tput_in_srv=12,450/s tput_out_srv=164/s
2026-07-09 11:22:35.225 - records_manager - INFO - [realtime 59:06 profiling]
  rps=0.1 (avg 0.1)  tput_in=12,063/s  tput_out=153/s  done=534 ok=534 err=0
  ttft    p50= 5,730ms  p75=13,819ms  p95= 53,694ms  p99= 84,275ms
  itl     p50=    21ms  p75=    23ms  p95=     31ms  p99=     53ms
  e2e     p50=16,423ms  p75=43,534ms  p95=134,608ms  p99=264,341ms
  intvty  p50=      48  p75=      53  p95=       59  p99=       64  (1/tpot tok/s)
  isl     p50=  68,047  p75= 118,842  p90=  164,775  p99=  236,126  (tokens)
  osl     p50=     172  p75=     778  p90=    2,968  p99=   10,634  (tokens)
  tot     in=44,230,811  out=560,948
  trace  theoretical_prefix_cache_hit=93.9%
  srv    prefix_cache_hit=93.8% unique_in_srv=2,738,753 kv_usage=29.6% queue=4r/4w tput_in_srv=12,416/s tput_out_srv=164/s
2026-07-09 11:23:06.384 - records_manager - INFO - [realtime 59:37 profiling]
  rps=0.1 (avg 0.1)  tput_in=11,996/s  tput_out=153/s  done=538 ok=538 err=0
  ttft    p50= 5,821ms  p75=14,056ms  p95= 53,383ms  p99= 83,982ms
  itl     p50=    21ms  p75=    23ms  p95=     31ms  p99=     53ms
  e2e     p50=16,540ms  p75=44,094ms  p95=134,403ms  p99=264,169ms
  intvty  p50=      48  p75=      53  p95=       59  p99=       64  (1/tpot tok/s)
  isl     p50=  66,950  p75= 118,222  p90=  164,630  p99=  236,116  (tokens)
  osl     p50=     175  p75=     778  p90=    2,939  p99=   10,605  (tokens)
  tot     in=44,369,655  out=564,344
  trace  theoretical_prefix_cache_hit=93.9%
  srv    prefix_cache_hit=93.8% unique_in_srv=2,742,890 kv_usage=30.9% queue=4r/4w tput_in_srv=12,352/s tput_out_srv=164/s
2026-07-09 11:23:13.213 - EventLoopMonitor - WARNING - Event loop for worker_bf101f64 is taking too long to run. Overhead: 35.17ms
2026-07-09 11:23:29.034 - PhaseRunner - INFO - Timeout of 3599.997788085s elapsed for event 'profiling phase sending'
2026-07-09 11:23:29.034 - PhaseRunner - NOTICE - Phase profiling sending complete | sent=550, completed=542, in_flight=8 | sessions: sent=8, completed=8 | timeout_triggered=True
2026-07-09 11:23:29.035 - PhaseRunner - INFO - Waiting for event 'profiling phase credits returned' with timeout of 29.99876491299983s
2026-07-09 11:23:29.035 - records_manager - INFO - Sent 550 requests. Waiting for all to complete...
2026-07-09 11:23:37.626 - records_manager - INFO - [realtime 1:00:08 profiling]
  rps=0.2 (avg 0.1)  tput_in=11,997/s  tput_out=157/s  done=544 ok=544 err=0
  ttft    p50= 5,863ms  p75=14,203ms  p95= 53,229ms  p99= 83,541ms
  itl     p50=    21ms  p75=    23ms  p95=     31ms  p99=     52ms
  e2e     p50=16,652ms  p75=44,283ms  p95=134,713ms  p99=275,479ms
  intvty  p50=      48  p75=      53  p95=       59  p99=       64  (1/tpot tok/s)
  isl     p50=  66,679  p75= 118,054  p90=  164,628  p99=  236,100  (tokens)
  osl     p50=     175  p75=     778  p90=    2,968  p99=   11,612  (tokens)
  tot     in=44,732,075  out=584,064
  trace  theoretical_prefix_cache_hit=93.9%
  srv    prefix_cache_hit=93.8% unique_in_srv=2,772,901 kv_usage=22.8% queue=4r/2w tput_in_srv=12,317/s tput_out_srv=164/s
2026-07-09 11:23:59.034 - PhaseRunner - INFO - Timeout of 29.99876491299983s elapsed for event 'profiling phase credits returned'
2026-07-09 11:23:59.034 - PhaseRunner - WARNING - Phase profiling timed out, cancelling all credits. Stats: sent=550, completed=547, cancelled=0, in_flight=3
2026-07-09 11:23:59.034 - StickyCreditRouter_7e8517e3 - INFO - Sent cancellation requests for 3 in-flight credits across 2 workers
2026-07-09 11:23:59.034 - PhaseRunner - INFO - Waiting for all cancelled credits to be returned for phase profiling. Need 3 more credits.
2026-07-09 11:24:08.829 - records_manager - INFO - [realtime 1:00:39 profiling]
  rps=0.1 (avg 0.1)  tput_in=12,018/s  tput_out=157/s  done=547 ok=547 err=0
  ttft    p50= 5,969ms  p75=14,394ms  p95= 53,151ms  p99= 83,321ms
  itl     p50=    21ms  p75=    23ms  p95=     31ms  p99=     52ms
  e2e     p50=16,978ms  p75=45,253ms  p95=134,681ms  p99=274,930ms
  intvty  p50=      48  p75=      53  p95=       59  p99=       64  (1/tpot tok/s)
  isl     p50=  66,794  p75= 118,616  p90=  165,188  p99=  236,092  (tokens)
  osl     p50=     181  p75=     782  p90=    3,054  p99=   11,572  (tokens)
  tot     in=45,106,836  out=589,671
  trace  theoretical_prefix_cache_hit=93.9%
  srv    prefix_cache_hit=93.7% unique_in_srv=2,793,196 kv_usage=0.0% queue=0r/0w tput_in_srv=12,265/s tput_out_srv=164/s
2026-07-09 11:24:09.034 - PhaseRunner - ERROR - Timeout waiting 10.0s for cancelled credits to return. Some credits may be stuck. Forcing phase completion.
2026-07-09 11:24:09.034 - PhaseRunner - INFO - Session-tree slots for phase profiling: peak_open=4 (target concurrency 4); released 2 still-open at teardown; late_events=0
2026-07-09 11:24:09.034 - PhaseRunner - NOTICE - Phase profiling complete | completed=547, cancelled=3, errors=0 | sessions: completed=8, cancelled=0 | elapsed=3640.00s | grace_period_timeout=True
2026-07-09 11:24:09.035 - aiperf.timing.branch_orchestrator - INFO - BranchOrchestrator stats: spawned=67 completed=39 errored=0 suspended=7 resumed=7 parents_failed_due_to_child_error=0 joins_suppressed=0 delayed=61
2026-07-09 11:24:09.035 - aiperf.timing.branch_orchestrator - WARNING - BranchOrchestrator leaked state at cleanup: 0 active_joins, 0 future_joins, 12 tracked children, 1 parents with descendants
2026-07-09 11:24:09.035 - PhaseRunner - INFO - Session-tree slots for phase profiling: peak_open=4 (target concurrency 4); released 0 still-open at teardown; late_events=0
2026-07-09 11:24:09.035 - PhaseOrchestrator_d931bcda - NOTICE - All credits completed
2026-07-09 11:24:09.035 - records_manager - INFO - Received CREDIT_PHASE_COMPLETE message, Phase complete: PhaseRecordsStats(phase=CreditPhase.PROFILING, start_ns=1783592609033941900, sent_end_ns=1783596209034554789, requests_end_ns=1783596249034685342, total_expected_requests=None, expected_duration_sec=None, expected_num_sessions=None, expected_grace_period_sec=None, final_requests_sent=None, final_requests_completed=547, final_requests_cancelled=3, final_request_errors=0, final_sent_sessions=None, final_completed_sessions=None, final_cancelled_sessions=None, timeout_triggered=True, grace_period_timeout_triggered=True, was_cancelled=False, records_end_ns=None, success_records=547, error_records=0)
2026-07-09 11:24:09.036 - records_manager - NOTICE - All requests have completed, please wait for the results to be processed (currently 547 of 547 records processed)...
2026-07-09 11:24:09.036 - records_manager - INFO - Processed 547 valid requests and 0 errors (547 total).
2026-07-09 11:24:09.036 - records_manager - INFO - Received all records, processing now...
2026-07-09 11:24:09.036 - system_controller - INFO - Received credits complete from 'timing_manager'
2026-07-09 11:24:09.036 - records_manager - INFO - All credits complete, please wait for the results to be processed...
2026-07-09 11:24:09.036 - server_metrics_manager - INFO - Server Metrics: Profiling complete, capturing final metrics...
2026-07-09 11:24:09.037 - records_manager - INFO - Waiting 2.0s for server metrics flush period...
2026-07-09 11:24:11.035 - records_manager - INFO - Processing records results...
2026-07-09 11:24:12.666 - system_controller - INFO - Waiting for server metrics results...
2026-07-09 11:24:14.843 - records_manager - INFO - _finalize_and_process_results completed
2026-07-09 11:24:15.462 - system_controller - INFO - All results received, initiating shutdown
2026-07-09 11:24:16.065 - ExporterManager - INFO - Exporting all records
2026-07-09 11:24:16.228 - aiperf.common.scenario.validator - INFO - Scenario 'inferencex-agentx-mvp': setting timing_mode=agentic_replay (was at default request_rate).
2026-07-09 11:24:17.813 - aiperf.common.scenario.validator - INFO - Scenario 'inferencex-agentx-mvp': setting timing_mode=agentic_replay (was at default request_rate).
2026-07-09 11:24:17.940 - ExporterManager - INFO - Exporting console data
